player_id,player_name,team_name,games_used,stint_count,possessions,sec_played,min_played,min_played_str,sec_per_game,min_per_game,min_per_game_str,PTS,PTS_per_game,PTS_per100,PTS_per36,FGA,FGA_per_game,FGA_per100,FGA_per36,FGM,FGM_per_game,FGM_per100,FGM_per36,2PA,2PA_per_game,2PA_per100,2PA_per36,2PM,2PM_per_game,2PM_per100,2PM_per36,3PA,3PA_per_game,3PA_per100,3PA_per36,3PM,3PM_per_game,3PM_per100,3PM_per36,FTA,FTA_per_game,FTA_per100,FTA_per36,FTM,FTM_per_game,FTM_per100,FTM_per36,ORB,ORB_per_game,ORB_per100,ORB_per36,DRB,DRB_per_game,DRB_per100,DRB_per36,AST,AST_per_game,AST_per100,AST_per36,STL,STL_per_game,STL_per100,STL_per36,BLK,BLK_per_game,BLK_per100,BLK_per36,TOV,TOV_per_game,TOV_per100,TOV_per36,Fouls,Fouls_per_game,Fouls_per100,Fouls_per36,FT_allowed,FT_allowed_per_game,FT_allowed_per100,FT_allowed_per36,ORtg,DRtg,NetRtg,PM_total,PM_per_game,PM_per100,PACE,eFG,TS,FG2_pct,FG3_pct,FT_pct,TOV_pct,AST_ratio,USG_pct,ORB_pct,DRB_pct,TRB_pct,STL_per100poss,BLK_per100poss,Foul_per_poss,FT_allowed_rate_per100,FT_rate,rapm_per100,orapm_per100,drapm_per100,on_court_poss,games_played,poss_per_game
21,李愷諺,新北國王,21,2545,3036.0,39279.0,654.65,654:39,1870.43,31.17,31:10,237.0,11.29,7.81,13.03,220.0,10.48,7.25,12.1,82.0,3.9,2.7,4.51,141.0,6.71,4.64,7.75,62.0,2.95,2.04,3.41,79.0,3.76,2.6,4.34,20.0,0.95,0.66,1.1,75.0,3.57,2.47,4.12,53.0,2.52,1.75,2.91,23.0,1.1,0.76,1.26,55.0,2.62,1.81,3.02,85.0,4.05,2.8,4.67,33.0,1.57,1.09,1.81,9.0,0.43,0.3,0.49,53.0,2.52,1.75,2.91,53.0,2.52,1.75,2.91,293.0,13.95,9.65,16.11,43.87,44.2,-0.33,-10.0,-0.48,-0.33,111.3,0.42,0.47,0.44,0.25,0.71,0.17,0.21,10.08,0.05,0.24,0.11,1.09,0.3,0.02,9.65,0.34,0.41,-0.0,-0.54,3036.0,21,144.6
25,林金榜,新北國王,21,639,775.0,9858.0,164.3,164:18,469.43,7.82,07:49,31.0,1.48,4.0,6.79,37.0,1.76,4.77,8.11,10.0,0.48,1.29,2.19,15.0,0.71,1.94,3.29,4.0,0.19,0.52,0.88,22.0,1.05,2.84,4.82,6.0,0.29,0.77,1.31,8.0,0.38,1.03,1.75,5.0,0.24,0.65,1.1,3.0,0.14,0.39,0.66,13.0,0.62,1.68,2.85,11.0,0.52,1.42,2.41,6.0,0.29,0.77,1.31,1.0,0.05,0.13,0.22,3.0,0.14,0.39,0.66,25.0,1.19,3.23,5.48,75.0,3.57,9.68,16.43,40.13,40.39,-0.26,-2.0,-0.1,-0.26,113.21,0.35,0.38,0.27,0.27,0.62,0.07,0.12,5.62,0.03,0.19,0.08,0.77,0.13,0.03,9.68,0.22,-0.04,-1.0,-0.99,775.0,21,36.9
29,林書緯,新北國王,28,3956,4661.0,61316.0,1021.93,1021:56,2189.86,36.5,36:30,351.0,12.54,7.53,12.36,348.0,12.43,7.47,12.26,134.0,4.79,2.87,4.72,200.0,7.14,4.29,7.05,84.0,3.0,1.8,2.96,148.0,5.29,3.18,5.21,50.0,1.79,1.07,1.76,40.0,1.43,0.86,1.41,33.0,1.18,0.71,1.16,22.0,0.79,0.47,0.78,70.0,2.5,1.5,2.47,193.0,6.89,4.14,6.8,31.0,1.11,0.67,1.09,8.0,0.29,0.17,0.28,83.0,2.96,1.78,2.92,50.0,1.79,1.07,1.76,484.0,17.29,10.38,17.05,45.53,45.72,-0.19,-9.0,-0.32,-0.19,109.46,0.46,0.48,0.42,0.34,0.82,0.19,0.29,9.62,0.03,0.19,0.08,0.67,0.17,0.01,10.38,0.11,0.46,1.08,0.6,4661.0,28,166.5
10875,傑登,新北國王,18,2190,2627.0,33172.0,552.87,552:52,1842.89,30.71,30:43,304.0,16.89,11.57,19.8,243.0,13.5,9.25,15.82,125.0,6.94,4.76,8.14,208.0,11.56,7.92,13.54,119.0,6.61,4.53,7.75,35.0,1.94,1.33,2.28,6.0,0.33,0.23,0.39,94.0,5.22,3.58,6.12,48.0,2.67,1.83,3.13,70.0,3.89,2.66,4.56,110.0,6.11,4.19,7.16,31.0,1.72,1.18,2.02,16.0,0.89,0.61,1.04,8.0,0.44,0.3,0.52,37.0,2.06,1.41,2.41,57.0,3.17,2.17,3.71,304.0,16.89,11.57,19.8,43.47,44.8,-1.33,-35.0,-1.94,-1.33,114.04,0.53,0.53,0.57,0.17,0.51,0.12,0.1,12.23,0.14,0.42,0.24,0.61,0.3,0.02,11.57,0.39,-0.48,0.02,0.39,2627.0,18,145.9
10876,尚迪,新北國王,7,779,952.0,11513.0,191.88,191:53,1644.71,27.41,27:25,78.0,11.14,8.19,14.63,80.0,11.43,8.4,15.01,31.0,4.43,3.26,5.82,48.0,6.86,5.04,9.01,26.0,3.71,2.73,4.88,32.0,4.57,3.36,6.0,5.0,0.71,0.53,0.94,17.0,2.43,1.79,3.19,11.0,1.57,1.16,2.06,17.0,2.43,1.79,3.19,32.0,4.57,3.36,6.0,9.0,1.29,0.95,1.69,6.0,0.86,0.63,1.13,2.0,0.29,0.21,0.38,16.0,2.29,1.68,3.0,17.0,2.43,1.79,3.19,105.0,15.0,11.03,19.7,39.81,41.91,-2.1,-20.0,-2.86,-2.1,119.07,0.42,0.45,0.54,0.16,0.65,0.15,0.08,10.87,0.11,0.31,0.19,0.63,0.21,0.02,11.03,0.21,-1.16,-1.52,-0.5,952.0,7,136.0
110,胡瓏貿,高雄全家海神,32,3409,4065.0,54980.0,916.33,916:20,1718.12,28.64,28:38,359.0,11.22,8.83,14.1,242.0,7.56,5.95,9.51,110.0,3.44,2.71,4.32,108.0,3.38,2.66,4.24,49.0,1.53,1.21,1.93,134.0,4.19,3.3,5.26,61.0,1.91,1.5,2.4,107.0,3.34,2.63,4.2,78.0,2.44,1.92,3.06,29.0,0.91,0.71,1.14,81.0,2.53,1.99,3.18,65.0,2.03,1.6,2.55,27.0,0.84,0.66,1.06,6.0,0.19,0.15,0.24,53.0,1.66,1.3,2.08,102.0,3.19,2.51,4.01,410.0,12.81,10.09,16.11,44.01,46.74,-2.73,-111.0,-3.47,-2.73,106.47,0.58,0.62,0.45,0.46,0.73,0.15,0.12,8.42,0.04,0.24,0.11,0.66,0.15,0.03,10.09,0.44,0.1,0.42,0.22,4065.0,32,127.0
118,蘇文儒,高雄全家海神,24,3083,3686.0,50522.0,842.03,842:02,2105.08,35.08,35:05,308.0,12.83,8.36,13.17,242.0,10.08,6.57,10.35,103.0,4.29,2.79,4.4,95.0,3.96,2.58,4.06,44.0,1.83,1.19,1.88,147.0,6.12,3.99,6.28,59.0,2.46,1.6,2.52,51.0,2.12,1.38,2.18,43.0,1.79,1.17,1.84,31.0,1.29,0.84,1.33,81.0,3.38,2.2,3.46,66.0,2.75,1.79,2.82,26.0,1.08,0.71,1.11,5.0,0.21,0.14,0.21,41.0,1.71,1.11,1.75,94.0,3.92,2.55,4.02,398.0,16.58,10.8,17.02,44.49,46.26,-1.76,-65.0,-2.71,-1.76,105.06,0.55,0.58,0.46,0.4,0.84,0.13,0.14,8.29,0.05,0.26,0.12,0.71,0.14,0.03,10.8,0.21,1.5,1.05,-0.35,3686.0,24,153.6
121,吳曉謹,高雄全家海神,31,2349,2829.0,37382.0,623.03,623:02,1205.87,20.1,20:06,168.0,5.42,5.94,9.71,169.0,5.45,5.97,9.77,60.0,1.94,2.12,3.47,64.0,2.06,2.26,3.7,27.0,0.87,0.95,1.56,105.0,3.39,3.71,6.07,33.0,1.06,1.17,1.91,21.0,0.68,0.74,1.21,15.0,0.48,0.53,0.87,32.0,1.03,1.13,1.85,15.0,0.48,0.53,0.87,18.0,0.58,0.64,1.04,21.0,0.68,0.74,1.21,3.0,0.1,0.11,0.17,22.0,0.71,0.78,1.27,49.0,1.58,1.73,2.83,329.0,10.61,11.63,19.01,42.63,49.52,-6.89,-195.0,-6.29,-6.89,108.98,0.45,0.47,0.42,0.31,0.71,0.11,0.05,7.08,0.07,0.08,0.07,0.74,0.11,0.02,11.63,0.12,-2.19,0.09,2.36,2829.0,31,91.3
10892,詹姆斯,高雄全家海神,4,527,657.0,8106.0,135.1,135:06,2026.5,33.78,33:46,92.0,23.0,14.0,24.52,79.0,19.75,12.02,21.05,35.0,8.75,5.33,9.33,59.0,14.75,8.98,15.72,33.0,8.25,5.02,8.79,20.0,5.0,3.04,5.33,2.0,0.5,0.3,0.53,28.0,7.0,4.26,7.46,20.0,5.0,3.04,5.33,7.0,1.75,1.07,1.87,31.0,7.75,4.72,8.26,19.0,4.75,2.89,5.06,8.0,2.0,1.22,2.13,2.0,0.5,0.3,0.53,23.0,5.75,3.5,6.13,10.0,2.5,1.52,2.66,88.0,22.0,13.39,23.45,40.33,44.75,-4.41,-29.0,-7.25,-4.41,116.71,0.46,0.5,0.56,0.1,0.71,0.2,0.33,17.4,0.06,0.34,0.19,1.22,0.3,0.02,13.39,0.35,-0.85,-0.71,0.07,657.0,4,164.2
10894,凱帝,高雄全家海神,12,1356,1630.0,21607.0,360.12,360:07,1800.58,30.01,30:01,189.0,15.75,11.6,18.89,149.0,12.42,9.14,14.9,61.0,5.08,3.74,6.1,96.0,8.0,5.89,9.6,49.0,4.08,3.01,4.9,53.0,4.42,3.25,5.3,12.0,1.0,0.74,1.2,72.0,6.0,4.42,7.2,55.0,4.58,3.37,5.5,33.0,2.75,2.02,3.3,81.0,6.75,4.97,8.1,16.0,1.33,0.98,1.6,9.0,0.75,0.55,0.9,9.0,0.75,0.55,0.9,22.0,1.83,1.35,2.2,34.0,2.83,2.09,3.4,164.0,13.67,10.06,16.39,42.94,45.71,-2.76,-45.0,-3.75,-2.76,108.63,0.45,0.52,0.51,0.23,0.76,0.11,0.09,12.43,0.12,0.41,0.24,0.55,0.55,0.02,10.06,0.48,-0.12,0.07,0.17,1630.0,12,135.8
24,蘇士軒,新北國王,27,1803,2102.0,28216.0,470.27,470:16,1045.04,17.42,17:25,110.0,4.07,5.23,8.42,115.0,4.26,5.47,8.8,41.0,1.52,1.95,3.14,46.0,1.7,2.19,3.52,18.0,0.67,0.86,1.38,69.0,2.56,3.28,5.28,23.0,0.85,1.09,1.76,9.0,0.33,0.43,0.69,5.0,0.19,0.24,0.38,24.0,0.89,1.14,1.84,70.0,2.59,3.33,5.36,28.0,1.04,1.33,2.14,12.0,0.44,0.57,0.92,10.0,0.37,0.48,0.77,22.0,0.81,1.05,1.68,42.0,1.56,2.0,3.22,211.0,7.81,10.04,16.15,46.48,49.48,-3.0,-63.0,-2.33,-3.0,107.28,0.46,0.46,0.39,0.33,0.56,0.16,0.09,6.71,0.07,0.38,0.18,0.57,0.48,0.02,10.04,0.08,-1.94,0.5,2.48,2102.0,27,77.9
867,桑尼,新北國王,5,786,951.0,11712.0,195.2,195:12,2342.4,39.04,39:02,123.0,24.6,12.93,22.68,96.0,19.2,10.09,17.7,42.0,8.4,4.42,7.75,48.0,9.6,5.05,8.85,24.0,4.8,2.52,4.43,48.0,9.6,5.05,8.85,18.0,3.6,1.89,3.32,23.0,4.6,2.42,4.24,21.0,4.2,2.21,3.87,15.0,3.0,1.58,2.77,38.0,7.6,4.0,7.01,13.0,2.6,1.37,2.4,5.0,1.0,0.53,0.92,1.0,0.2,0.11,0.18,16.0,3.2,1.68,2.95,19.0,3.8,2.0,3.5,112.0,22.4,11.78,20.66,45.74,41.85,3.89,37.0,7.4,3.89,116.93,0.53,0.58,0.5,0.38,0.91,0.13,0.12,12.84,0.1,0.44,0.23,0.53,0.11,0.02,11.78,0.24,1.3,0.6,-0.8,951.0,5,190.2
109,于煥亞,高雄全家海神,20,2015,2441.0,31917.0,531.95,531:57,1595.85,26.6,26:36,176.0,8.8,7.21,11.91,153.0,7.65,6.27,10.35,50.0,2.5,2.05,3.38,35.0,1.75,1.43,2.37,12.0,0.6,0.49,0.81,118.0,5.9,4.83,7.99,38.0,1.9,1.56,2.57,46.0,2.3,1.88,3.11,38.0,1.9,1.56,2.57,7.0,0.35,0.29,0.47,24.0,1.2,0.98,1.62,73.0,3.65,2.99,4.94,13.0,0.65,0.53,0.88,2.0,0.1,0.08,0.14,38.0,1.9,1.56,2.57,28.0,1.4,1.15,1.89,306.0,15.3,12.54,20.71,43.38,45.39,-2.01,-49.0,-2.45,-2.01,110.13,0.45,0.51,0.34,0.32,0.83,0.18,0.23,8.65,0.02,0.12,0.05,0.53,0.08,0.01,12.54,0.3,1.29,0.76,-0.63,2441.0,20,122.0
10872,林彥廷,新北國王,32,3397,4016.0,52428.0,873.8,873:48,1638.38,27.31,27:18,289.0,9.03,7.2,11.91,262.0,8.19,6.52,10.79,105.0,3.28,2.61,4.33,120.0,3.75,2.99,4.94,56.0,1.75,1.39,2.31,142.0,4.44,3.54,5.85,49.0,1.53,1.22,2.02,43.0,1.34,1.07,1.77,30.0,0.94,0.75,1.24,32.0,1.0,0.8,1.32,76.0,2.38,1.89,3.13,111.0,3.47,2.76,4.57,40.0,1.25,1.0,1.65,2.0,0.06,0.05,0.08,39.0,1.22,0.97,1.61,72.0,2.25,1.79,2.97,448.0,14.0,11.16,18.46,46.31,44.05,2.27,91.0,2.84,2.27,110.3,0.49,0.51,0.47,0.35,0.7,0.12,0.19,7.97,0.05,0.23,0.11,1.0,0.05,0.02,11.16,0.16,2.71,1.94,-0.73,4016.0,32,125.5
22,簡祐哲,新北國王,24,1267,1539.0,19542.0,325.7,325:42,814.25,13.57,13:34,68.0,2.83,4.42,7.52,69.0,2.88,4.48,7.63,24.0,1.0,1.56,2.65,23.0,0.96,1.49,2.54,9.0,0.38,0.58,0.99,46.0,1.92,2.99,5.08,15.0,0.62,0.97,1.66,8.0,0.33,0.52,0.88,5.0,0.21,0.32,0.55,16.0,0.67,1.04,1.77,27.0,1.12,1.75,2.98,8.0,0.33,0.52,0.88,19.0,0.79,1.23,2.1,3.0,0.12,0.19,0.33,13.0,0.54,0.84,1.44,37.0,1.54,2.4,4.09,182.0,7.58,11.83,20.12,40.16,43.73,-3.57,-55.0,-2.29,-3.57,113.4,0.46,0.47,0.39,0.33,0.62,0.15,0.04,5.56,0.06,0.19,0.11,1.23,0.19,0.02,11.83,0.12,-1.51,-1.58,-0.01,1539.0,24,64.1
116,呂威霆,高雄全家海神,25,1479,1793.0,23421.0,390.35,390:21,936.84,15.61,15:37,131.0,5.24,7.31,12.08,101.0,4.04,5.63,9.31,37.0,1.48,2.06,3.41,51.0,2.04,2.84,4.7,21.0,0.84,1.17,1.94,50.0,2.0,2.79,4.61,16.0,0.64,0.89,1.48,56.0,2.24,3.12,5.16,41.0,1.64,2.29,3.78,41.0,1.64,2.29,3.78,45.0,1.8,2.51,4.15,15.0,0.6,0.84,1.38,15.0,0.6,0.84,1.38,6.0,0.24,0.33,0.55,19.0,0.76,1.06,1.75,54.0,2.16,3.01,4.98,233.0,9.32,12.99,21.49,40.55,47.02,-6.47,-116.0,-4.64,-6.47,110.24,0.45,0.52,0.41,0.32,0.73,0.13,0.07,8.07,0.12,0.3,0.18,0.84,0.33,0.03,12.99,0.55,-1.39,-1.27,0.11,1793.0,25,71.7
122,陳懷安,高雄全家海神,21,1323,1586.0,20895.0,348.25,348:15,995.0,16.58,16:35,83.0,3.95,5.23,8.58,91.0,4.33,5.74,9.41,29.0,1.38,1.83,3.0,31.0,1.48,1.95,3.2,17.0,0.81,1.07,1.76,60.0,2.86,3.78,6.2,12.0,0.57,0.76,1.24,16.0,0.76,1.01,1.65,13.0,0.62,0.82,1.34,2.0,0.1,0.13,0.21,25.0,1.19,1.58,2.58,50.0,2.38,3.15,5.17,24.0,1.14,1.51,2.48,4.0,0.19,0.25,0.41,27.0,1.29,1.7,2.79,33.0,1.57,2.08,3.41,219.0,10.43,13.81,22.64,40.1,45.78,-5.67,-90.0,-4.29,-5.67,109.3,0.38,0.42,0.55,0.2,0.81,0.22,0.26,7.88,0.01,0.21,0.07,1.51,0.25,0.02,13.81,0.18,-0.89,-0.98,-0.07,1586.0,21,75.5
123,勤明慶,高雄全家海神,18,652,787.0,9951.0,165.85,165:51,552.83,9.21,09:13,15.0,0.83,1.91,3.26,16.0,0.89,2.03,3.47,4.0,0.22,0.51,0.87,15.0,0.83,1.91,3.26,4.0,0.22,0.51,0.87,1.0,0.06,0.13,0.22,0.0,0.0,0.0,0.0,13.0,0.72,1.65,2.82,7.0,0.39,0.89,1.52,6.0,0.33,0.76,1.3,24.0,1.33,3.05,5.21,3.0,0.17,0.38,0.65,3.0,0.17,0.38,0.65,2.0,0.11,0.25,0.43,11.0,0.61,1.4,2.39,38.0,2.11,4.83,8.25,129.0,7.17,16.39,28.0,40.66,44.85,-4.19,-33.0,-1.83,-4.19,113.89,0.25,0.35,0.27,0.0,0.54,0.34,0.03,4.16,0.05,0.32,0.14,0.38,0.25,0.05,16.39,0.81,-0.24,-0.22,0.02,787.0,18,43.7
19,蘇培凱,新北國王,14,192,245.0,2893.0,48.22,48:13,206.64,3.44,03:27,19.0,1.36,7.76,14.19,21.0,1.5,8.57,15.68,7.0,0.5,2.86,5.23,9.0,0.64,3.67,6.72,4.0,0.29,1.63,2.99,12.0,0.86,4.9,8.96,3.0,0.21,1.22,2.24,7.0,0.5,2.86,5.23,2.0,0.14,0.82,1.49,4.0,0.29,1.63,2.99,1.0,0.07,0.41,0.75,5.0,0.36,2.04,3.73,0.0,0.0,0.0,0.0,1.0,0.07,0.41,0.75,8.0,0.57,3.27,5.97,5.0,0.36,2.04,3.73,24.0,1.71,9.8,17.92,36.73,30.61,6.12,15.0,1.07,6.12,121.95,0.4,0.39,0.44,0.25,0.29,0.25,0.19,13.09,0.09,0.06,0.08,0.0,0.41,0.02,9.8,0.33,0.42,-0.81,-1.25,245.0,14,17.5
10874,熊祥泰,新北國王,30,2060,2422.0,31634.0,527.23,527:14,1054.47,17.57,17:34,164.0,5.47,6.77,11.2,125.0,4.17,5.16,8.54,50.0,1.67,2.06,3.41,20.0,0.67,0.83,1.37,8.0,0.27,0.33,0.55,105.0,3.5,4.34,7.17,42.0,1.4,1.73,2.87,26.0,0.87,1.07,1.78,22.0,0.73,0.91,1.5,19.0,0.63,0.78,1.3,37.0,1.23,1.53,2.53,9.0,0.3,0.37,0.61,26.0,0.87,1.07,1.78,6.0,0.2,0.25,0.41,13.0,0.43,0.54,0.89,58.0,1.93,2.39,3.96,304.0,10.13,12.55,20.76,46.16,44.8,1.36,33.0,1.1,1.36,110.25,0.57,0.6,0.4,0.4,0.85,0.09,0.02,6.17,0.05,0.22,0.1,1.07,0.25,0.02,12.55,0.21,0.62,0.73,0.16,2422.0,30,80.7
28,呂政儒,新北國王,27,1312,1543.0,20055.0,334.25,334:15,742.78,12.38,12:23,104.0,3.85,6.74,11.2,86.0,3.19,5.57,9.26,34.0,1.26,2.2,3.66,12.0,0.44,0.78,1.29,5.0,0.19,0.32,0.54,74.0,2.74,4.8,7.97,29.0,1.07,1.88,3.12,8.0,0.3,0.52,0.86,7.0,0.26,0.45,0.75,3.0,0.11,0.19,0.32,22.0,0.81,1.43,2.37,15.0,0.56,0.97,1.62,7.0,0.26,0.45,0.75,2.0,0.07,0.13,0.22,15.0,0.56,0.97,1.62,29.0,1.07,1.88,3.12,157.0,5.81,10.17,16.91,43.68,45.5,-1.81,-28.0,-1.04,-1.81,110.79,0.56,0.58,0.42,0.39,0.88,0.14,0.07,6.77,0.01,0.18,0.07,0.45,0.13,0.02,10.17,0.09,-0.46,-0.19,0.27,1543.0,27,57.1
79,張宗憲,福爾摩沙夢想家,29,3093,3655.0,48065.0,801.08,801:05,1657.41,27.62,27:37,311.0,10.72,8.51,13.98,289.0,9.97,7.91,12.99,120.0,4.14,3.28,5.39,212.0,7.31,5.8,9.53,94.0,3.24,2.57,4.22,77.0,2.66,2.11,3.46,26.0,0.9,0.71,1.17,63.0,2.17,1.72,2.83,45.0,1.55,1.23,2.02,29.0,1.0,0.79,1.3,49.0,1.69,1.34,2.2,59.0,2.03,1.61,2.65,34.0,1.17,0.93,1.53,1.0,0.03,0.03,0.04,35.0,1.21,0.96,1.57,43.0,1.48,1.18,1.93,335.0,11.55,9.17,15.05,45.75,43.56,2.19,80.0,2.76,2.19,109.5,0.46,0.49,0.44,0.34,0.71,0.1,0.12,9.62,0.05,0.19,0.1,0.93,0.03,0.01,9.17,0.22,-0.15,-0.02,0.09,3655.0,29,126.0
89,蔣淯安,福爾摩沙夢想家,34,4045,4777.0,63806.0,1063.43,1063:26,1876.65,31.28,31:17,366.0,10.76,7.66,12.39,291.0,8.56,6.09,9.85,119.0,3.5,2.49,4.03,152.0,4.47,3.18,5.15,70.0,2.06,1.47,2.37,139.0,4.09,2.91,4.71,49.0,1.44,1.03,1.66,107.0,3.15,2.24,3.62,79.0,2.32,1.65,2.67,28.0,0.82,0.59,0.95,105.0,3.09,2.2,3.55,146.0,4.29,3.06,4.94,48.0,1.41,1.0,1.62,3.0,0.09,0.06,0.1,70.0,2.06,1.47,2.37,80.0,2.35,1.67,2.71,430.0,12.65,9.0,14.56,46.1,43.25,2.85,136.0,4.0,2.85,107.81,0.49,0.54,0.46,0.35,0.74,0.17,0.22,8.54,0.04,0.28,0.12,1.0,0.06,0.02,9.0,0.37,1.58,1.18,-0.41,4777.0,34,140.5
99,盧冠良,福爾摩沙夢想家,30,1748,2065.0,27380.0,456.33,456:20,912.67,15.21,15:13,118.0,3.93,5.71,9.31,106.0,3.53,5.13,8.36,44.0,1.47,2.13,3.47,37.0,1.23,1.79,2.92,19.0,0.63,0.92,1.5,69.0,2.3,3.34,5.44,25.0,0.83,1.21,1.97,7.0,0.23,0.34,0.55,5.0,0.17,0.24,0.39,13.0,0.43,0.63,1.03,23.0,0.77,1.11,1.81,30.0,1.0,1.45,2.37,12.0,0.4,0.58,0.95,0.0,0.0,0.0,0.0,12.0,0.4,0.58,0.95,28.0,0.93,1.36,2.21,190.0,6.33,9.2,14.99,46.78,45.23,1.55,32.0,1.07,1.55,108.6,0.53,0.54,0.51,0.36,0.71,0.1,0.1,5.86,0.04,0.17,0.08,0.58,0.0,0.01,9.2,0.07,-0.24,0.58,0.8,2065.0,30,68.8
106,高柏鎧,福爾摩沙夢想家,22,2501,2976.0,38782.0,646.37,646:22,1762.82,29.38,29:23,245.0,11.14,8.23,13.65,151.0,6.86,5.07,8.41,87.0,3.95,2.92,4.85,143.0,6.5,4.81,7.96,87.0,3.95,2.92,4.85,8.0,0.36,0.27,0.45,0.0,0.0,0.0,0.0,103.0,4.68,3.46,5.74,71.0,3.23,2.39,3.95,79.0,3.59,2.65,4.4,137.0,6.23,4.6,7.63,15.0,0.68,0.5,0.84,18.0,0.82,0.6,1.0,43.0,1.95,1.44,2.39,49.0,2.23,1.65,2.73,83.0,3.77,2.79,4.62,272.0,12.36,9.14,15.15,43.41,42.17,1.24,37.0,1.68,1.24,110.5,0.58,0.62,0.61,0.0,0.69,0.2,0.04,8.24,0.16,0.46,0.27,0.6,1.44,0.03,9.14,0.68,-0.47,-1.3,-0.87,2976.0,22,135.3
107,霍爾曼,福爾摩沙夢想家,27,3208,3825.0,49999.0,833.32,833:19,1851.81,30.86,30:52,477.0,17.67,12.47,20.61,367.0,13.59,9.59,15.85,167.0,6.19,4.37,7.21,209.0,7.74,5.46,9.03,113.0,4.19,2.95,4.88,158.0,5.85,4.13,6.83,54.0,2.0,1.41,2.33,121.0,4.48,3.16,5.23,89.0,3.3,2.33,3.84,77.0,2.85,2.01,3.33,222.0,8.22,5.8,9.59,89.0,3.3,2.33,3.84,31.0,1.15,0.81,1.34,44.0,1.63,1.15,1.9,89.0,3.3,2.33,3.84,72.0,2.67,1.88,3.11,407.0,15.07,10.64,17.58,47.69,44.71,2.98,114.0,4.22,2.98,110.16,0.53,0.57,0.54,0.34,0.74,0.17,0.2,13.31,0.12,0.49,0.28,0.81,1.15,0.02,10.64,0.33,1.15,2.31,1.13,3825.0,27,141.7
34,沃許本,新北國王,22,2764,3277.0,43510.0,725.17,725:10,1977.73,32.96,32:58,410.0,18.64,12.51,20.35,271.0,12.32,8.27,13.45,161.0,7.32,4.91,7.99,256.0,11.64,7.81,12.71,159.0,7.23,4.85,7.89,15.0,0.68,0.46,0.74,2.0,0.09,0.06,0.1,108.0,4.91,3.3,5.36,86.0,3.91,2.62,4.27,82.0,3.73,2.5,4.07,144.0,6.55,4.39,7.15,35.0,1.59,1.07,1.74,23.0,1.05,0.7,1.14,27.0,1.23,0.82,1.34,36.0,1.64,1.1,1.79,41.0,1.86,1.25,2.04,260.0,11.82,7.93,12.91,44.95,44.28,0.67,22.0,1.0,0.67,108.46,0.6,0.64,0.62,0.13,0.8,0.1,0.09,10.82,0.14,0.39,0.24,0.7,0.82,0.01,7.93,0.4,1.18,0.11,-1.06,3277.0,22,149.0
101,周柏臣,福爾摩沙夢想家,18,423,516.0,6637.0,110.62,110:37,368.72,6.15,06:09,8.0,0.44,1.55,2.6,11.0,0.61,2.13,3.58,3.0,0.17,0.58,0.98,6.0,0.33,1.16,1.95,3.0,0.17,0.58,0.98,5.0,0.28,0.97,1.63,0.0,0.0,0.0,0.0,6.0,0.33,1.16,1.95,2.0,0.11,0.39,0.65,5.0,0.28,0.97,1.63,10.0,0.56,1.94,3.25,2.0,0.11,0.39,0.65,1.0,0.06,0.19,0.33,0.0,0.0,0.0,0.0,5.0,0.28,0.97,1.63,16.0,0.89,3.1,5.21,43.0,2.39,8.33,13.99,36.43,45.93,-9.5,-49.0,-2.72,-9.5,111.95,0.27,0.29,0.5,0.0,0.33,0.27,0.04,3.61,0.06,0.27,0.13,0.19,0.0,0.03,8.33,0.55,-2.28,-1.7,0.61,516.0,18,28.7
103,忻沃克,福爾摩沙夢想家,33,3561,4250.0,55773.0,929.55,929:33,1690.09,28.17,28:10,323.0,9.79,7.6,12.51,266.0,8.06,6.26,10.3,109.0,3.3,2.56,4.22,95.0,2.88,2.24,3.68,41.0,1.24,0.96,1.59,171.0,5.18,4.02,6.62,68.0,2.06,1.6,2.63,47.0,1.42,1.11,1.82,37.0,1.12,0.87,1.43,42.0,1.27,0.99,1.63,77.0,2.33,1.81,2.98,43.0,1.3,1.01,1.67,17.0,0.52,0.4,0.66,6.0,0.18,0.14,0.23,43.0,1.3,1.01,1.67,72.0,2.18,1.69,2.79,427.0,12.94,10.05,16.54,46.33,42.09,4.24,180.0,5.45,4.24,109.73,0.54,0.56,0.43,0.4,0.79,0.13,0.08,7.76,0.06,0.25,0.12,0.4,0.14,0.02,10.05,0.18,2.63,1.21,-1.44,4250.0,33,128.8
86,林俊吉,福爾摩沙夢想家,27,2289,2745.0,34702.0,578.37,578:22,1285.26,21.42,21:25,302.0,11.19,11.0,18.8,200.0,7.41,7.29,12.45,92.0,3.41,3.35,5.73,104.0,3.85,3.79,6.47,57.0,2.11,2.08,3.55,96.0,3.56,3.5,5.98,35.0,1.3,1.28,2.18,96.0,3.56,3.5,5.98,83.0,3.07,3.02,5.17,9.0,0.33,0.33,0.56,46.0,1.7,1.68,2.86,94.0,3.48,3.42,5.85,11.0,0.41,0.4,0.68,0.0,0.0,0.0,0.0,48.0,1.78,1.75,2.99,48.0,1.78,1.75,2.99,330.0,12.22,12.02,20.54,47.25,42.95,4.3,118.0,4.37,4.3,113.91,0.55,0.62,0.55,0.36,0.86,0.17,0.27,10.57,0.02,0.23,0.09,0.4,0.0,0.02,12.02,0.48,1.98,1.64,-0.35,2745.0,27,101.7
97,史承平,福爾摩沙夢想家,11,121,150.0,1853.0,30.88,30:53,168.45,2.81,02:48,9.0,0.82,6.0,10.49,8.0,0.73,5.33,9.33,4.0,0.36,2.67,4.66,5.0,0.45,3.33,5.83,3.0,0.27,2.0,3.5,3.0,0.27,2.0,3.5,1.0,0.09,0.67,1.17,0.0,0.0,0.0,0.0,0.0,0.0,0.0,0.0,1.0,0.09,0.67,1.17,2.0,0.18,1.33,2.33,2.0,0.18,1.33,2.33,2.0,0.18,1.33,2.33,0.0,0.0,0.0,0.0,2.0,0.18,1.33,2.33,1.0,0.09,0.67,1.17,12.0,1.09,8.0,13.99,38.0,43.33,-5.33,-8.0,-0.73,-5.33,116.57,0.56,0.56,0.6,0.33,,0.2,0.17,6.67,0.05,0.22,0.1,1.33,0.0,0.01,8.0,0.0,-0.31,-0.23,0.1,150.0,11,13.6
91,簡偉儒,福爾摩沙夢想家,19,680,829.0,10654.0,177.57,177:34,560.74,9.35,09:21,29.0,1.53,3.5,5.88,40.0,2.11,4.83,8.11,12.0,0.63,1.45,2.43,19.0,1.0,2.29,3.85,8.0,0.42,0.97,1.62,21.0,1.11,2.53,4.26,4.0,0.21,0.48,0.81,3.0,0.16,0.36,0.61,1.0,0.05,0.12,0.2,10.0,0.53,1.21,2.03,10.0,0.53,1.21,2.03,10.0,0.53,1.21,2.03,11.0,0.58,1.33,2.23,1.0,0.05,0.12,0.2,3.0,0.16,0.36,0.61,10.0,0.53,1.21,2.03,83.0,4.37,10.01,16.83,41.5,44.87,-3.38,-28.0,-1.47,-3.38,112.05,0.35,0.35,0.42,0.19,0.33,0.07,0.09,5.35,0.07,0.15,0.1,1.33,0.12,0.01,10.01,0.08,-1.78,-1.27,0.56,829.0,19,43.6
83,吳家駿,福爾摩沙夢想家,19,538,678.0,8578.0,142.97,142:58,451.47,7.52,07:31,16.0,0.84,2.36,4.03,38.0,2.0,5.6,9.57,6.0,0.32,0.88,1.51,25.0,1.32,3.69,6.3,5.0,0.26,0.74,1.26,13.0,0.68,1.92,3.27,1.0,0.05,0.15,0.25,5.0,0.26,0.74,1.26,3.0,0.16,0.44,0.76,3.0,0.16,0.44,0.76,8.0,0.42,1.18,2.01,21.0,1.11,3.1,5.29,7.0,0.37,1.03,1.76,0.0,0.0,0.0,0.0,5.0,0.26,0.74,1.26,7.0,0.37,1.03,1.76,65.0,3.42,9.59,16.37,38.64,46.02,-7.37,-50.0,-2.63,-7.37,113.82,0.17,0.2,0.2,0.08,0.6,0.11,0.23,6.67,0.03,0.14,0.07,1.03,0.0,0.01,9.59,0.13,-1.94,-1.22,0.74,678.0,19,35.7
23,王柏智,新北國王,20,348,424.0,5369.0,89.48,89:29,268.45,4.47,04:28,29.0,1.45,6.84,11.67,34.0,1.7,8.02,13.68,13.0,0.65,3.07,5.23,23.0,1.15,5.42,9.25,13.0,0.65,3.07,5.23,11.0,0.55,2.59,4.43,0.0,0.0,0.0,0.0,7.0,0.35,1.65,2.82,3.0,0.15,0.71,1.21,9.0,0.45,2.12,3.62,13.0,0.65,3.07,5.23,2.0,0.1,0.47,0.8,5.0,0.25,1.18,2.01,2.0,0.1,0.47,0.8,3.0,0.15,0.71,1.21,15.0,0.75,3.54,6.03,54.0,2.7,12.74,21.72,41.04,43.63,-2.59,-11.0,-0.55,-2.59,113.72,0.38,0.39,0.57,0.0,0.43,0.07,0.04,9.45,0.11,0.28,0.17,1.18,0.47,0.04,12.74,0.21,-0.61,-0.48,0.15,424.0,20,21.2
10873,喬納森,新北國王,19,547,659.0,8310.0,138.5,138:30,437.37,7.29,07:17,34.0,1.79,5.16,8.84,40.0,2.11,6.07,10.4,12.0,0.63,1.82,3.12,12.0,0.63,1.82,3.12,4.0,0.21,0.61,1.04,28.0,1.47,4.25,7.28,8.0,0.42,1.21,2.08,4.0,0.21,0.61,1.04,2.0,0.11,0.3,0.52,4.0,0.21,0.61,1.04,5.0,0.26,0.76,1.3,7.0,0.37,1.06,1.82,3.0,0.16,0.46,0.78,0.0,0.0,0.0,0.0,7.0,0.37,1.06,1.82,16.0,0.84,2.43,4.16,84.0,4.42,12.75,21.83,47.04,42.49,4.55,30.0,1.58,4.55,114.19,0.4,0.41,0.33,0.29,0.5,0.14,0.07,7.4,0.04,0.1,0.06,0.46,0.0,0.02,12.75,0.1,0.98,0.73,-0.29,659.0,19,34.7
45,施晉堯,高雄全家海神,27,2131,2497.0,33732.0,562.2,562:12,1249.33,20.82,20:49,163.0,6.04,6.53,10.44,141.0,5.22,5.65,9.03,60.0,2.22,2.4,3.84,59.0,2.19,2.36,3.78,31.0,1.15,1.24,1.99,82.0,3.04,3.28,5.25,29.0,1.07,1.16,1.86,24.0,0.89,0.96,1.54,14.0,0.52,0.56,0.9,10.0,0.37,0.4,0.64,34.0,1.26,1.36,2.18,35.0,1.3,1.4,2.24,21.0,0.78,0.84,1.34,4.0,0.15,0.16,0.26,28.0,1.04,1.12,1.79,55.0,2.04,2.2,3.52,279.0,10.33,11.17,17.87,43.89,48.58,-4.69,-117.0,-4.33,-4.69,106.6,0.53,0.54,0.53,0.35,0.58,0.16,0.11,7.19,0.02,0.2,0.07,0.84,0.16,0.02,11.17,0.17,-1.32,0.16,1.57,2497.0,27,92.5
10893,崔維斯,高雄全家海神,4,469,562.0,7447.0,124.12,124:07,1861.75,31.03,31:02,60.0,15.0,10.68,17.4,57.0,14.25,10.14,16.53,25.0,6.25,4.45,7.25,42.0,10.5,7.47,12.18,21.0,5.25,3.74,6.09,15.0,3.75,2.67,4.35,4.0,1.0,0.71,1.16,17.0,4.25,3.02,4.93,6.0,1.5,1.07,1.74,14.0,3.5,2.49,4.06,21.0,5.25,3.74,6.09,5.0,1.25,0.89,1.45,2.0,0.5,0.36,0.58,2.0,0.5,0.36,0.58,8.0,2.0,1.42,2.32,15.0,3.75,2.67,4.35,89.0,22.25,15.84,25.81,43.06,43.06,0.0,0.0,0.0,0.0,108.67,0.47,0.47,0.5,0.27,0.35,0.11,0.09,12.9,0.13,0.45,0.23,0.36,0.36,0.03,15.84,0.3,0.86,0.16,-0.71,562.0,4,140.5
10889,恩尼斯,福爾摩沙夢想家,9,1049,1262.0,16288.0,271.47,271:28,1809.78,30.16,30:10,150.0,16.67,11.89,19.89,104.0,11.56,8.24,13.79,51.0,5.67,4.04,6.76,63.0,7.0,4.99,8.35,40.0,4.44,3.17,5.3,41.0,4.56,3.25,5.44,11.0,1.22,0.87,1.46,50.0,5.56,3.96,6.63,37.0,4.11,2.93,4.91,18.0,2.0,1.43,2.39,66.0,7.33,5.23,8.75,31.0,3.44,2.46,4.11,14.0,1.56,1.11,1.86,5.0,0.56,0.4,0.66,24.0,2.67,1.9,3.18,35.0,3.89,2.77,4.64,143.0,15.89,11.33,18.96,43.58,41.52,2.06,26.0,2.89,2.06,111.57,0.54,0.6,0.63,0.27,0.74,0.16,0.23,11.89,0.09,0.48,0.25,1.11,0.4,0.03,11.33,0.48,-0.02,-0.65,-0.63,1262.0,9,140.2
119,余純安,高雄全家海神,18,793,941.0,11967.0,199.45,199:27,664.83,11.08,11:05,52.0,2.89,5.53,9.39,51.0,2.83,5.42,9.21,19.0,1.06,2.02,3.43,20.0,1.11,2.13,3.61,11.0,0.61,1.17,1.99,31.0,1.72,3.29,5.6,8.0,0.44,0.85,1.44,12.0,0.67,1.28,2.17,6.0,0.33,0.64,1.08,8.0,0.44,0.85,1.44,16.0,0.89,1.7,2.89,11.0,0.61,1.17,1.99,11.0,0.61,1.17,1.99,1.0,0.06,0.11,0.18,14.0,0.78,1.49,2.53,31.0,1.72,3.29,5.6,112.0,6.22,11.9,20.22,41.23,44.85,-3.61,-34.0,-1.89,-3.61,113.23,0.45,0.46,0.55,0.26,0.5,0.2,0.1,7.47,0.05,0.23,0.1,1.17,0.11,0.03,11.9,0.24,0.23,-0.42,-0.67,941.0,18,52.3
95,李德威,福爾摩沙夢想家,17,241,296.0,4007.0,66.78,66:47,235.71,3.93,03:56,9.0,0.53,3.04,4.85,17.0,1.0,5.74,9.16,4.0,0.24,1.35,2.16,11.0,0.65,3.72,5.93,4.0,0.24,1.35,2.16,6.0,0.35,2.03,3.23,0.0,0.0,0.0,0.0,2.0,0.12,0.68,1.08,1.0,0.06,0.34,0.54,3.0,0.18,1.01,1.62,8.0,0.47,2.7,4.31,0.0,0.0,0.0,0.0,1.0,0.06,0.34,0.54,2.0,0.12,0.68,1.08,6.0,0.35,2.03,3.23,11.0,0.65,3.72,5.93,34.0,2.0,11.49,18.33,36.15,38.18,-2.03,-6.0,-0.35,-2.03,106.37,0.24,0.25,0.36,0.0,0.5,0.25,0.0,8.07,0.06,0.31,0.14,0.34,0.68,0.04,11.49,0.12,-0.37,-0.85,-0.51,296.0,17,17.4
39,魏嘉豪,新北中信特攻,31,1698,1985.0,26378.0,439.63,439:38,850.9,14.18,14:11,97.0,3.13,4.89,7.94,116.0,3.74,5.84,9.5,36.0,1.16,1.81,2.95,58.0,1.87,2.92,4.75,19.0,0.61,0.96,1.56,58.0,1.87,2.92,4.75,17.0,0.55,0.86,1.39,15.0,0.48,0.76,1.23,8.0,0.26,0.4,0.66,9.0,0.29,0.45,0.74,33.0,1.06,1.66,2.7,63.0,2.03,3.17,5.16,33.0,1.06,1.66,2.7,1.0,0.03,0.05,0.08,33.0,1.06,1.66,2.7,53.0,1.71,2.67,4.34,205.0,6.61,10.33,16.79,41.81,42.77,-0.96,-19.0,-0.61,-0.96,108.36,0.38,0.4,0.33,0.29,0.53,0.21,0.22,7.84,0.03,0.23,0.09,1.66,0.05,0.03,10.33,0.13,-1.1,-1.4,-0.33,1985.0,31,64.0
40,謝亞軒,新北中信特攻,31,3869,4602.0,60630.0,1010.5,1010:30,1955.81,32.6,32:36,329.0,10.61,7.15,11.72,327.0,10.55,7.11,11.65,127.0,4.1,2.76,4.52,141.0,4.55,3.06,5.02,67.0,2.16,1.46,2.39,186.0,6.0,4.04,6.63,60.0,1.94,1.3,2.14,33.0,1.06,0.72,1.18,15.0,0.48,0.33,0.53,19.0,0.61,0.41,0.68,81.0,2.61,1.76,2.89,138.0,4.45,3.0,4.92,49.0,1.58,1.06,1.75,7.0,0.23,0.15,0.25,66.0,2.13,1.43,2.35,60.0,1.94,1.3,2.14,447.0,14.42,9.71,15.92,45.18,42.26,2.91,134.0,4.32,2.91,109.3,0.48,0.48,0.48,0.32,0.45,0.16,0.21,8.86,0.03,0.23,0.09,1.06,0.15,0.01,9.71,0.1,1.56,0.49,-0.99,4602.0,31,148.5
10877,阿巴西,新北中信特攻,32,4585,5453.0,71644.0,1194.07,1194:04,2238.88,37.31,37:19,567.0,17.72,10.4,17.09,502.0,15.69,9.21,15.13,217.0,6.78,3.98,6.54,271.0,8.47,4.97,8.17,147.0,4.59,2.7,4.43,231.0,7.22,4.24,6.96,70.0,2.19,1.28,2.11,79.0,2.47,1.45,2.38,63.0,1.97,1.16,1.9,35.0,1.09,0.64,1.06,113.0,3.53,2.07,3.41,112.0,3.5,2.05,3.38,47.0,1.47,0.86,1.42,13.0,0.41,0.24,0.39,70.0,2.19,1.28,2.11,66.0,2.06,1.21,1.99,518.0,16.19,9.5,15.62,46.19,43.35,2.84,155.0,4.84,2.84,109.6,0.5,0.53,0.54,0.3,0.8,0.12,0.15,11.13,0.04,0.26,0.12,0.86,0.24,0.01,9.5,0.16,1.84,2.31,0.38,5453.0,32,170.4
10880,內馬,新北中信特攻,26,3126,3756.0,48998.0,816.63,816:38,1884.54,31.41,31:25,511.0,19.65,13.6,22.53,401.0,15.42,10.68,17.68,203.0,7.81,5.4,8.95,294.0,11.31,7.83,12.96,168.0,6.46,4.47,7.41,107.0,4.12,2.85,4.72,35.0,1.35,0.93,1.54,84.0,3.23,2.24,3.7,70.0,2.69,1.86,3.09,84.0,3.23,2.24,3.7,166.0,6.38,4.42,7.32,41.0,1.58,1.09,1.81,33.0,1.27,0.88,1.45,20.0,0.77,0.53,0.88,43.0,1.65,1.14,1.9,91.0,3.5,2.42,4.01,369.0,14.19,9.82,16.27,45.9,42.55,3.35,126.0,4.85,3.35,110.38,0.55,0.58,0.57,0.33,0.83,0.09,0.09,12.81,0.13,0.41,0.24,0.88,0.53,0.02,9.82,0.21,2.32,1.69,-0.54,3756.0,26,144.5
10881,飛克,新北中信特攻,28,3379,4012.0,53174.0,886.23,886:14,1899.07,31.65,31:39,373.0,13.32,9.3,15.15,258.0,9.21,6.43,10.48,153.0,5.46,3.81,6.22,229.0,8.18,5.71,9.3,151.0,5.39,3.76,6.13,29.0,1.04,0.72,1.18,2.0,0.07,0.05,0.08,124.0,4.43,3.09,5.04,65.0,2.32,1.62,2.64,75.0,2.68,1.87,3.05,189.0,6.75,4.71,7.68,85.0,3.04,2.12,3.45,29.0,1.04,0.72,1.18,3.0,0.11,0.07,0.12,58.0,2.07,1.45,2.36,57.0,2.04,1.42,2.32,417.0,14.89,10.39,16.94,43.99,43.84,0.15,6.0,0.21,0.15,108.65,0.6,0.6,0.66,0.07,0.52,0.16,0.17,9.24,0.11,0.44,0.24,0.72,0.07,0.01,10.39,0.48,-0.62,-0.31,0.15,4012.0,28,143.3
26,洪志善,新北國王,3,194,252.0,3192.0,53.2,53:12,1064.0,17.73,17:44,15.0,5.0,5.95,10.15,8.0,2.67,3.17,5.41,5.0,1.67,1.98,3.38,0.0,0.0,0.0,0.0,0.0,0.0,0.0,0.0,8.0,2.67,3.17,5.41,5.0,1.67,1.98,3.38,0.0,0.0,0.0,0.0,0.0,0.0,0.0,0.0,0.0,0.0,0.0,0.0,4.0,1.33,1.59,2.71,4.0,1.33,1.59,2.71,1.0,0.33,0.4,0.68,0.0,0.0,0.0,0.0,5.0,1.67,1.98,3.38,4.0,1.33,1.59,2.71,40.0,13.33,15.87,27.07,38.1,46.03,-7.94,-20.0,-6.67,-7.94,113.68,0.94,0.94,,0.62,,0.38,0.14,5.16,0.0,0.15,0.07,0.4,0.0,0.02,15.87,0.0,-0.89,-0.71,0.18,252.0,3,84.0
47,曾文鼎,新北中信特攻,30,1312,1549.0,20466.0,341.1,341:06,682.2,11.37,11:22,86.0,2.87,5.55,9.08,62.0,2.07,4.0,6.54,31.0,1.03,2.0,3.27,40.0,1.33,2.58,4.22,23.0,0.77,1.48,2.43,22.0,0.73,1.42,2.32,8.0,0.27,0.52,0.84,29.0,0.97,1.87,3.06,16.0,0.53,1.03,1.69,22.0,0.73,1.42,2.32,32.0,1.07,2.07,3.38,35.0,1.17,2.26,3.69,4.0,0.13,0.26,0.42,5.0,0.17,0.32,0.53,29.0,0.97,1.87,3.06,50.0,1.67,3.23,5.28,158.0,5.27,10.2,16.68,44.48,44.54,-0.06,-1.0,-0.03,-0.06,108.99,0.56,0.58,0.57,0.36,0.55,0.28,0.16,6.7,0.08,0.27,0.14,0.26,0.32,0.03,10.2,0.47,-0.84,0.21,1.03,1549.0,30,51.6
10879,簡廷兆,新北中信特攻,34,2015,2470.0,31723.0,528.72,528:43,933.03,15.55,15:33,170.0,5.0,6.88,11.58,154.0,4.53,6.23,10.49,60.0,1.76,2.43,4.09,79.0,2.32,3.2,5.38,29.0,0.85,1.17,1.97,75.0,2.21,3.04,5.11,31.0,0.91,1.26,2.11,22.0,0.65,0.89,1.5,19.0,0.56,0.77,1.29,7.0,0.21,0.28,0.48,28.0,0.82,1.13,1.91,39.0,1.15,1.58,2.66,13.0,0.38,0.53,0.89,0.0,0.0,0.0,0.0,22.0,0.65,0.89,1.5,24.0,0.71,0.97,1.63,276.0,8.12,11.17,18.79,40.85,40.85,0.0,0.0,0.0,0.0,112.12,0.49,0.52,0.37,0.41,0.86,0.12,0.13,7.52,0.02,0.14,0.06,0.53,0.0,0.01,11.17,0.14,-0.53,-2.15,-1.62,2470.0,34,72.6
48,李沛澄,新北中信特攻,16,467,550.0,6995.0,116.58,116:35,437.19,7.29,07:17,26.0,1.62,4.73,8.03,33.0,2.06,6.0,10.19,9.0,0.56,1.64,2.78,4.0,0.25,0.73,1.24,2.0,0.12,0.36,0.62,29.0,1.81,5.27,8.95,7.0,0.44,1.27,2.16,2.0,0.12,0.36,0.62,1.0,0.06,0.18,0.31,0.0,0.0,0.0,0.0,2.0,0.12,0.36,0.62,7.0,0.44,1.27,2.16,2.0,0.12,0.36,0.62,0.0,0.0,0.0,0.0,2.0,0.12,0.36,0.62,7.0,0.44,1.27,2.16,83.0,5.19,15.09,25.63,50.73,43.45,7.27,40.0,2.5,7.27,113.22,0.38,0.38,0.5,0.24,0.5,0.06,0.08,6.52,0.0,0.06,0.02,0.36,0.0,0.01,15.09,0.06,1.09,1.4,0.26,550.0,16,34.4
10882,霸夫,新北中信特攻,3,260,315.0,4157.0,69.28,69:17,1385.67,23.09,23:06,27.0,9.0,8.57,14.03,25.0,8.33,7.94,12.99,9.0,3.0,2.86,4.68,11.0,3.67,3.49,5.72,3.0,1.0,0.95,1.56,14.0,4.67,4.44,7.27,6.0,2.0,1.9,3.12,4.0,1.33,1.27,2.08,3.0,1.0,0.95,1.56,3.0,1.0,0.95,1.56,14.0,4.67,4.44,7.27,5.0,1.67,1.59,2.6,3.0,1.0,0.95,1.56,0.0,0.0,0.0,0.0,7.0,2.33,2.22,3.64,5.0,1.67,1.59,2.6,39.0,13.0,12.38,20.26,36.83,42.54,-5.71,-18.0,-6.0,-5.71,109.12,0.48,0.5,0.27,0.43,0.75,0.21,0.15,10.72,0.06,0.36,0.18,0.95,0.0,0.02,12.38,0.16,-0.59,-0.59,0.02,315.0,3,105.0
44,黃泓瀚,新北中信特攻,32,1203,1418.0,18293.0,304.88,304:53,571.66,9.53,09:32,45.0,1.41,3.17,5.31,66.0,2.06,4.65,7.79,19.0,0.59,1.34,2.24,27.0,0.84,1.9,3.19,12.0,0.38,0.85,1.42,39.0,1.22,2.75,4.61,7.0,0.22,0.49,0.83,1.0,0.03,0.07,0.12,0.0,0.0,0.0,0.0,10.0,0.31,0.71,1.18,38.0,1.19,2.68,4.49,21.0,0.66,1.48,2.48,9.0,0.28,0.63,1.06,3.0,0.09,0.21,0.35,6.0,0.19,0.42,0.71,48.0,1.5,3.39,5.67,149.0,4.66,10.51,17.59,42.88,46.47,-3.6,-51.0,-1.59,-3.6,111.62,0.34,0.34,0.44,0.18,0.0,0.08,0.1,5.11,0.04,0.31,0.14,0.63,0.21,0.03,10.51,0.02,-2.24,-0.62,1.59,1418.0,31,45.7
113,林任鴻,新北中信特攻,26,644,784.0,10025.0,167.08,167:05,385.58,6.43,06:26,30.0,1.15,3.83,6.46,39.0,1.5,4.97,8.4,14.0,0.54,1.79,3.02,25.0,0.96,3.19,5.39,12.0,0.46,1.53,2.59,14.0,0.54,1.79,3.02,2.0,0.08,0.26,0.43,4.0,0.15,0.51,0.86,0.0,0.0,0.0,0.0,8.0,0.31,1.02,1.72,14.0,0.54,1.79,3.02,8.0,0.31,1.02,1.72,9.0,0.35,1.15,1.94,0.0,0.0,0.0,0.0,9.0,0.35,1.15,1.94,25.0,0.96,3.19,5.39,95.0,3.65,12.12,20.47,35.59,45.66,-10.08,-79.0,-3.04,-10.08,112.61,0.38,0.37,0.48,0.14,0.0,0.18,0.09,6.35,0.06,0.21,0.11,1.15,0.0,0.03,12.12,0.1,-3.22,-2.22,0.99,784.0,24,32.7
10871,鍾理翔,新北國王,9,93,120.0,1409.0,23.48,23:29,156.56,2.61,02:37,2.0,0.22,1.67,3.07,3.0,0.33,2.5,4.6,1.0,0.11,0.83,1.53,3.0,0.33,2.5,4.6,1.0,0.11,0.83,1.53,0.0,0.0,0.0,0.0,0.0,0.0,0.0,0.0,0.0,0.0,0.0,0.0,0.0,0.0,0.0,0.0,1.0,0.11,0.83,1.53,3.0,0.33,2.5,4.6,1.0,0.11,0.83,1.53,3.0,0.33,2.5,4.6,0.0,0.0,0.0,0.0,0.0,0.0,0.0,0.0,4.0,0.44,3.33,6.13,18.0,2.0,15.0,27.59,36.67,32.5,4.17,5.0,0.56,4.17,122.64,0.33,0.33,0.33,,,0.0,0.08,2.5,0.05,0.38,0.13,2.5,0.0,0.03,15.0,0.0,0.12,-0.34,-0.47,120.0,9,13.3
54,高錦瑋,桃園台啤永豐雲豹,33,4350,5225.0,67276.0,1121.27,1121:16,2038.67,33.98,33:59,493.0,14.94,9.44,15.83,399.0,12.09,7.64,12.81,169.0,5.12,3.23,5.43,157.0,4.76,3.0,5.04,71.0,2.15,1.36,2.28,242.0,7.33,4.63,7.77,98.0,2.97,1.88,3.15,65.0,1.97,1.24,2.09,57.0,1.73,1.09,1.83,27.0,0.82,0.52,0.87,99.0,3.0,1.89,3.18,158.0,4.79,3.02,5.07,38.0,1.15,0.73,1.22,6.0,0.18,0.11,0.19,52.0,1.58,1.0,1.67,42.0,1.27,0.8,1.35,516.0,15.64,9.88,16.57,45.34,42.97,2.37,124.0,3.76,2.37,111.84,0.55,0.58,0.45,0.4,0.88,0.11,0.23,9.18,0.03,0.22,0.1,0.73,0.11,0.01,9.88,0.16,1.27,0.78,-0.5,5225.0,33,158.3
57,莊博元,桃園台啤永豐雲豹,33,3594,4295.0,55248.0,920.8,920:48,1674.18,27.9,27:54,196.0,5.94,4.56,7.66,155.0,4.7,3.61,6.06,67.0,2.03,1.56,2.62,45.0,1.36,1.05,1.76,22.0,0.67,0.51,0.86,110.0,3.33,2.56,4.3,45.0,1.36,1.05,1.76,26.0,0.79,0.61,1.02,17.0,0.52,0.4,0.66,30.0,0.91,0.7,1.17,33.0,1.0,0.77,1.29,29.0,0.88,0.68,1.13,27.0,0.82,0.63,1.06,6.0,0.18,0.14,0.23,24.0,0.73,0.56,0.94,82.0,2.48,1.91,3.21,404.0,12.24,9.41,15.79,46.08,42.61,3.47,149.0,4.52,3.47,111.95,0.58,0.59,0.49,0.41,0.65,0.13,0.04,4.43,0.04,0.1,0.06,0.63,0.14,0.02,9.41,0.17,2.2,1.41,-0.81,4295.0,33,130.2
62,王皓吉,桃園台啤永豐雲豹,31,2094,2492.0,32400.0,540.0,540:00,1045.16,17.42,17:25,121.0,3.9,4.86,8.07,126.0,4.06,5.06,8.4,41.0,1.32,1.65,2.73,24.0,0.77,0.96,1.6,8.0,0.26,0.32,0.53,102.0,3.29,4.09,6.8,33.0,1.06,1.32,2.2,11.0,0.35,0.44,0.73,6.0,0.19,0.24,0.4,7.0,0.23,0.28,0.47,46.0,1.48,1.85,3.07,16.0,0.52,0.64,1.07,9.0,0.29,0.36,0.6,4.0,0.13,0.16,0.27,11.0,0.35,0.44,0.73,46.0,1.48,1.85,3.07,220.0,7.1,8.83,14.67,45.99,45.51,0.48,12.0,0.39,0.48,110.76,0.46,0.46,0.33,0.32,0.55,0.08,0.04,5.69,0.02,0.21,0.09,0.36,0.16,0.02,8.83,0.09,-0.96,0.43,1.43,2492.0,31,80.4
68,克羅馬,桃園台啤永豐雲豹,29,4059,4842.0,61937.0,1032.28,1032:17,2135.76,35.6,35:36,690.0,23.79,14.25,24.06,541.0,18.66,11.17,18.87,245.0,8.45,5.06,8.54,422.0,14.55,8.72,14.72,210.0,7.24,4.34,7.32,119.0,4.1,2.46,4.15,35.0,1.21,0.72,1.22,210.0,7.24,4.34,7.32,165.0,5.69,3.41,5.75,34.0,1.17,0.7,1.19,172.0,5.93,3.55,6.0,192.0,6.62,3.97,6.7,81.0,2.79,1.67,2.82,23.0,0.79,0.48,0.8,108.0,3.72,2.23,3.77,78.0,2.69,1.61,2.72,486.0,16.76,10.04,16.95,46.18,44.28,1.9,92.0,3.17,1.9,112.57,0.49,0.54,0.5,0.29,0.79,0.15,0.33,15.31,0.04,0.34,0.16,1.67,0.48,0.02,10.04,0.39,0.38,1.67,1.29,4842.0,29,167.0
10860,麥卡洛,桃園台啤永豐雲豹,22,2412,2910.0,37358.0,622.63,622:38,1698.09,28.3,28:18,348.0,15.82,11.96,20.12,288.0,13.09,9.9,16.65,142.0,6.45,4.88,8.21,246.0,11.18,8.45,14.22,131.0,5.95,4.5,7.57,42.0,1.91,1.44,2.43,11.0,0.5,0.38,0.64,91.0,4.14,3.13,5.26,53.0,2.41,1.82,3.06,61.0,2.77,2.1,3.53,165.0,7.5,5.67,9.54,33.0,1.5,1.13,1.91,35.0,1.59,1.2,2.02,29.0,1.32,1.0,1.68,46.0,2.09,1.58,2.66,48.0,2.18,1.65,2.78,286.0,13.0,9.83,16.54,43.09,41.2,1.89,55.0,2.5,1.89,112.17,0.51,0.53,0.53,0.26,0.58,0.12,0.1,12.85,0.12,0.45,0.26,1.2,1.0,0.02,9.83,0.32,0.85,-0.23,-1.0,2910.0,22,132.3
16,米勒,桃園台啤永豐雲豹,27,3281,3940.0,51536.0,858.93,858:56,1908.74,31.81,31:49,411.0,15.22,10.43,17.23,311.0,11.52,7.89,13.03,155.0,5.74,3.93,6.5,219.0,8.11,5.56,9.18,128.0,4.74,3.25,5.36,92.0,3.41,2.34,3.86,27.0,1.0,0.69,1.13,108.0,4.0,2.74,4.53,74.0,2.74,1.88,3.1,65.0,2.41,1.65,2.72,178.0,6.59,4.52,7.46,57.0,2.11,1.45,2.39,35.0,1.3,0.89,1.47,34.0,1.26,0.86,1.43,48.0,1.78,1.22,2.01,68.0,2.52,1.73,2.85,396.0,14.67,10.05,16.6,43.35,41.8,1.55,61.0,2.26,1.55,110.09,0.54,0.57,0.58,0.29,0.69,0.12,0.12,10.32,0.09,0.39,0.21,0.89,0.86,0.02,10.05,0.35,0.26,-0.24,-0.59,3940.0,27,145.9
58,林信寬,桃園台啤永豐雲豹,31,3387,4094.0,51124.0,852.07,852:04,1649.16,27.49,27:29,313.0,10.1,7.65,13.22,310.0,10.0,7.57,13.1,114.0,3.68,2.78,4.82,166.0,5.35,4.05,7.01,77.0,2.48,1.88,3.25,144.0,4.65,3.52,6.08,37.0,1.19,0.9,1.56,68.0,2.19,1.66,2.87,48.0,1.55,1.17,2.03,30.0,0.97,0.73,1.27,73.0,2.35,1.78,3.08,66.0,2.13,1.61,2.79,33.0,1.06,0.81,1.39,7.0,0.23,0.17,0.3,46.0,1.48,1.12,1.94,70.0,2.26,1.71,2.96,415.0,13.39,10.14,17.53,41.96,40.82,1.15,47.0,1.52,1.15,115.31,0.43,0.46,0.46,0.26,0.71,0.12,0.13,9.43,0.05,0.21,0.1,0.81,0.17,0.02,10.14,0.22,-0.34,-1.65,-1.33,4094.0,31,132.1
12,曹薰襄,桃園台啤永豐雲豹,33,2532,3029.0,38978.0,649.63,649:38,1181.15,19.69,19:41,169.0,5.12,5.58,9.37,162.0,4.91,5.35,8.98,67.0,2.03,2.21,3.71,114.0,3.45,3.76,6.32,49.0,1.48,1.62,2.72,48.0,1.45,1.58,2.66,18.0,0.55,0.59,1.0,36.0,1.09,1.19,1.99,17.0,0.52,0.56,0.94,24.0,0.73,0.79,1.33,52.0,1.58,1.72,2.88,120.0,3.64,3.96,6.65,22.0,0.67,0.73,1.22,0.0,0.0,0.0,0.0,53.0,1.61,1.75,2.94,60.0,1.82,1.98,3.32,295.0,8.94,9.74,16.35,42.26,40.18,2.08,63.0,1.91,2.08,111.9,0.47,0.48,0.43,0.38,0.47,0.23,0.29,7.62,0.05,0.19,0.1,0.73,0.0,0.02,9.74,0.22,0.69,-0.5,-1.23,3029.0,33,91.8
56,丁冠皓,桃園台啤永豐雲豹,12,112,145.0,1816.0,30.27,30:16,151.33,2.52,02:31,5.0,0.42,3.45,5.95,6.0,0.5,4.14,7.14,2.0,0.17,1.38,2.38,3.0,0.25,2.07,3.57,1.0,0.08,0.69,1.19,3.0,0.25,2.07,3.57,1.0,0.08,0.69,1.19,0.0,0.0,0.0,0.0,0.0,0.0,0.0,0.0,1.0,0.08,0.69,1.19,1.0,0.08,0.69,1.19,2.0,0.17,1.38,2.38,0.0,0.0,0.0,0.0,0.0,0.0,0.0,0.0,1.0,0.08,0.69,1.19,9.0,0.75,6.21,10.7,19.0,1.58,13.1,22.6,42.07,39.31,2.76,4.0,0.33,2.76,114.98,0.42,0.42,0.33,0.33,,0.14,0.1,4.83,0.06,0.07,0.06,0.0,0.0,0.06,13.1,0.0,0.0,-0.03,-0.02,145.0,12,12.1
55,汪哲宇,桃園台啤永豐雲豹,21,452,561.0,7042.0,117.37,117:22,335.33,5.59,05:35,34.0,1.62,6.06,10.43,33.0,1.57,5.88,10.12,13.0,0.62,2.32,3.99,12.0,0.57,2.14,3.68,7.0,0.33,1.25,2.15,21.0,1.0,3.74,6.44,6.0,0.29,1.07,1.84,2.0,0.1,0.36,0.61,2.0,0.1,0.36,0.61,2.0,0.1,0.36,0.61,16.0,0.76,2.85,4.91,3.0,0.14,0.53,0.92,6.0,0.29,1.07,1.84,0.0,0.0,0.0,0.0,4.0,0.19,0.71,1.23,17.0,0.81,3.03,5.21,84.0,4.0,14.97,25.77,39.39,36.9,2.5,14.0,0.67,2.5,114.72,0.48,0.5,0.58,0.29,1.0,0.11,0.04,6.75,0.03,0.23,0.12,1.07,0.0,0.03,14.97,0.06,-0.18,-0.95,-0.77,561.0,21,26.7
64,劉元凱,桃園台啤永豐雲豹,15,139,187.0,2228.0,37.13,37:08,148.53,2.48,02:29,9.0,0.6,4.81,8.73,3.0,0.2,1.6,2.91,2.0,0.13,1.07,1.94,3.0,0.2,1.6,2.91,2.0,0.13,1.07,1.94,0.0,0.0,0.0,0.0,0.0,0.0,0.0,0.0,6.0,0.4,3.21,5.82,5.0,0.33,2.67,4.85,2.0,0.13,1.07,1.94,9.0,0.6,4.81,8.73,3.0,0.2,1.6,2.91,2.0,0.13,1.07,1.94,0.0,0.0,0.0,0.0,3.0,0.2,1.6,2.91,6.0,0.4,3.21,5.82,32.0,2.13,17.11,31.02,29.41,34.76,-5.35,-10.0,-0.67,-5.35,120.86,0.67,0.8,0.67,,0.83,0.35,0.19,4.62,0.07,0.27,0.18,1.07,0.0,0.03,17.11,2.0,-0.74,-1.17,-0.42,187.0,15,12.5
3129,董永全,桃園台啤永豐雲豹,27,1443,1739.0,22887.0,381.45,381:27,847.67,14.13,14:08,54.0,2.0,3.11,5.1,60.0,2.22,3.45,5.66,17.0,0.63,0.98,1.6,18.0,0.67,1.04,1.7,5.0,0.19,0.29,0.47,42.0,1.56,2.42,3.96,12.0,0.44,0.69,1.13,12.0,0.44,0.69,1.13,8.0,0.3,0.46,0.76,10.0,0.37,0.58,0.94,41.0,1.52,2.36,3.87,12.0,0.44,0.69,1.13,11.0,0.41,0.63,1.04,5.0,0.19,0.29,0.47,9.0,0.33,0.52,0.85,54.0,2.0,3.11,5.1,178.0,6.59,10.24,16.8,44.45,40.83,3.62,63.0,2.33,3.62,109.41,0.38,0.41,0.28,0.29,0.67,0.12,0.05,4.27,0.04,0.24,0.12,0.63,0.29,0.03,10.24,0.2,1.21,0.15,-1.0,1739.0,27,64.4
10884,徐宏瑋,桃園台啤永豐雲豹,27,557,698.0,8813.0,146.88,146:53,326.41,5.44,05:26,36.0,1.33,5.16,8.82,34.0,1.26,4.87,8.33,13.0,0.48,1.86,3.19,18.0,0.67,2.58,4.41,6.0,0.22,0.86,1.47,16.0,0.59,2.29,3.92,7.0,0.26,1.0,1.72,4.0,0.15,0.57,0.98,3.0,0.11,0.43,0.74,3.0,0.11,0.43,0.74,5.0,0.19,0.72,1.23,9.0,0.33,1.29,2.21,6.0,0.22,0.86,1.47,0.0,0.0,0.0,0.0,18.0,0.67,2.58,4.41,18.0,0.67,2.58,4.41,83.0,3.07,11.89,20.34,39.54,39.4,0.14,1.0,0.04,0.14,114.05,0.49,0.5,0.33,0.44,0.75,0.33,0.1,7.7,0.03,0.07,0.05,0.86,0.0,0.03,11.89,0.12,-0.56,-0.84,-0.28,698.0,27,25.9
4,張兆辰,臺北台新戰神,18,995,1223.0,15935.0,265.58,265:35,885.28,14.75,14:45,74.0,4.11,6.05,10.03,77.0,4.28,6.3,10.44,27.0,1.5,2.21,3.66,29.0,1.61,2.37,3.93,11.0,0.61,0.9,1.49,48.0,2.67,3.92,6.51,16.0,0.89,1.31,2.17,10.0,0.56,0.82,1.36,4.0,0.22,0.33,0.54,13.0,0.72,1.06,1.76,15.0,0.83,1.23,2.03,11.0,0.61,0.9,1.49,12.0,0.67,0.98,1.63,2.0,0.11,0.16,0.27,14.0,0.78,1.14,1.9,32.0,1.78,2.62,4.34,127.0,7.06,10.38,17.21,41.21,47.34,-6.13,-75.0,-4.17,-6.13,110.52,0.45,0.45,0.38,0.33,0.4,0.15,0.07,7.8,0.06,0.15,0.09,0.98,0.16,0.03,10.38,0.13,-1.27,-0.84,0.46,1223.0,18,67.9
5,黃聰翰,臺北台新戰神,28,2336,2770.0,37546.0,625.77,625:46,1340.93,22.35,22:21,219.0,7.82,7.91,12.6,178.0,6.36,6.43,10.24,72.0,2.57,2.6,4.14,24.0,0.86,0.87,1.38,12.0,0.43,0.43,0.69,154.0,5.5,5.56,8.86,60.0,2.14,2.17,3.45,19.0,0.68,0.69,1.09,15.0,0.54,0.54,0.86,11.0,0.39,0.4,0.63,45.0,1.61,1.62,2.59,17.0,0.61,0.61,0.98,21.0,0.75,0.76,1.21,6.0,0.21,0.22,0.35,15.0,0.54,0.54,0.86,43.0,1.54,1.55,2.47,301.0,10.75,10.87,17.32,45.09,47.47,-2.38,-66.0,-2.36,-2.38,106.24,0.57,0.59,0.5,0.39,0.79,0.07,0.05,7.27,0.03,0.21,0.09,0.76,0.22,0.02,10.87,0.11,0.32,1.0,0.67,2770.0,28,98.9
10,雷蒙恩,臺北台新戰神,29,3586,4299.0,56712.0,945.2,945:12,1955.59,32.59,32:36,315.0,10.86,7.33,12.0,283.0,9.76,6.58,10.78,116.0,4.0,2.7,4.42,181.0,6.24,4.21,6.89,89.0,3.07,2.07,3.39,102.0,3.52,2.37,3.88,27.0,0.93,0.63,1.03,86.0,2.97,2.0,3.28,56.0,1.93,1.3,2.13,50.0,1.72,1.16,1.9,104.0,3.59,2.42,3.96,75.0,2.59,1.74,2.86,34.0,1.17,0.79,1.29,8.0,0.28,0.19,0.3,53.0,1.83,1.23,2.02,69.0,2.38,1.61,2.63,463.0,15.97,10.77,17.63,44.41,47.48,-3.07,-132.0,-4.55,-3.07,109.16,0.46,0.49,0.49,0.26,0.65,0.14,0.14,8.7,0.07,0.28,0.14,0.79,0.19,0.02,10.77,0.3,-1.21,0.36,1.53,4299.0,29,148.2
10868,齊曼加,臺北台新戰神,8,851,1054.0,13596.0,226.6,226:36,1699.5,28.32,28:20,89.0,11.12,8.44,14.14,54.0,6.75,5.12,8.58,31.0,3.88,2.94,4.92,53.0,6.62,5.03,8.42,31.0,3.88,2.94,4.92,1.0,0.12,0.09,0.16,0.0,0.0,0.0,0.0,46.0,5.75,4.36,7.31,27.0,3.38,2.56,4.29,44.0,5.5,4.17,6.99,58.0,7.25,5.5,9.21,7.0,0.88,0.66,1.11,14.0,1.75,1.33,2.22,10.0,1.25,0.95,1.59,28.0,3.5,2.66,4.45,33.0,4.12,3.13,5.24,106.0,13.25,10.06,16.84,42.41,44.59,-2.18,-23.0,-2.88,-2.18,111.63,0.57,0.6,0.58,0.0,0.59,0.27,0.05,9.7,0.24,0.45,0.32,1.33,0.95,0.03,10.06,0.85,0.07,-0.39,-0.46,1054.0,8,131.8
10870,洛夫頓,臺北台新戰神,9,1214,1480.0,18504.0,308.4,308:24,2056.0,34.27,34:16,225.0,25.0,15.2,26.26,184.0,20.44,12.43,21.48,82.0,9.11,5.54,9.57,100.0,11.11,6.76,11.67,51.0,5.67,3.45,5.95,84.0,9.33,5.68,9.81,31.0,3.44,2.09,3.62,40.0,4.44,2.7,4.67,30.0,3.33,2.03,3.5,9.0,1.0,0.61,1.05,30.0,3.33,2.03,3.5,43.0,4.78,2.91,5.02,7.0,0.78,0.47,0.82,3.0,0.33,0.2,0.35,33.0,3.67,2.23,3.85,20.0,2.22,1.35,2.33,169.0,18.78,11.42,19.73,45.0,48.24,-3.24,-48.0,-5.33,-3.24,115.18,0.53,0.56,0.51,0.37,0.75,0.14,0.26,15.85,0.04,0.26,0.11,0.47,0.2,0.01,11.42,0.22,0.1,1.15,1.12,1480.0,9,164.4
14,錢肯尼,臺北台新戰神,31,3400,4065.0,52933.0,882.22,882:13,1707.52,28.46,28:28,269.0,8.68,6.62,10.98,232.0,7.48,5.71,9.47,112.0,3.61,2.76,4.57,153.0,4.94,3.76,6.24,88.0,2.84,2.16,3.59,79.0,2.55,1.94,3.22,24.0,0.77,0.59,0.98,41.0,1.32,1.01,1.67,21.0,0.68,0.52,0.86,23.0,0.74,0.57,0.94,67.0,2.16,1.65,2.73,56.0,1.81,1.38,2.29,25.0,0.81,0.62,1.02,8.0,0.26,0.2,0.33,55.0,1.77,1.35,2.24,84.0,2.71,2.07,3.43,359.0,11.58,8.83,14.65,44.11,46.4,-2.29,-93.0,-3.0,-2.29,110.59,0.53,0.54,0.58,0.3,0.51,0.18,0.11,7.5,0.04,0.21,0.09,0.62,0.2,0.02,8.83,0.18,0.13,-0.14,-0.22,4065.0,31,131.1
13,陳冠全,臺北台新戰神,18,591,697.0,9472.0,157.87,157:52,526.22,8.77,08:46,36.0,2.0,5.16,8.21,36.0,2.0,5.16,8.21,15.0,0.83,2.15,3.42,27.0,1.5,3.87,6.16,12.0,0.67,1.72,2.74,9.0,0.5,1.29,2.05,3.0,0.17,0.43,0.68,4.0,0.22,0.57,0.91,3.0,0.17,0.43,0.68,9.0,0.5,1.29,2.05,11.0,0.61,1.58,2.51,8.0,0.44,1.15,1.82,6.0,0.33,0.86,1.37,4.0,0.22,0.57,0.91,9.0,0.5,1.29,2.05,20.0,1.11,2.87,4.56,71.0,3.94,10.19,16.19,44.91,51.22,-6.31,-44.0,-2.44,-6.31,105.96,0.46,0.48,0.44,0.33,0.75,0.19,0.09,6.71,0.07,0.2,0.11,0.86,0.57,0.03,10.19,0.11,-1.04,0.35,1.44,697.0,18,38.7
10869,基德,臺北台新戰神,17,2196,2649.0,34666.0,577.77,577:46,2039.18,33.99,33:59,362.0,21.29,13.67,22.56,304.0,17.88,11.48,18.94,126.0,7.41,4.76,7.85,153.0,9.0,5.78,9.53,75.0,4.41,2.83,4.67,151.0,8.88,5.7,9.41,51.0,3.0,1.93,3.18,81.0,4.76,3.06,5.05,59.0,3.47,2.23,3.68,27.0,1.59,1.02,1.68,99.0,5.82,3.74,6.17,43.0,2.53,1.62,2.68,26.0,1.53,0.98,1.62,8.0,0.47,0.3,0.5,41.0,2.41,1.55,2.55,46.0,2.71,1.74,2.87,324.0,19.06,12.23,20.19,44.55,44.66,-0.11,-3.0,-0.18,-0.11,110.04,0.5,0.53,0.49,0.34,0.73,0.11,0.16,14.37,0.06,0.35,0.18,0.98,0.3,0.02,12.23,0.27,1.79,0.84,-0.93,2649.0,17,155.8
3,陳文宏,臺北台新戰神,27,1220,1454.0,18915.0,315.25,315:15,700.56,11.68,11:41,72.0,2.67,4.95,8.22,55.0,2.04,3.78,6.28,23.0,0.85,1.58,2.63,11.0,0.41,0.76,1.26,8.0,0.3,0.55,0.91,44.0,1.63,3.03,5.02,15.0,0.56,1.03,1.71,14.0,0.52,0.96,1.6,11.0,0.41,0.76,1.26,7.0,0.26,0.48,0.8,19.0,0.7,1.31,2.17,11.0,0.41,0.76,1.26,8.0,0.3,0.55,0.91,1.0,0.04,0.07,0.11,9.0,0.33,0.62,1.03,25.0,0.93,1.72,2.85,196.0,7.26,13.48,22.38,38.86,47.59,-8.73,-127.0,-4.7,-8.73,110.69,0.55,0.59,0.73,0.34,0.79,0.13,0.07,4.83,0.03,0.16,0.07,0.55,0.07,0.02,13.48,0.25,-3.03,-2.17,0.9,1454.0,27,53.9
1,丁聖儒,臺北台新戰神,27,3665,4358.0,58152.0,969.2,969:12,2153.78,35.9,35:54,325.0,12.04,7.46,12.07,245.0,9.07,5.62,9.1,90.0,3.33,2.07,3.34,107.0,3.96,2.46,3.97,41.0,1.52,0.94,1.52,138.0,5.11,3.17,5.13,49.0,1.81,1.12,1.82,116.0,4.3,2.66,4.31,96.0,3.56,2.2,3.57,21.0,0.78,0.48,0.78,65.0,2.41,1.49,2.41,198.0,7.33,4.54,7.35,38.0,1.41,0.87,1.41,0.0,0.0,0.0,0.0,72.0,2.67,1.65,2.67,64.0,2.37,1.47,2.38,457.0,16.93,10.49,16.97,45.94,46.93,-0.99,-43.0,-1.59,-0.99,107.92,0.47,0.55,0.38,0.36,0.83,0.2,0.33,8.45,0.03,0.2,0.09,0.87,0.0,0.01,10.49,0.47,1.52,2.02,0.41,4358.0,27,161.4
7,孫思堯,臺北台新戰神,6,72,89.0,934.0,15.57,15:34,155.67,2.59,02:36,0.0,0.0,0.0,0.0,1.0,0.17,1.12,2.31,0.0,0.0,0.0,0.0,0.0,0.0,0.0,0.0,0.0,0.0,0.0,0.0,1.0,0.17,1.12,2.31,0.0,0.0,0.0,0.0,0.0,0.0,0.0,0.0,0.0,0.0,0.0,0.0,0.0,0.0,0.0,0.0,2.0,0.33,2.25,4.63,0.0,0.0,0.0,0.0,1.0,0.17,1.12,2.31,0.0,0.0,0.0,0.0,4.0,0.67,4.49,9.25,6.0,1.0,6.74,13.88,12.0,2.0,13.48,27.75,17.98,44.94,-26.97,-24.0,-4.0,-26.97,137.22,0.0,0.0,,0.0,,0.8,0.0,5.62,0.0,0.18,0.08,1.12,0.0,0.07,13.48,0.0,-1.1,-1.04,0.07,89.0,6,14.8
32,奧帝,新北國王,15,1377,1611.0,21314.0,355.23,355:14,1420.93,23.68,23:41,205.0,13.67,12.73,20.78,158.0,10.53,9.81,16.01,76.0,5.07,4.72,7.7,67.0,4.47,4.16,6.79,42.0,2.8,2.61,4.26,91.0,6.07,5.65,9.22,34.0,2.27,2.11,3.45,22.0,1.47,1.37,2.23,19.0,1.27,1.18,1.93,2.0,0.13,0.12,0.2,94.0,6.27,5.83,9.53,34.0,2.27,2.11,3.45,7.0,0.47,0.43,0.71,5.0,0.33,0.31,0.51,30.0,2.0,1.86,3.04,61.0,4.07,3.79,6.18,237.0,15.8,14.71,24.02,43.33,45.44,-2.11,-34.0,-2.27,-2.11,108.84,0.59,0.61,0.63,0.37,0.86,0.15,0.19,12.27,0.01,0.47,0.21,0.43,0.31,0.04,14.71,0.14,-1.31,-0.74,0.72,1611.0,15,107.4
8889,馬可,新北中信特攻,25,3357,4009.0,52784.0,879.73,879:44,2111.36,35.19,35:11,567.0,22.68,14.14,23.2,382.0,15.28,9.53,15.63,197.0,7.88,4.91,8.06,282.0,11.28,7.03,11.54,163.0,6.52,4.07,6.67,100.0,4.0,2.49,4.09,34.0,1.36,0.85,1.39,201.0,8.04,5.01,8.23,139.0,5.56,3.47,5.69,116.0,4.64,2.89,4.75,221.0,8.84,5.51,9.04,68.0,2.72,1.7,2.78,46.0,1.84,1.15,1.88,20.0,0.8,0.5,0.82,73.0,2.92,1.82,2.99,96.0,3.84,2.39,3.93,364.0,14.56,9.08,14.9,43.68,41.83,1.85,74.0,2.96,1.85,109.37,0.56,0.6,0.58,0.34,0.69,0.13,0.15,13.56,0.16,0.48,0.28,1.15,0.5,0.02,9.08,0.53,-0.03,-1.19,-1.1,4009.0,25,160.4
10865,謝銘駿,臺北台新戰神,29,1975,2388.0,31181.0,519.68,519:41,1075.21,17.92,17:55,119.0,4.1,4.98,8.24,113.0,3.9,4.73,7.83,43.0,1.48,1.8,2.98,76.0,2.62,3.18,5.26,32.0,1.1,1.34,2.22,37.0,1.28,1.55,2.56,11.0,0.38,0.46,0.76,34.0,1.17,1.42,2.36,22.0,0.76,0.92,1.52,15.0,0.52,0.63,1.04,42.0,1.45,1.76,2.91,30.0,1.03,1.26,2.08,13.0,0.45,0.54,0.9,0.0,0.0,0.0,0.0,26.0,0.9,1.09,1.8,49.0,1.69,2.05,3.39,273.0,9.41,11.43,18.91,42.42,45.02,-2.6,-62.0,-2.14,-2.6,110.28,0.43,0.46,0.42,0.3,0.65,0.17,0.1,6.45,0.04,0.21,0.09,0.54,0.0,0.02,11.43,0.3,-0.21,-0.53,-0.32,2388.0,29,82.3
10863,魏芃禾,臺北台新戰神,22,623,774.0,9848.0,164.13,164:08,447.64,7.46,07:28,32.0,1.45,4.13,7.02,44.0,2.0,5.68,9.65,10.0,0.45,1.29,2.19,17.0,0.77,2.2,3.73,7.0,0.32,0.9,1.54,27.0,1.23,3.49,5.92,3.0,0.14,0.39,0.66,14.0,0.64,1.81,3.07,9.0,0.41,1.16,1.97,8.0,0.36,1.03,1.75,8.0,0.36,1.03,1.75,21.0,0.95,2.71,4.61,11.0,0.5,1.42,2.41,0.0,0.0,0.0,0.0,15.0,0.68,1.94,3.29,24.0,1.09,3.1,5.26,110.0,5.0,14.21,24.13,36.3,44.57,-8.27,-64.0,-2.91,-8.27,113.18,0.26,0.32,0.41,0.11,0.64,0.23,0.24,8.42,0.06,0.12,0.08,1.42,0.0,0.03,14.21,0.32,-1.47,-1.61,-0.15,774.0,22,35.2
2,江均,臺北台新戰神,16,418,511.0,6468.0,107.8,107:48,404.25,6.74,06:44,16.0,1.0,3.13,5.34,23.0,1.44,4.5,7.68,6.0,0.38,1.17,2.0,11.0,0.69,2.15,3.67,3.0,0.19,0.59,1.0,12.0,0.75,2.35,4.01,3.0,0.19,0.59,1.0,8.0,0.5,1.57,2.67,1.0,0.06,0.2,0.33,5.0,0.31,0.98,1.67,5.0,0.31,0.98,1.67,4.0,0.25,0.78,1.34,5.0,0.31,0.98,1.67,1.0,0.06,0.2,0.33,7.0,0.44,1.37,2.34,13.0,0.81,2.54,4.34,80.0,5.0,15.66,26.72,36.79,45.4,-8.61,-44.0,-2.75,-8.61,113.77,0.33,0.3,0.27,0.25,0.12,0.21,0.07,6.56,0.06,0.12,0.08,0.98,0.2,0.03,15.66,0.35,-1.13,-1.09,0.09,511.0,16,31.9
75,高國豪,新竹御嵿攻城獅,29,3675,4382.0,58451.0,974.18,974:11,2015.55,33.59,33:36,455.0,15.69,10.38,16.81,388.0,13.38,8.85,14.34,174.0,6.0,3.97,6.43,253.0,8.72,5.77,9.35,121.0,4.17,2.76,4.47,135.0,4.66,3.08,4.99,53.0,1.83,1.21,1.96,68.0,2.34,1.55,2.51,54.0,1.86,1.23,2.0,38.0,1.31,0.87,1.4,58.0,2.0,1.32,2.14,100.0,3.45,2.28,3.7,46.0,1.59,1.05,1.7,0.0,0.0,0.0,0.0,38.0,1.31,0.87,1.4,67.0,2.31,1.53,2.48,389.0,13.41,8.88,14.38,45.05,41.49,3.56,156.0,5.38,3.56,107.96,0.52,0.54,0.48,0.39,0.79,0.08,0.19,10.4,0.05,0.17,0.09,1.05,0.0,0.02,8.88,0.18,3.08,1.77,-1.44,4382.0,29,151.1
76,曾柏喻,新竹御嵿攻城獅,31,3608,4306.0,57758.0,962.63,962:38,1863.16,31.05,31:03,314.0,10.13,7.29,11.74,273.0,8.81,6.34,10.21,112.0,3.61,2.6,4.19,202.0,6.52,4.69,7.55,93.0,3.0,2.16,3.48,71.0,2.29,1.65,2.66,19.0,0.61,0.44,0.71,105.0,3.39,2.44,3.93,71.0,2.29,1.65,2.66,21.0,0.68,0.49,0.79,73.0,2.35,1.7,2.73,184.0,5.94,4.27,6.88,29.0,0.94,0.67,1.08,2.0,0.06,0.05,0.07,78.0,2.52,1.81,2.92,45.0,1.45,1.05,1.68,371.0,11.97,8.62,13.87,44.54,42.01,2.53,109.0,3.52,2.53,107.36,0.45,0.49,0.46,0.27,0.68,0.2,0.32,9.22,0.03,0.2,0.09,0.67,0.05,0.01,8.62,0.38,0.95,0.59,-0.36,4306.0,31,138.9
90,李啓瑋,新竹御嵿攻城獅,20,1020,1228.0,15818.0,263.63,263:38,790.9,13.18,13:11,69.0,3.45,5.62,9.42,72.0,3.6,5.86,9.83,24.0,1.2,1.95,3.28,20.0,1.0,1.63,2.73,11.0,0.55,0.9,1.5,52.0,2.6,4.23,7.1,13.0,0.65,1.06,1.78,9.0,0.45,0.73,1.23,8.0,0.4,0.65,1.09,12.0,0.6,0.98,1.64,19.0,0.95,1.55,2.59,23.0,1.15,1.87,3.14,10.0,0.5,0.81,1.37,2.0,0.1,0.16,0.27,13.0,0.65,1.06,1.78,30.0,1.5,2.44,4.1,102.0,5.1,8.31,13.93,46.42,43.57,2.85,35.0,1.75,2.85,111.79,0.42,0.45,0.55,0.25,0.89,0.15,0.12,7.24,0.07,0.16,0.1,0.81,0.16,0.02,8.31,0.12,0.66,1.05,0.44,1228.0,20,61.4
10887,德魯,新竹御嵿攻城獅,30,4125,4943.0,65468.0,1091.13,1091:08,2182.27,36.37,36:22,579.0,19.3,11.71,19.1,362.0,12.07,7.32,11.94,177.0,5.9,3.58,5.84,181.0,6.03,3.66,5.97,120.0,4.0,2.43,3.96,181.0,6.03,3.66,5.97,57.0,1.9,1.15,1.88,216.0,7.2,4.37,7.13,168.0,5.6,3.4,5.54,53.0,1.77,1.07,1.75,302.0,10.07,6.11,9.96,81.0,2.7,1.64,2.67,45.0,1.5,0.91,1.48,30.0,1.0,0.61,0.99,69.0,2.3,1.4,2.28,78.0,2.6,1.58,2.57,459.0,15.3,9.29,15.14,44.69,42.44,2.25,111.0,3.7,2.25,108.72,0.57,0.63,0.66,0.31,0.78,0.13,0.14,10.64,0.07,0.47,0.25,0.91,0.61,0.02,9.29,0.6,1.44,1.44,0.03,4943.0,30,164.8
10888,帕塞獅,新竹御嵿攻城獅,20,2156,2577.0,34907.0,581.78,581:47,1745.35,29.09,29:05,236.0,11.8,9.16,14.6,180.0,9.0,6.98,11.14,103.0,5.15,4.0,6.37,173.0,8.65,6.71,10.71,103.0,5.15,4.0,6.37,7.0,0.35,0.27,0.43,0.0,0.0,0.0,0.0,70.0,3.5,2.72,4.33,30.0,1.5,1.16,1.86,59.0,2.95,2.29,3.65,96.0,4.8,3.73,5.94,34.0,1.7,1.32,2.1,19.0,0.95,0.74,1.18,27.0,1.35,1.05,1.67,31.0,1.55,1.2,1.92,66.0,3.3,2.56,4.08,206.0,10.3,7.99,12.75,44.24,41.17,3.07,79.0,3.95,3.07,106.31,0.57,0.56,0.6,0.0,0.43,0.13,0.1,9.38,0.13,0.39,0.22,0.74,1.05,0.03,7.99,0.39,1.17,0.26,-0.86,2577.0,20,128.8
10862,提傑,新竹御嵿攻城獅,28,3269,3904.0,52042.0,867.37,867:22,1858.64,30.98,30:59,309.0,11.04,7.91,12.83,238.0,8.5,6.1,9.88,115.0,4.11,2.95,4.77,157.0,5.61,4.02,6.52,87.0,3.11,2.23,3.61,81.0,2.89,2.07,3.36,28.0,1.0,0.72,1.16,70.0,2.5,1.79,2.91,51.0,1.82,1.31,2.12,55.0,1.96,1.41,2.28,177.0,6.32,4.53,7.35,60.0,2.14,1.54,2.49,39.0,1.39,1.0,1.62,22.0,0.79,0.56,0.91,61.0,2.18,1.56,2.53,75.0,2.68,1.92,3.11,368.0,13.14,9.43,15.27,42.01,41.83,0.18,7.0,0.25,0.18,108.02,0.54,0.57,0.55,0.35,0.73,0.18,0.13,8.45,0.08,0.38,0.2,1.0,0.56,0.02,9.43,0.29,0.31,-0.93,-1.18,3904.0,28,139.4
12668,歐提斯,高雄全家海神,12,1215,1474.0,18897.0,314.95,314:57,1574.75,26.25,26:15,146.0,12.17,9.91,16.69,140.0,11.67,9.5,16.0,54.0,4.5,3.66,6.17,78.0,6.5,5.29,8.92,35.0,2.92,2.37,4.0,62.0,5.17,4.21,7.09,19.0,1.58,1.29,2.17,26.0,2.17,1.76,2.97,19.0,1.58,1.29,2.17,11.0,0.92,0.75,1.26,49.0,4.08,3.32,5.6,17.0,1.42,1.15,1.94,14.0,1.17,0.95,1.6,3.0,0.25,0.2,0.34,27.0,2.25,1.83,3.09,26.0,2.17,1.76,2.97,193.0,16.08,13.09,22.06,40.37,48.24,-7.87,-116.0,-9.67,-7.87,112.32,0.45,0.48,0.45,0.31,0.73,0.15,0.11,12.11,0.05,0.31,0.15,0.95,0.2,0.02,13.09,0.19,-1.82,-0.47,1.26,1474.0,12,122.8
82,蕭順議,新竹御嵿攻城獅,13,679,822.0,10589.0,176.48,176:29,814.54,13.58,13:35,43.0,3.31,5.23,8.77,38.0,2.92,4.62,7.75,15.0,1.15,1.82,3.06,25.0,1.92,3.04,5.1,13.0,1.0,1.58,2.65,13.0,1.0,1.58,2.65,2.0,0.15,0.24,0.41,18.0,1.38,2.19,3.67,11.0,0.85,1.34,2.24,8.0,0.62,0.97,1.63,9.0,0.69,1.09,1.84,10.0,0.77,1.22,2.04,6.0,0.46,0.73,1.22,0.0,0.0,0.0,0.0,6.0,0.46,0.73,1.22,20.0,1.54,2.43,4.08,84.0,6.46,10.22,17.13,41.12,41.85,-0.73,-6.0,-0.46,-0.73,111.78,0.42,0.47,0.52,0.15,0.61,0.12,0.09,6.32,0.06,0.16,0.09,0.73,0.0,0.02,10.22,0.47,-0.04,-0.41,-0.33,822.0,13,63.2
71,李漢昇,新竹御嵿攻城獅,6,259,322.0,4337.0,72.28,72:17,722.83,12.05,12:03,16.0,2.67,4.97,7.97,20.0,3.33,6.21,9.96,6.0,1.0,1.86,2.99,7.0,1.17,2.17,3.49,3.0,0.5,0.93,1.49,13.0,2.17,4.04,6.47,3.0,0.5,0.93,1.49,2.0,0.33,0.62,1.0,1.0,0.17,0.31,0.5,0.0,0.0,0.0,0.0,6.0,1.0,1.86,2.99,12.0,2.0,3.73,5.98,1.0,0.17,0.31,0.5,0.0,0.0,0.0,0.0,6.0,1.0,1.86,2.99,2.0,0.33,0.62,1.0,36.0,6.0,11.18,17.93,39.75,48.14,-8.39,-27.0,-4.5,-8.39,106.91,0.38,0.38,0.43,0.23,0.5,0.22,0.32,8.35,0.0,0.2,0.08,0.31,0.0,0.01,11.18,0.1,-0.91,-0.34,0.65,322.0,6,53.7
88,盧冠軒,新竹御嵿攻城獅,32,2182,2610.0,34742.0,579.03,579:02,1085.69,18.09,18:06,213.0,6.66,8.16,13.24,204.0,6.38,7.82,12.68,71.0,2.22,2.72,4.41,78.0,2.44,2.99,4.85,29.0,0.91,1.11,1.8,126.0,3.94,4.83,7.83,42.0,1.31,1.61,2.61,38.0,1.19,1.46,2.36,29.0,0.91,1.11,1.8,8.0,0.25,0.31,0.5,35.0,1.09,1.34,2.18,48.0,1.5,1.84,2.98,16.0,0.5,0.61,0.99,2.0,0.06,0.08,0.12,23.0,0.72,0.88,1.43,22.0,0.69,0.84,1.37,263.0,8.22,10.08,16.35,40.92,43.87,-2.95,-77.0,-2.41,-2.95,108.18,0.45,0.48,0.37,0.33,0.76,0.09,0.16,9.34,0.02,0.15,0.06,0.61,0.08,0.01,10.08,0.19,-1.86,-1.11,0.73,2610.0,32,81.6
87,蔡宸綱,新竹御嵿攻城獅,29,1938,2315.0,30549.0,509.15,509:09,1053.41,17.56,17:33,173.0,5.97,7.47,12.23,169.0,5.83,7.3,11.95,63.0,2.17,2.72,4.45,89.0,3.07,3.84,6.29,40.0,1.38,1.73,2.83,80.0,2.76,3.46,5.66,23.0,0.79,0.99,1.63,38.0,1.31,1.64,2.69,24.0,0.83,1.04,1.7,21.0,0.72,0.91,1.48,48.0,1.66,2.07,3.39,28.0,0.97,1.21,1.98,11.0,0.38,0.48,0.78,10.0,0.34,0.43,0.71,31.0,1.07,1.34,2.19,64.0,2.21,2.76,4.53,243.0,8.38,10.5,17.18,43.54,42.81,0.73,17.0,0.59,0.73,109.12,0.44,0.47,0.45,0.29,0.63,0.14,0.1,9.36,0.05,0.23,0.11,0.48,0.43,0.03,10.5,0.22,0.68,0.63,-0.11,2315.0,29,79.8
10885,劉丞勳,新竹御嵿攻城獅,32,3134,3754.0,49269.0,821.15,821:09,1539.66,25.66,25:40,240.0,7.5,6.39,10.52,232.0,7.25,6.18,10.17,82.0,2.56,2.18,3.59,108.0,3.38,2.88,4.73,38.0,1.19,1.01,1.67,124.0,3.88,3.3,5.44,44.0,1.38,1.17,1.93,38.0,1.19,1.01,1.67,32.0,1.0,0.85,1.4,35.0,1.09,0.93,1.53,77.0,2.41,2.05,3.38,52.0,1.62,1.39,2.28,27.0,0.84,0.72,1.18,9.0,0.28,0.24,0.39,42.0,1.31,1.12,1.84,62.0,1.94,1.65,2.72,369.0,11.53,9.83,16.18,42.54,41.21,1.33,50.0,1.56,1.33,109.72,0.45,0.48,0.35,0.35,0.84,0.14,0.11,7.74,0.06,0.24,0.12,0.72,0.24,0.02,9.83,0.16,0.16,-1.22,-1.34,3754.0,32,117.3
43,林韋翰,新北中信特攻,29,2985,3562.0,46503.0,775.05,775:03,1603.55,26.73,26:44,208.0,7.17,5.84,9.66,210.0,7.24,5.9,9.75,72.0,2.48,2.02,3.34,63.0,2.17,1.77,2.93,29.0,1.0,0.81,1.35,147.0,5.07,4.13,6.83,43.0,1.48,1.21,2.0,29.0,1.0,0.81,1.35,21.0,0.72,0.59,0.98,9.0,0.31,0.25,0.42,46.0,1.59,1.29,2.14,153.0,5.28,4.3,7.11,49.0,1.69,1.38,2.28,0.0,0.0,0.0,0.0,70.0,2.41,1.97,3.25,44.0,1.52,1.24,2.04,369.0,12.72,10.36,17.14,46.18,41.91,4.27,152.0,5.24,4.27,110.3,0.45,0.47,0.46,0.29,0.72,0.24,0.29,8.22,0.02,0.18,0.07,1.38,0.0,0.01,10.36,0.14,2.33,1.24,-1.04,3562.0,29,122.8
35,李睿麒,新北中信特攻,5,98,120.0,1524.0,25.4,25:24,304.8,5.08,05:05,14.0,2.8,11.67,19.84,11.0,2.2,9.17,15.59,6.0,1.2,5.0,8.5,4.0,0.8,3.33,5.67,4.0,0.8,3.33,5.67,7.0,1.4,5.83,9.92,2.0,0.4,1.67,2.83,0.0,0.0,0.0,0.0,0.0,0.0,0.0,0.0,4.0,0.8,3.33,5.67,3.0,0.6,2.5,4.25,0.0,0.0,0.0,0.0,2.0,0.4,1.67,2.83,1.0,0.2,0.83,1.42,1.0,0.2,0.83,1.42,3.0,0.6,2.5,4.25,19.0,3.8,15.83,26.93,45.83,35.0,10.83,13.0,2.6,10.83,113.39,0.64,0.64,1.0,0.29,,0.08,0.0,10.0,0.18,0.27,0.21,1.67,0.83,0.02,15.83,0.0,0.64,0.23,-0.41,120.0,5,24.0
10883,林安龍,新北中信特攻,6,39,50.0,540.0,9.0,09:00,90.0,1.5,01:30,3.0,0.5,6.0,12.0,5.0,0.83,10.0,20.0,1.0,0.17,2.0,4.0,1.0,0.17,2.0,4.0,0.0,0.0,0.0,0.0,4.0,0.67,8.0,16.0,1.0,0.17,2.0,4.0,0.0,0.0,0.0,0.0,0.0,0.0,0.0,0.0,0.0,0.0,0.0,0.0,1.0,0.17,2.0,4.0,0.0,0.0,0.0,0.0,1.0,0.17,2.0,4.0,0.0,0.0,0.0,0.0,2.0,0.33,4.0,8.0,1.0,0.17,2.0,4.0,9.0,1.5,18.0,36.0,32.0,44.0,-12.0,-6.0,-1.0,-12.0,133.33,0.3,0.3,0.0,0.25,,0.29,0.0,14.0,0.0,0.17,0.08,2.0,0.0,0.02,18.0,0.0,-0.27,-0.28,-0.01,50.0,6,8.3
60,黃鎮,桃園台啤永豐雲豹,10,81,111.0,1365.0,22.75,22:45,136.5,2.28,02:16,6.0,0.6,5.41,9.49,8.0,0.8,7.21,12.66,2.0,0.2,1.8,3.16,1.0,0.1,0.9,1.58,1.0,0.1,0.9,1.58,7.0,0.7,6.31,11.08,1.0,0.1,0.9,1.58,2.0,0.2,1.8,3.16,1.0,0.1,0.9,1.58,3.0,0.3,2.7,4.75,3.0,0.3,2.7,4.75,1.0,0.1,0.9,1.58,0.0,0.0,0.0,0.0,0.0,0.0,0.0,0.0,0.0,0.0,0.0,0.0,0.0,0.0,0.0,0.0,16.0,1.6,14.41,25.32,38.74,33.33,5.41,6.0,0.6,5.41,117.1,0.31,0.34,1.0,0.14,0.5,0.0,0.08,8.0,0.21,0.16,0.18,0.0,0.0,0.0,14.41,0.25,0.11,-0.22,-0.33,111.0,10,11.1
77,馬建豪,福爾摩沙夢想家,21,2248,2705.0,34215.0,570.25,570:15,1629.29,27.15,27:09,263.0,12.52,9.72,16.6,195.0,9.29,7.21,12.31,77.0,3.67,2.85,4.86,82.0,3.9,3.03,5.18,38.0,1.81,1.4,2.4,113.0,5.38,4.18,7.13,39.0,1.86,1.44,2.46,91.0,4.33,3.36,5.74,70.0,3.33,2.59,4.42,12.0,0.57,0.44,0.76,70.0,3.33,2.59,4.42,43.0,2.05,1.59,2.71,20.0,0.95,0.74,1.26,9.0,0.43,0.33,0.57,45.0,2.14,1.66,2.84,46.0,2.19,1.7,2.9,275.0,13.1,10.17,17.36,44.99,43.25,1.74,47.0,2.24,1.74,113.84,0.49,0.56,0.46,0.35,0.77,0.16,0.13,10.35,0.03,0.28,0.13,0.74,0.33,0.02,10.17,0.47,0.59,0.18,-0.41,2705.0,21,128.8
10861,迪亞洛,桃園台啤永豐雲豹,21,2322,2787.0,35192.0,586.53,586:32,1675.81,27.93,27:56,388.0,18.48,13.92,23.81,266.0,12.67,9.54,16.33,157.0,7.48,5.63,9.64,266.0,12.67,9.54,16.33,157.0,7.48,5.63,9.64,0.0,0.0,0.0,0.0,0.0,0.0,0.0,0.0,109.0,5.19,3.91,6.69,74.0,3.52,2.66,4.54,73.0,3.48,2.62,4.48,168.0,8.0,6.03,10.31,27.0,1.29,0.97,1.66,15.0,0.71,0.54,0.92,18.0,0.86,0.65,1.1,56.0,2.67,2.01,3.44,45.0,2.14,1.61,2.76,250.0,11.9,8.97,15.34,44.71,39.9,4.81,134.0,6.38,4.81,114.04,0.59,0.62,0.59,,0.68,0.15,0.09,13.27,0.16,0.47,0.29,0.54,0.65,0.02,8.97,0.41,2.42,0.53,-1.85,2787.0,21,132.7
108,魏莨哲,高雄全家海神,11,564,678.0,8755.0,145.92,145:55,795.91,13.27,13:16,34.0,3.09,5.01,8.39,38.0,3.45,5.6,9.38,13.0,1.18,1.92,3.21,26.0,2.36,3.83,6.41,8.0,0.73,1.18,1.97,12.0,1.09,1.77,2.96,5.0,0.45,0.74,1.23,8.0,0.73,1.18,1.97,3.0,0.27,0.44,0.74,8.0,0.73,1.18,1.97,4.0,0.36,0.59,0.99,13.0,1.18,1.92,3.21,5.0,0.45,0.74,1.23,0.0,0.0,0.0,0.0,13.0,1.18,1.92,3.21,10.0,0.91,1.47,2.47,87.0,7.91,12.83,21.46,37.32,46.61,-9.29,-63.0,-5.73,-9.29,111.52,0.41,0.41,0.31,0.42,0.38,0.24,0.18,8.04,0.07,0.11,0.08,0.74,0.0,0.01,12.83,0.21,-1.21,-1.05,0.17,678.0,11,61.6
10891,廖偉皓,高雄全家海神,19,945,1099.0,14880.0,248.0,248:00,783.16,13.05,13:03,86.0,4.53,7.83,12.48,68.0,3.58,6.19,9.87,26.0,1.37,2.37,3.77,25.0,1.32,2.27,3.63,9.0,0.47,0.82,1.31,43.0,2.26,3.91,6.24,17.0,0.89,1.55,2.47,22.0,1.16,2.0,3.19,17.0,0.89,1.55,2.47,2.0,0.11,0.18,0.29,22.0,1.16,2.0,3.19,5.0,0.26,0.45,0.73,8.0,0.42,0.73,1.16,2.0,0.11,0.18,0.29,10.0,0.53,0.91,1.45,23.0,1.21,2.09,3.34,134.0,7.05,12.19,19.45,44.4,51.77,-7.37,-81.0,-4.26,-7.37,106.35,0.51,0.55,0.36,0.4,0.77,0.11,0.04,7.98,0.01,0.31,0.09,0.73,0.18,0.02,12.19,0.32,-1.72,0.44,2.12,1099.0,19,57.8
10890,湯普金斯,福爾摩沙夢想家,18,2273,2685.0,35895.0,598.25,598:15,1994.17,33.24,33:14,307.0,17.06,11.43,18.47,232.0,12.89,8.64,13.96,114.0,6.33,4.25,6.86,118.0,6.56,4.39,7.1,71.0,3.94,2.64,4.27,114.0,6.33,4.25,6.86,43.0,2.39,1.6,2.59,43.0,2.39,1.6,2.59,36.0,2.0,1.34,2.17,30.0,1.67,1.12,1.81,142.0,7.89,5.29,8.54,55.0,3.06,2.05,3.31,33.0,1.83,1.23,1.99,12.0,0.67,0.45,0.72,43.0,2.39,1.6,2.59,46.0,2.56,1.71,2.77,272.0,15.11,10.13,16.37,47.78,43.17,4.62,124.0,6.89,4.62,107.71,0.58,0.61,0.6,0.38,0.84,0.15,0.16,10.95,0.07,0.48,0.24,1.23,0.45,0.02,10.13,0.19,2.26,1.58,-0.59,2685.0,18,149.2
78,朱雲豪,新竹御嵿攻城獅,12,423,508.0,7086.0,118.1,118:06,590.5,9.84,09:50,45.0,3.75,8.86,13.72,42.0,3.5,8.27,12.8,15.0,1.25,2.95,4.57,19.0,1.58,3.74,5.79,7.0,0.58,1.38,2.13,23.0,1.92,4.53,7.01,8.0,0.67,1.57,2.44,9.0,0.75,1.77,2.74,7.0,0.58,1.38,2.13,2.0,0.17,0.39,0.61,12.0,1.0,2.36,3.66,7.0,0.58,1.38,2.13,2.0,0.17,0.39,0.61,2.0,0.17,0.39,0.61,5.0,0.42,0.98,1.52,11.0,0.92,2.17,3.35,50.0,4.17,9.84,15.24,36.02,44.69,-8.66,-44.0,-3.67,-8.66,103.23,0.45,0.49,0.37,0.35,0.78,0.1,0.15,10.03,0.02,0.23,0.09,0.39,0.39,0.02,9.84,0.21,-1.49,-1.29,0.26,508.0,12,42.3
5948,克雷格,新竹御嵿攻城獅,6,566,673.0,8574.0,142.9,142:54,1429.0,23.82,23:49,103.0,17.17,15.3,25.95,86.0,14.33,12.78,21.67,40.0,6.67,5.94,10.08,50.0,8.33,7.43,12.6,30.0,5.0,4.46,7.56,36.0,6.0,5.35,9.07,10.0,1.67,1.49,2.52,16.0,2.67,2.38,4.03,13.0,2.17,1.93,3.28,10.0,1.67,1.49,2.52,18.0,3.0,2.67,4.53,12.0,2.0,1.78,3.02,14.0,2.33,2.08,3.53,3.0,0.5,0.45,0.76,15.0,2.5,2.23,3.78,20.0,3.33,2.97,5.04,92.0,15.33,13.67,23.18,42.05,44.73,-2.67,-18.0,-3.0,-2.67,113.03,0.52,0.55,0.6,0.28,0.81,0.14,0.19,16.05,0.08,0.31,0.16,2.08,0.45,0.03,13.67,0.19,-0.68,-0.14,0.55,673.0,6,112.2
84,李家瑞,新竹御嵿攻城獅,6,44,52.0,669.0,11.15,11:09,111.5,1.86,01:52,4.0,0.67,7.69,12.91,5.0,0.83,9.62,16.14,1.0,0.17,1.92,3.23,1.0,0.17,1.92,3.23,0.0,0.0,0.0,0.0,4.0,0.67,7.69,12.91,1.0,0.17,1.92,3.23,2.0,0.33,3.85,6.46,1.0,0.17,1.92,3.23,1.0,0.17,1.92,3.23,1.0,0.17,1.92,3.23,0.0,0.0,0.0,0.0,0.0,0.0,0.0,0.0,0.0,0.0,0.0,0.0,2.0,0.33,3.85,6.46,1.0,0.17,1.92,3.23,10.0,1.67,19.23,32.29,38.46,44.23,-5.77,-3.0,-0.5,-5.77,111.93,0.3,0.34,0.0,0.25,0.5,0.25,0.0,15.15,0.1,0.25,0.14,0.0,0.0,0.02,19.23,0.4,-0.19,-0.13,0.06,52.0,6,8.7
10886,梁瀚,新竹御嵿攻城獅,3,11,11.0,184.0,3.07,03:04,61.33,1.02,01:01,0.0,0.0,0.0,0.0,0.0,0.0,0.0,0.0,0.0,0.0,0.0,0.0,0.0,0.0,0.0,0.0,0.0,0.0,0.0,0.0,0.0,0.0,0.0,0.0,0.0,0.0,0.0,0.0,0.0,0.0,0.0,0.0,0.0,0.0,0.0,0.0,0.0,0.0,0.0,0.0,0.0,0.0,0.0,0.0,0.0,0.0,0.0,0.0,0.0,0.0,0.0,0.0,0.0,0.0,0.0,0.0,0.0,0.0,0.0,0.0,1.0,0.33,9.09,11.74,8.0,2.67,72.73,93.91,45.45,72.73,-27.27,-3.0,-1.0,-27.27,86.09,,,,,,,0.0,0.0,0.0,,0.0,0.0,0.0,0.09,72.73,,-0.15,0.02,0.17,11.0,3,3.7
80,田浩,新竹御嵿攻城獅,16,320,369.0,4852.0,80.87,80:52,303.25,5.05,05:03,35.0,2.19,9.49,15.58,33.0,2.06,8.94,14.69,11.0,0.69,2.98,4.9,18.0,1.12,4.88,8.01,6.0,0.38,1.63,2.67,15.0,0.94,4.07,6.68,5.0,0.31,1.36,2.23,11.0,0.69,2.98,4.9,8.0,0.5,2.17,3.56,2.0,0.12,0.54,0.89,2.0,0.12,0.54,0.89,12.0,0.75,3.25,5.34,6.0,0.38,1.63,2.67,0.0,0.0,0.0,0.0,10.0,0.62,2.71,4.45,11.0,0.69,2.98,4.9,37.0,2.31,10.03,16.47,41.73,44.99,-3.25,-12.0,-0.75,-3.25,109.51,0.41,0.46,0.33,0.33,0.73,0.21,0.29,12.96,0.03,0.12,0.05,1.63,0.0,0.03,10.03,0.33,-0.38,-0.02,0.4,369.0,16,23.1
10867,威力斯,臺北台新戰神,18,2259,2687.0,34866.0,581.1,581:06,1937.0,32.28,32:17,415.0,23.06,15.44,25.71,316.0,17.56,11.76,19.58,150.0,8.33,5.58,9.29,243.0,13.5,9.04,15.05,124.0,6.89,4.61,7.68,73.0,4.06,2.72,4.52,26.0,1.44,0.97,1.61,116.0,6.44,4.32,7.19,89.0,4.94,3.31,5.51,58.0,3.22,2.16,3.59,168.0,9.33,6.25,10.41,34.0,1.89,1.27,2.11,24.0,1.33,0.89,1.49,7.0,0.39,0.26,0.43,43.0,2.39,1.6,2.66,54.0,3.0,2.01,3.35,295.0,16.39,10.98,18.28,44.92,46.3,-1.38,-37.0,-2.06,-1.38,110.98,0.52,0.57,0.51,0.36,0.77,0.1,0.12,15.26,0.13,0.54,0.29,0.89,0.26,0.02,10.98,0.37,0.71,0.63,-0.08,2687.0,18,149.3
10864,劉彥廷,臺北台新戰神,15,608,748.0,9508.0,158.47,158:28,633.87,10.56,10:34,42.0,2.8,5.61,9.54,40.0,2.67,5.35,9.09,16.0,1.07,2.14,3.63,33.0,2.2,4.41,7.5,14.0,0.93,1.87,3.18,7.0,0.47,0.94,1.59,2.0,0.13,0.27,0.45,19.0,1.27,2.54,4.32,8.0,0.53,1.07,1.82,14.0,0.93,1.87,3.18,23.0,1.53,3.07,5.23,4.0,0.27,0.53,0.91,1.0,0.07,0.13,0.23,1.0,0.07,0.13,0.23,5.0,0.33,0.67,1.14,18.0,1.2,2.41,4.09,89.0,5.93,11.9,20.22,41.98,47.06,-5.08,-38.0,-2.53,-5.08,113.29,0.42,0.43,0.42,0.29,0.42,0.09,0.05,7.13,0.11,0.29,0.18,0.13,0.13,0.02,11.9,0.48,-0.78,-0.41,0.38,748.0,15,49.9
12908,布里茲克,高雄全家海神,11,1595,1902.0,25458.0,424.3,424:18,2314.36,38.57,38:34,250.0,22.73,13.14,21.21,199.0,18.09,10.46,16.88,97.0,8.82,5.1,8.23,152.0,13.82,7.99,12.9,79.0,7.18,4.15,6.7,47.0,4.27,2.47,3.99,18.0,1.64,0.95,1.53,47.0,4.27,2.47,3.99,38.0,3.45,2.0,3.22,25.0,2.27,1.31,2.12,78.0,7.09,4.1,6.62,71.0,6.45,3.73,6.02,20.0,1.82,1.05,1.7,5.0,0.45,0.26,0.42,27.0,2.45,1.42,2.29,15.0,1.36,0.79,1.27,202.0,18.36,10.62,17.14,43.22,43.95,-0.74,-14.0,-1.27,-0.74,107.58,0.53,0.57,0.52,0.38,0.81,0.11,0.34,12.97,0.07,0.41,0.2,1.05,0.26,0.01,10.62,0.24,1.74,0.02,-1.75,1902.0,11,172.9
11,蘇奕晉,臺北台新戰神,17,664,783.0,10443.0,174.05,174:03,614.29,10.24,10:14,37.0,2.18,4.73,7.65,26.0,1.53,3.32,5.38,12.0,0.71,1.53,2.48,12.0,0.71,1.53,2.48,6.0,0.35,0.77,1.24,14.0,0.82,1.79,2.9,6.0,0.35,0.77,1.24,11.0,0.65,1.4,2.28,7.0,0.41,0.89,1.45,2.0,0.12,0.26,0.41,14.0,0.82,1.79,2.9,16.0,0.94,2.04,3.31,9.0,0.53,1.15,1.86,3.0,0.18,0.38,0.62,12.0,0.71,1.53,2.48,24.0,1.41,3.07,4.96,73.0,4.29,9.32,15.1,44.06,41.51,2.55,20.0,1.18,2.55,107.97,0.58,0.6,0.5,0.43,0.64,0.28,0.16,5.47,0.02,0.25,0.09,1.15,0.38,0.03,9.32,0.42,0.99,-0.24,-1.28,783.0,17,46.1
73,陳振傑,福爾摩沙夢想家,8,354,434.0,5450.0,90.83,90:50,681.25,11.35,11:21,34.0,4.25,7.83,13.48,38.0,4.75,8.76,15.06,14.0,1.75,3.23,5.55,14.0,1.75,3.23,5.55,8.0,1.0,1.84,3.17,24.0,3.0,5.53,9.51,6.0,0.75,1.38,2.38,2.0,0.25,0.46,0.79,0.0,0.0,0.0,0.0,7.0,0.88,1.61,2.77,14.0,1.75,3.23,5.55,8.0,1.0,1.84,3.17,2.0,0.25,0.46,0.79,0.0,0.0,0.0,0.0,4.0,0.5,0.92,1.59,7.0,0.88,1.61,2.77,52.0,6.5,11.98,20.61,41.24,41.71,-0.46,-2.0,-0.25,-0.46,114.67,0.45,0.44,0.57,0.25,0.0,0.09,0.19,9.88,0.09,0.32,0.18,0.46,0.0,0.02,11.98,0.05,-0.57,-0.68,-0.15,434.0,8,54.2
38,余維豪,新北中信特攻,8,217,262.0,3321.0,55.35,55:21,415.12,6.92,06:55,15.0,1.88,5.73,9.76,15.0,1.88,5.73,9.76,4.0,0.5,1.53,2.6,8.0,1.0,3.05,5.2,2.0,0.25,0.76,1.3,7.0,0.88,2.67,4.55,2.0,0.25,0.76,1.3,5.0,0.62,1.91,3.25,5.0,0.62,1.91,3.25,3.0,0.38,1.15,1.95,3.0,0.38,1.15,1.95,2.0,0.25,0.76,1.3,3.0,0.38,1.15,1.95,0.0,0.0,0.0,0.0,13.0,1.62,4.96,8.46,12.0,1.5,4.58,7.8,20.0,2.5,7.63,13.01,41.22,40.84,0.38,1.0,0.12,0.38,113.6,0.33,0.44,0.25,0.29,1.0,0.43,0.05,11.53,0.09,0.14,0.11,1.15,0.0,0.05,7.63,0.33,-0.22,-0.4,-0.2,262.0,8,32.8
10878,曾信武,新北中信特攻,4,69,84.0,1061.0,17.68,17:41,265.25,4.42,04:25,3.0,0.75,3.57,6.11,7.0,1.75,8.33,14.25,1.0,0.25,1.19,2.04,1.0,0.25,1.19,2.04,0.0,0.0,0.0,0.0,6.0,1.5,7.14,12.21,1.0,0.25,1.19,2.04,1.0,0.25,1.19,2.04,0.0,0.0,0.0,0.0,0.0,0.0,0.0,0.0,2.0,0.5,2.38,4.07,0.0,0.0,0.0,0.0,0.0,0.0,0.0,0.0,1.0,0.25,1.19,2.04,1.0,0.25,1.19,2.04,4.0,1.0,4.76,8.14,21.0,5.25,25.0,42.75,33.33,42.86,-9.52,-8.0,-2.0,-9.52,114.01,0.21,0.2,0.0,0.17,0.0,0.12,0.0,10.05,0.0,0.2,0.09,0.0,1.19,0.05,25.0,0.14,-0.3,-0.33,-0.02,84.0,4,21.0
51,克力斯,高雄全家海神,21,2344,2796.0,38037.0,633.95,633:57,1811.29,30.19,30:11,275.0,13.1,9.84,15.62,245.0,11.67,8.76,13.91,121.0,5.76,4.33,6.87,206.0,9.81,7.37,11.7,115.0,5.48,4.11,6.53,39.0,1.86,1.39,2.21,6.0,0.29,0.21,0.34,33.0,1.57,1.18,1.87,27.0,1.29,0.97,1.53,60.0,2.86,2.15,3.41,164.0,7.81,5.87,9.31,48.0,2.29,1.72,2.73,20.0,0.95,0.72,1.14,6.0,0.29,0.21,0.34,48.0,2.29,1.72,2.73,44.0,2.1,1.57,2.5,265.0,12.62,9.48,15.05,43.92,48.61,-4.69,-131.0,-6.24,-4.69,105.85,0.51,0.53,0.56,0.15,0.82,0.16,0.15,11.0,0.12,0.52,0.28,0.72,0.21,0.02,9.48,0.13,-0.6,0.82,1.38,2796.0,21,133.1
13275,吳彥侖,高雄全家海神,16,954,1144.0,15436.0,257.27,257:16,964.75,16.08,16:05,55.0,3.44,4.81,7.7,58.0,3.62,5.07,8.12,20.0,1.25,1.75,2.8,20.0,1.25,1.75,2.8,13.0,0.81,1.14,1.82,38.0,2.38,3.32,5.32,7.0,0.44,0.61,0.98,10.0,0.62,0.87,1.4,8.0,0.5,0.7,1.12,7.0,0.44,0.61,0.98,21.0,1.31,1.84,2.94,18.0,1.12,1.57,2.52,8.0,0.5,0.7,1.12,0.0,0.0,0.0,0.0,20.0,1.25,1.75,2.8,30.0,1.88,2.62,4.2,101.0,6.31,8.83,14.13,42.92,48.95,-6.03,-69.0,-4.31,-6.03,106.72,0.41,0.44,0.65,0.18,0.8,0.24,0.11,7.2,0.04,0.24,0.1,0.7,0.0,0.03,8.83,0.17,-1.73,-0.26,1.35,1144.0,16,71.5
111,唐維傑,高雄全家海神,10,585,704.0,9094.0,151.57,151:34,909.4,15.16,15:09,43.0,4.3,6.11,10.21,54.0,5.4,7.67,12.83,17.0,1.7,2.41,4.04,50.0,5.0,7.1,11.88,16.0,1.6,2.27,3.8,4.0,0.4,0.57,0.95,1.0,0.1,0.14,0.24,16.0,1.6,2.27,3.8,8.0,0.8,1.14,1.9,19.0,1.9,2.7,4.51,19.0,1.9,2.7,4.51,10.0,1.0,1.42,2.38,7.0,0.7,0.99,1.66,0.0,0.0,0.0,0.0,12.0,1.2,1.7,2.85,16.0,1.6,2.27,3.8,73.0,7.3,10.37,17.34,39.35,47.02,-7.67,-54.0,-5.4,-7.67,111.48,0.32,0.35,0.32,0.25,0.5,0.16,0.12,10.38,0.15,0.3,0.2,0.99,0.0,0.02,10.37,0.3,-0.46,-0.46,-0.02,704.0,10,70.4
13029,杰倫,新北國王,13,1686,1953.0,26392.0,439.87,439:52,2030.15,33.84,33:50,330.0,25.38,16.9,27.01,251.0,19.31,12.85,20.54,124.0,9.54,6.35,10.15,146.0,11.23,7.48,11.95,87.0,6.69,4.45,7.12,105.0,8.08,5.38,8.59,37.0,2.85,1.89,3.03,55.0,4.23,2.82,4.5,45.0,3.46,2.3,3.68,6.0,0.46,0.31,0.49,64.0,4.92,3.28,5.24,59.0,4.54,3.02,4.83,13.0,1.0,0.67,1.06,6.0,0.46,0.31,0.49,30.0,2.31,1.54,2.46,36.0,2.77,1.84,2.95,172.0,13.23,8.81,14.08,48.75,49.77,-1.02,-20.0,-1.54,-1.02,106.56,0.57,0.6,0.6,0.35,0.82,0.1,0.25,15.63,0.02,0.38,0.15,0.67,0.31,0.02,8.81,0.22,0.52,2.27,1.94,1953.0,13,150.2
13400,史東,臺北台新戰神,8,761,912.0,12020.0,200.33,200:20,1502.5,25.04,25:02,121.0,15.12,13.27,21.74,96.0,12.0,10.53,17.25,42.0,5.25,4.61,7.55,63.0,7.88,6.91,11.32,28.0,3.5,3.07,5.03,33.0,4.12,3.62,5.93,14.0,1.75,1.54,2.52,32.0,4.0,3.51,5.75,23.0,2.88,2.52,4.13,19.0,2.38,2.08,3.41,34.0,4.25,3.73,6.11,5.0,0.62,0.55,0.9,6.0,0.75,0.66,1.08,5.0,0.62,0.55,0.9,11.0,1.38,1.21,1.98,22.0,2.75,2.41,3.95,110.0,13.75,12.06,19.77,43.09,49.78,-6.69,-61.0,-7.62,-6.69,109.26,0.51,0.55,0.44,0.42,0.72,0.09,0.05,13.28,0.11,0.34,0.2,0.66,0.55,0.02,12.06,0.33,-1.27,-0.08,1.16,912.0,8,114.0
13777,布依德,福爾摩沙夢想家,9,981,1178.0,14813.0,246.88,246:53,1645.89,27.43,27:26,139.0,15.44,11.8,20.27,105.0,11.67,8.91,15.31,56.0,6.22,4.75,8.17,76.0,8.44,6.45,11.08,42.0,4.67,3.57,6.12,29.0,3.22,2.46,4.23,14.0,1.56,1.19,2.04,26.0,2.89,2.21,3.79,13.0,1.44,1.1,1.9,22.0,2.44,1.87,3.21,46.0,5.11,3.9,6.71,17.0,1.89,1.44,2.48,14.0,1.56,1.19,2.04,4.0,0.44,0.34,0.58,15.0,1.67,1.27,2.19,30.0,3.33,2.55,4.37,122.0,13.56,10.36,17.79,44.31,47.2,-2.89,-34.0,-3.78,-2.89,114.52,0.6,0.6,0.55,0.48,0.5,0.11,0.13,11.16,0.12,0.37,0.22,1.19,0.34,0.03,10.36,0.25,-1.67,-0.11,1.51,1178.0,9,130.9
104,貝奇,新北中信特攻,18,1846,2190.0,27985.0,466.42,466:25,1554.72,25.91,25:55,241.0,13.39,11.0,18.6,182.0,10.11,8.31,14.05,73.0,4.06,3.33,5.63,55.0,3.06,2.51,4.25,24.0,1.33,1.1,1.85,127.0,7.06,5.8,9.8,49.0,2.72,2.24,3.78,52.0,2.89,2.37,4.01,46.0,2.56,2.1,3.55,22.0,1.22,1.0,1.7,92.0,5.11,4.2,7.1,25.0,1.39,1.14,1.93,25.0,1.39,1.14,1.93,6.0,0.33,0.27,0.46,20.0,1.11,0.91,1.54,63.0,3.5,2.88,4.86,244.0,13.56,11.14,18.83,47.67,41.19,6.48,142.0,7.89,6.48,112.69,0.54,0.59,0.44,0.39,0.88,0.09,0.08,10.27,0.06,0.42,0.2,1.14,0.27,0.03,11.14,0.29,2.99,1.86,-1.25,2190.0,18,121.7
13399,賽克維奇,高雄全家海神,7,642,756.0,9993.0,166.55,166:33,1427.57,23.79,23:48,103.0,14.71,13.62,22.26,88.0,12.57,11.64,19.02,38.0,5.43,5.03,8.21,61.0,8.71,8.07,13.19,29.0,4.14,3.84,6.27,27.0,3.86,3.57,5.84,9.0,1.29,1.19,1.95,23.0,3.29,3.04,4.97,18.0,2.57,2.38,3.89,19.0,2.71,2.51,4.11,31.0,4.43,4.1,6.7,15.0,2.14,1.98,3.24,9.0,1.29,1.19,1.95,3.0,0.43,0.4,0.65,22.0,3.14,2.91,4.76,13.0,1.86,1.72,2.81,97.0,13.86,12.83,20.97,45.37,47.62,-2.25,-17.0,-2.43,-2.25,108.94,0.48,0.52,0.48,0.33,0.78,0.18,0.17,15.89,0.15,0.47,0.26,1.19,0.4,0.02,12.83,0.26,0.56,0.66,0.08,756.0,7,108.0
13906,班提爾,福爾摩沙夢想家,16,2077,2499.0,32703.0,545.05,545:03,2043.94,34.07,34:04,310.0,19.38,12.4,20.48,235.0,14.69,9.4,15.52,104.0,6.5,4.16,6.87,137.0,8.56,5.48,9.05,70.0,4.38,2.8,4.62,98.0,6.12,3.92,6.47,34.0,2.12,1.36,2.25,96.0,6.0,3.84,6.34,68.0,4.25,2.72,4.49,37.0,2.31,1.48,2.44,133.0,8.31,5.32,8.78,51.0,3.19,2.04,3.37,22.0,1.38,0.88,1.45,6.0,0.38,0.24,0.4,51.0,3.19,2.04,3.37,50.0,3.12,2.0,3.3,218.0,13.62,8.72,14.4,45.98,41.86,4.12,103.0,6.44,4.12,110.04,0.51,0.56,0.51,0.35,0.71,0.16,0.17,13.13,0.09,0.46,0.25,0.88,0.24,0.02,8.72,0.41,1.4,0.2,-1.27,2499.0,16,156.2
13907,梅克,臺北台新戰神,11,1565,1858.0,25856.0,430.93,430:56,2350.55,39.18,39:11,288.0,26.18,15.5,24.06,209.0,19.0,11.25,17.46,88.0,8.0,4.74,7.35,116.0,10.55,6.24,9.69,60.0,5.45,3.23,5.01,93.0,8.45,5.01,7.77,28.0,2.55,1.51,2.34,102.0,9.27,5.49,8.52,84.0,7.64,4.52,7.02,35.0,3.18,1.88,2.92,108.0,9.82,5.81,9.02,37.0,3.36,1.99,3.09,11.0,1.0,0.59,0.92,7.0,0.64,0.38,0.58,41.0,3.73,2.21,3.43,31.0,2.82,1.67,2.59,183.0,16.64,9.85,15.29,45.53,48.6,-3.07,-57.0,-5.18,-3.07,103.48,0.49,0.57,0.52,0.3,0.82,0.14,0.19,15.87,0.11,0.49,0.26,0.59,0.38,0.02,9.85,0.49,-0.06,0.81,0.8,1858.0,11,168.9
14037,奧迪傑,高雄全家海神,5,480,571.0,7119.0,118.65,118:39,1423.8,23.73,23:44,85.0,17.0,14.89,25.79,73.0,14.6,12.78,22.15,35.0,7.0,6.13,10.62,56.0,11.2,9.81,16.99,32.0,6.4,5.6,9.71,17.0,3.4,2.98,5.16,3.0,0.6,0.53,0.91,15.0,3.0,2.63,4.55,12.0,2.4,2.1,3.64,12.0,2.4,2.1,3.64,26.0,5.2,4.55,7.89,3.0,0.6,0.53,0.91,5.0,1.0,0.88,1.52,1.0,0.2,0.18,0.3,13.0,2.6,2.28,3.94,9.0,1.8,1.58,2.73,63.0,12.6,11.03,19.12,38.35,48.34,-9.98,-57.0,-11.4,-9.98,115.5,0.5,0.53,0.57,0.18,0.8,0.14,0.07,16.22,0.13,0.43,0.25,0.88,0.18,0.02,11.03,0.21,-1.01,-0.51,0.55,571.0,5,114.2
14038,飛米,新北國王,11,1343,1562.0,20908.0,348.47,348:28,1900.73,31.68,31:41,205.0,18.64,13.12,21.18,144.0,13.09,9.22,14.88,71.0,6.45,4.55,7.33,96.0,8.73,6.15,9.92,52.0,4.73,3.33,5.37,48.0,4.36,3.07,4.96,19.0,1.73,1.22,1.96,59.0,5.36,3.78,6.1,44.0,4.0,2.82,4.55,22.0,2.0,1.41,2.27,77.0,7.0,4.93,7.95,24.0,2.18,1.54,2.48,8.0,0.73,0.51,0.83,1.0,0.09,0.06,0.1,32.0,2.91,2.05,3.31,21.0,1.91,1.34,2.17,174.0,15.82,11.14,17.98,46.48,45.39,1.09,17.0,1.55,1.09,107.58,0.56,0.6,0.54,0.4,0.75,0.16,0.13,12.93,0.08,0.46,0.23,0.51,0.06,0.01,11.14,0.41,0.59,0.89,0.35,1562.0,11,142.0
14303,喬丹,新北國王,5,652,773.0,10282.0,171.37,171:22,2056.4,34.27,34:16,72.0,14.4,9.31,15.13,53.0,10.6,6.86,11.13,28.0,5.6,3.62,5.88,47.0,9.4,6.08,9.87,24.0,4.8,3.1,5.04,6.0,1.2,0.78,1.26,4.0,0.8,0.52,0.84,18.0,3.6,2.33,3.78,12.0,2.4,1.55,2.52,24.0,4.8,3.1,5.04,36.0,7.2,4.66,7.56,15.0,3.0,1.94,3.15,3.0,0.6,0.39,0.63,4.0,0.8,0.52,0.84,8.0,1.6,1.03,1.68,18.0,3.6,2.33,3.78,102.0,20.4,13.2,21.43,47.74,45.54,2.2,17.0,3.4,2.2,108.26,0.57,0.59,0.51,0.67,0.67,0.12,0.14,8.92,0.17,0.39,0.26,0.39,0.52,0.02,13.2,0.34,0.3,0.68,0.32,773.0,5,154.6
14707,金恩,新北中信特攻,2,186,219.0,3399.0,56.65,56:39,1699.5,28.32,28:20,32.0,16.0,14.61,20.34,29.0,14.5,13.24,18.43,11.0,5.5,5.02,6.99,18.0,9.0,8.22,11.44,8.0,4.0,3.65,5.08,11.0,5.5,5.02,6.99,3.0,1.5,1.37,1.91,9.0,4.5,4.11,5.72,7.0,3.5,3.2,4.45,2.0,1.0,0.91,1.27,11.0,5.5,5.02,6.99,5.0,2.5,2.28,3.18,1.0,0.5,0.46,0.64,1.0,0.5,0.46,0.64,4.0,2.0,1.83,2.54,7.0,3.5,3.2,4.45,28.0,14.0,12.79,17.79,36.99,48.86,-11.87,-26.0,-13.0,-11.87,92.78,0.43,0.49,0.44,0.27,0.78,0.11,0.29,16.88,0.05,0.48,0.21,0.46,0.46,0.03,12.79,0.31,-0.9,-0.34,0.62,219.0,2,109.5
14437,弗利沙,臺北台新戰神,2,189,230.0,2964.0,49.4,49:24,1482.0,24.7,24:42,14.0,7.0,6.09,10.2,18.0,9.0,7.83,13.12,5.0,2.5,2.17,3.64,14.0,7.0,6.09,10.2,5.0,2.5,2.17,3.64,4.0,2.0,1.74,2.91,0.0,0.0,0.0,0.0,7.0,3.5,3.04,5.1,4.0,2.0,1.74,2.91,1.0,0.5,0.43,0.73,2.0,1.0,0.87,1.46,7.0,3.5,3.04,5.1,4.0,2.0,1.74,2.91,1.0,0.5,0.43,0.73,4.0,2.0,1.74,2.91,3.0,1.5,1.3,2.19,19.0,9.5,8.26,13.85,42.61,40.87,1.74,4.0,2.0,1.74,111.74,0.28,0.33,0.36,0.0,0.57,0.16,0.23,10.9,0.03,0.2,0.08,1.74,0.43,0.01,8.26,0.39,0.6,-0.11,-0.63,230.0,2,115.0
14845,恩多,臺北台新戰神,10,1093,1287.0,17338.0,288.97,288:58,1733.8,28.9,28:54,131.0,13.1,10.18,16.32,97.0,9.7,7.54,12.08,49.0,4.9,3.81,6.1,83.0,8.3,6.45,10.34,46.0,4.6,3.57,5.73,14.0,1.4,1.09,1.74,3.0,0.3,0.23,0.37,56.0,5.6,4.35,6.98,30.0,3.0,2.33,3.74,28.0,2.8,2.18,3.49,87.0,8.7,6.76,10.84,13.0,1.3,1.01,1.62,5.0,0.5,0.39,0.62,6.0,0.6,0.47,0.75,17.0,1.7,1.32,2.12,24.0,2.4,1.86,2.99,109.0,10.9,8.47,13.58,42.42,47.16,-4.74,-61.0,-6.1,-4.74,106.89,0.52,0.54,0.55,0.21,0.54,0.12,0.09,10.77,0.12,0.55,0.29,0.39,0.47,0.02,8.47,0.58,-0.79,-0.73,0.18,1287.0,10,128.7
14844,杭特,高雄全家海神,8,1021,1208.0,17063.0,284.38,284:23,2132.88,35.55,35:33,183.0,22.88,15.15,23.17,134.0,16.75,11.09,16.96,65.0,8.12,5.38,8.23,94.0,11.75,7.78,11.9,55.0,6.88,4.55,6.96,40.0,5.0,3.31,5.06,10.0,1.25,0.83,1.27,71.0,8.88,5.88,8.99,43.0,5.38,3.56,5.44,9.0,1.12,0.75,1.14,41.0,5.12,3.39,5.19,47.0,5.88,3.89,5.95,9.0,1.12,0.75,1.14,1.0,0.12,0.08,0.13,24.0,3.0,1.99,3.04,16.0,2.0,1.32,2.03,143.0,17.88,11.84,18.1,47.1,47.6,-0.5,-6.0,-0.75,-0.5,101.95,0.52,0.55,0.59,0.25,0.61,0.13,0.35,15.67,0.04,0.36,0.16,0.75,0.08,0.01,11.84,0.53,1.43,1.03,-0.36,1208.0,8,151.0
13778,辛巴,新竹御嵿攻城獅,1,112,135.0,1706.0,28.43,28:26,1706.0,28.43,28:26,15.0,15.0,11.11,18.99,6.0,6.0,4.44,7.6,6.0,6.0,4.44,7.6,6.0,6.0,4.44,7.6,6.0,6.0,4.44,7.6,0.0,0.0,0.0,0.0,0.0,0.0,0.0,0.0,7.0,7.0,5.19,8.86,3.0,3.0,2.22,3.8,4.0,4.0,2.96,5.06,5.0,5.0,3.7,6.33,1.0,1.0,0.74,1.27,0.0,0.0,0.0,0.0,0.0,0.0,0.0,0.0,1.0,1.0,0.74,1.27,2.0,2.0,1.48,2.53,9.0,9.0,6.67,11.4,40.74,41.48,-0.74,-1.0,-1.0,-0.74,113.95,1.0,0.83,1.0,,0.43,0.1,0.07,7.47,0.17,0.42,0.25,0.0,0.0,0.01,6.67,1.17,0.05,-0.1,-0.1,135.0,1,135.0
14843,馬力,新竹御嵿攻城獅,10,1115,1329.0,17157.0,285.95,285:57,1715.7,28.6,28:36,149.0,14.9,11.21,18.76,122.0,12.2,9.18,15.36,54.0,5.4,4.06,6.8,91.0,9.1,6.85,11.46,48.0,4.8,3.61,6.04,31.0,3.1,2.33,3.9,6.0,0.6,0.45,0.76,46.0,4.6,3.46,5.79,35.0,3.5,2.63,4.41,27.0,2.7,2.03,3.4,84.0,8.4,6.32,10.58,16.0,1.6,1.2,2.01,13.0,1.3,0.98,1.64,5.0,0.5,0.38,0.63,23.0,2.3,1.73,2.9,37.0,3.7,2.78,4.66,135.0,13.5,10.16,17.0,42.21,42.89,-0.68,-9.0,-0.9,-0.68,111.54,0.47,0.52,0.53,0.19,0.76,0.14,0.11,12.43,0.11,0.49,0.26,0.98,0.38,0.03,10.16,0.38,-0.29,-0.37,-0.19,1329.0,10,132.9
14982,徐小龍,新竹御嵿攻城獅,10,444,510.0,6642.0,110.7,110:42,664.2,11.07,11:04,45.0,4.5,8.82,14.63,40.0,4.0,7.84,13.01,14.0,1.4,2.75,4.55,30.0,3.0,5.88,9.76,8.0,0.8,1.57,2.6,10.0,1.0,1.96,3.25,6.0,0.6,1.18,1.95,16.0,1.6,3.14,5.2,11.0,1.1,2.16,3.58,1.0,0.1,0.2,0.33,9.0,0.9,1.76,2.93,18.0,1.8,3.53,5.85,6.0,0.6,1.18,1.95,0.0,0.0,0.0,0.0,14.0,1.4,2.75,4.55,11.0,1.1,2.16,3.58,59.0,5.9,11.57,19.19,44.9,43.73,1.18,6.0,0.6,1.18,110.57,0.42,0.48,0.27,0.6,0.69,0.23,0.26,11.97,0.01,0.26,0.08,1.18,0.0,0.02,11.57,0.4,0.59,0.76,0.16,510.0,10,51.0
4181,艾德,高雄全家海神,7,869,1044.0,14208.0,236.8,236:48,2029.71,33.83,33:50,130.0,18.57,12.45,19.76,102.0,14.57,9.77,15.51,46.0,6.57,4.41,6.99,56.0,8.0,5.36,8.51,30.0,4.29,2.87,4.56,46.0,6.57,4.41,6.99,16.0,2.29,1.53,2.43,30.0,4.29,2.87,4.56,22.0,3.14,2.11,3.34,18.0,2.57,1.72,2.74,43.0,6.14,4.12,6.54,15.0,2.14,1.44,2.28,5.0,0.71,0.48,0.76,2.0,0.29,0.19,0.3,15.0,2.14,1.44,2.28,18.0,2.57,1.72,2.74,131.0,18.71,12.55,19.92,46.65,49.33,-2.68,-28.0,-4.0,-2.68,105.81,0.53,0.56,0.54,0.35,0.73,0.12,0.12,12.47,0.1,0.42,0.22,0.48,0.19,0.02,12.55,0.29,0.48,0.92,0.54,1044.0,7,149.1
9,張耕淯,臺北台新戰神,1,19,24.0,343.0,5.72,05:43,343.0,5.72,05:43,0.0,0.0,0.0,0.0,0.0,0.0,0.0,0.0,0.0,0.0,0.0,0.0,0.0,0.0,0.0,0.0,0.0,0.0,0.0,0.0,0.0,0.0,0.0,0.0,0.0,0.0,0.0,0.0,0.0,0.0,0.0,0.0,0.0,0.0,0.0,0.0,0.0,0.0,0.0,0.0,0.0,0.0,0.0,0.0,0.0,0.0,0.0,0.0,0.0,0.0,0.0,0.0,0.0,0.0,0.0,0.0,0.0,0.0,0.0,0.0,1.0,1.0,4.17,6.3,4.0,4.0,16.67,25.19,20.83,29.17,-8.33,-2.0,-2.0,-8.33,100.76,,,,,,,0.0,0.0,0.0,0.0,0.0,0.0,0.0,0.04,16.67,,-0.12,-0.23,-0.1,24.0,1,24.0
