player_id,player_name,team_name,games_used,stint_count,possessions,sec_played,min_played,min_played_str,sec_per_game,min_per_game,min_per_game_str,PTS,PTS_per_game,PTS_per100,PTS_per36,FGA,FGA_per_game,FGA_per100,FGA_per36,FGM,FGM_per_game,FGM_per100,FGM_per36,2PA,2PA_per_game,2PA_per100,2PA_per36,2PM,2PM_per_game,2PM_per100,2PM_per36,3PA,3PA_per_game,3PA_per100,3PA_per36,3PM,3PM_per_game,3PM_per100,3PM_per36,FTA,FTA_per_game,FTA_per100,FTA_per36,FTM,FTM_per_game,FTM_per100,FTM_per36,ORB,ORB_per_game,ORB_per100,ORB_per36,DRB,DRB_per_game,DRB_per100,DRB_per36,AST,AST_per_game,AST_per100,AST_per36,STL,STL_per_game,STL_per100,STL_per36,BLK,BLK_per_game,BLK_per100,BLK_per36,TOV,TOV_per_game,TOV_per100,TOV_per36,Fouls,Fouls_per_game,Fouls_per100,Fouls_per36,FT_allowed,FT_allowed_per_game,FT_allowed_per100,FT_allowed_per36,ORtg,DRtg,NetRtg,PM_total,PM_per_game,PM_per100,PACE,eFG,TS,FG2_pct,FG3_pct,FT_pct,TOV_pct,AST_ratio,USG_pct,ORB_pct,DRB_pct,TRB_pct,STL_per100poss,BLK_per100poss,Foul_per_poss,FT_allowed_rate_per100,FT_rate,rapm_per100,orapm_per100,drapm_per100,on_court_poss,games_played,poss_per_game
79,張宗憲,福爾摩沙夢想家,1,107,135.0,1599.0,26.65,26:39,1599.0,26.65,26:39,10.0,10.0,7.41,13.51,11.0,11.0,8.15,14.86,4.0,4.0,2.96,5.4,6.0,6.0,4.44,8.11,2.0,2.0,1.48,2.7,5.0,5.0,3.7,6.75,2.0,2.0,1.48,2.7,0.0,0.0,0.0,0.0,0.0,0.0,0.0,0.0,1.0,1.0,0.74,1.35,3.0,3.0,2.22,4.05,2.0,2.0,1.48,2.7,0.0,0.0,0.0,0.0,0.0,0.0,0.0,0.0,1.0,1.0,0.74,1.35,1.0,1.0,0.74,1.35,10.0,10.0,7.41,13.51,37.04,42.22,-5.19,-7.0,-7.0,-5.19,121.58,0.45,0.45,0.33,0.4,,0.08,0.13,8.89,0.05,0.2,0.11,0.0,0.0,0.01,7.41,0.0,-0.25,-0.21,0.03,135.0,1,135.0
89,蔣淯安,福爾摩沙夢想家,1,140,174.0,2080.0,34.67,34:40,2080.0,34.67,34:40,0.0,0.0,0.0,0.0,9.0,9.0,5.17,9.35,0.0,0.0,0.0,0.0,5.0,5.0,2.87,5.19,0.0,0.0,0.0,0.0,4.0,4.0,2.3,4.15,0.0,0.0,0.0,0.0,0.0,0.0,0.0,0.0,0.0,0.0,0.0,0.0,0.0,0.0,0.0,0.0,6.0,6.0,3.45,6.23,4.0,4.0,2.3,4.15,0.0,0.0,0.0,0.0,2.0,2.0,1.15,2.08,3.0,3.0,1.72,3.12,2.0,2.0,1.15,2.08,10.0,10.0,5.75,10.38,37.93,41.95,-4.02,-7.0,-7.0,-4.02,120.46,0.0,0.0,0.0,0.0,,0.25,0.16,6.9,0.0,0.29,0.13,0.0,1.15,0.01,5.75,0.0,-0.23,-0.18,0.02,174.0,1,174.0
103,忻沃克,福爾摩沙夢想家,1,129,160.0,1907.0,31.78,31:47,1907.0,31.78,31:47,10.0,10.0,6.25,11.33,8.0,8.0,5.0,9.06,4.0,4.0,2.5,4.53,5.0,5.0,3.12,5.66,2.0,2.0,1.25,2.27,3.0,3.0,1.88,3.4,2.0,2.0,1.25,2.27,0.0,0.0,0.0,0.0,0.0,0.0,0.0,0.0,1.0,1.0,0.62,1.13,3.0,3.0,1.88,3.4,0.0,0.0,0.0,0.0,0.0,0.0,0.0,0.0,0.0,0.0,0.0,0.0,3.0,3.0,1.88,3.4,1.0,1.0,0.62,1.13,14.0,14.0,8.75,15.86,35.0,41.88,-6.88,-11.0,-11.0,-6.88,120.82,0.62,0.62,0.4,0.67,,0.27,0.0,6.88,0.04,0.19,0.1,0.0,0.0,0.01,8.75,0.0,-0.42,-0.4,0.01,160.0,1,160.0
106,高柏鎧,福爾摩沙夢想家,1,148,182.0,2116.0,35.27,35:16,2116.0,35.27,35:16,19.0,19.0,10.44,19.4,14.0,14.0,7.69,14.29,9.0,9.0,4.95,9.19,12.0,12.0,6.59,12.25,9.0,9.0,4.95,9.19,2.0,2.0,1.1,2.04,0.0,0.0,0.0,0.0,2.0,2.0,1.1,2.04,1.0,1.0,0.55,1.02,7.0,7.0,3.85,7.15,10.0,10.0,5.49,10.21,0.0,0.0,0.0,0.0,3.0,3.0,1.65,3.06,4.0,4.0,2.2,4.08,2.0,2.0,1.1,2.04,5.0,5.0,2.75,5.1,14.0,14.0,7.69,14.29,34.62,38.46,-3.85,-7.0,-7.0,-3.85,123.86,0.64,0.64,0.75,0.0,0.5,0.12,0.0,9.27,0.2,0.42,0.29,1.65,2.2,0.03,7.69,0.14,-0.22,-0.49,-0.29,182.0,1,182.0
13906,班提爾,福爾摩沙夢想家,1,130,166.0,1920.0,32.0,32:00,1920.0,32.0,32:00,11.0,11.0,6.63,12.38,16.0,16.0,9.64,18.0,4.0,4.0,2.41,4.5,7.0,7.0,4.22,7.88,3.0,3.0,1.81,3.38,9.0,9.0,5.42,10.12,1.0,1.0,0.6,1.12,4.0,4.0,2.41,4.5,2.0,2.0,1.2,2.25,3.0,3.0,1.81,3.38,7.0,7.0,4.22,7.88,2.0,2.0,1.2,2.25,1.0,1.0,0.6,1.12,0.0,0.0,0.0,0.0,4.0,4.0,2.41,4.5,5.0,5.0,3.01,5.62,13.0,13.0,7.83,14.62,33.73,33.73,0.0,0.0,0.0,0.0,124.5,0.28,0.31,0.43,0.11,0.5,0.18,0.14,13.11,0.1,0.35,0.2,0.6,0.0,0.03,7.83,0.25,0.09,-0.51,-0.62,166.0,1,166.0
16,米勒,桃園台啤永豐雲豹,1,163,201.0,2327.0,38.78,38:47,2327.0,38.78,38:47,17.0,17.0,8.46,15.78,18.0,18.0,8.96,16.71,7.0,7.0,3.48,6.5,16.0,16.0,7.96,14.85,7.0,7.0,3.48,6.5,2.0,2.0,1.0,1.86,0.0,0.0,0.0,0.0,3.0,3.0,1.49,2.78,3.0,3.0,1.49,2.78,5.0,5.0,2.49,4.64,4.0,4.0,1.99,3.71,3.0,3.0,1.49,2.78,2.0,2.0,1.0,1.86,1.0,1.0,0.5,0.93,0.0,0.0,0.0,0.0,5.0,5.0,2.49,4.64,15.0,15.0,7.46,13.92,43.28,37.81,5.47,11.0,11.0,5.47,124.38,0.39,0.44,0.44,0.0,1.0,0.0,0.12,9.61,0.12,0.22,0.15,1.0,0.5,0.02,7.46,0.17,0.41,0.15,-0.23,201.0,1,201.0
54,高錦瑋,桃園台啤永豐雲豹,1,165,203.0,2396.0,39.93,39:56,2396.0,39.93,39:56,16.0,16.0,7.88,14.42,17.0,17.0,8.37,15.33,4.0,4.0,1.97,3.61,6.0,6.0,2.96,5.41,0.0,0.0,0.0,0.0,11.0,11.0,5.42,9.92,4.0,4.0,1.97,3.61,4.0,4.0,1.97,3.61,4.0,4.0,1.97,3.61,1.0,1.0,0.49,0.9,5.0,5.0,2.46,4.51,8.0,8.0,3.94,7.21,1.0,1.0,0.49,0.9,0.0,0.0,0.0,0.0,3.0,3.0,1.48,2.7,1.0,1.0,0.49,0.9,17.0,17.0,8.37,15.33,43.84,36.95,6.9,14.0,14.0,6.9,122.0,0.35,0.43,0.0,0.36,1.0,0.14,0.29,10.72,0.03,0.26,0.11,0.49,0.0,0.0,8.37,0.24,0.56,0.21,-0.32,203.0,1,203.0
57,莊博元,桃園台啤永豐雲豹,1,138,169.0,1993.0,33.22,33:13,1993.0,33.22,33:13,8.0,8.0,4.73,8.67,4.0,4.0,2.37,4.34,2.0,2.0,1.18,2.17,2.0,2.0,1.18,2.17,1.0,1.0,0.59,1.08,2.0,2.0,1.18,2.17,1.0,1.0,0.59,1.08,4.0,4.0,2.37,4.34,3.0,3.0,1.78,3.25,2.0,2.0,1.18,2.17,4.0,4.0,2.37,4.34,1.0,1.0,0.59,1.08,2.0,2.0,1.18,2.17,0.0,0.0,0.0,0.0,0.0,0.0,0.0,0.0,4.0,4.0,2.37,4.34,17.0,17.0,10.06,18.42,47.93,36.69,11.24,19.0,19.0,11.24,122.11,0.62,0.69,0.5,0.5,0.75,0.0,0.04,3.41,0.07,0.29,0.14,1.18,0.0,0.02,10.06,1.0,0.8,0.5,-0.28,169.0,1,169.0
62,王皓吉,桃園台啤永豐雲豹,1,49,60.0,712.0,11.87,11:52,712.0,11.87,11:52,3.0,3.0,5.0,9.1,5.0,5.0,8.33,15.17,1.0,1.0,1.67,3.03,1.0,1.0,1.67,3.03,0.0,0.0,0.0,0.0,4.0,4.0,6.67,12.13,1.0,1.0,1.67,3.03,0.0,0.0,0.0,0.0,0.0,0.0,0.0,0.0,0.0,0.0,0.0,0.0,3.0,3.0,5.0,9.1,0.0,0.0,0.0,0.0,0.0,0.0,0.0,0.0,0.0,0.0,0.0,0.0,0.0,0.0,0.0,0.0,1.0,1.0,1.67,3.03,5.0,5.0,8.33,15.17,33.33,50.0,-16.67,-10.0,-10.0,-16.67,121.35,0.3,0.3,0.0,0.25,,0.0,0.0,8.33,0.0,0.33,0.12,0.0,0.0,0.02,8.33,0.0,-0.53,-0.26,0.28,60.0,1,60.0
68,克羅馬,桃園台啤永豐雲豹,1,172,208.0,2437.0,40.62,40:37,2437.0,40.62,40:37,22.0,22.0,10.58,19.5,24.0,24.0,11.54,21.27,9.0,9.0,4.33,7.98,19.0,19.0,9.13,16.84,8.0,8.0,3.85,7.09,5.0,5.0,2.4,4.43,1.0,1.0,0.48,0.89,4.0,4.0,1.92,3.55,3.0,3.0,1.44,2.66,2.0,2.0,0.96,1.77,9.0,9.0,4.33,7.98,3.0,3.0,1.44,2.66,6.0,6.0,2.88,5.32,0.0,0.0,0.0,0.0,1.0,1.0,0.48,0.89,3.0,3.0,1.44,2.66,19.0,19.0,9.13,16.84,37.98,37.98,0.0,0.0,0.0,0.0,122.91,0.4,0.43,0.42,0.2,0.75,0.04,0.16,12.87,0.05,0.41,0.17,2.88,0.0,0.01,9.13,0.17,-0.14,-0.38,-0.22,208.0,1,208.0
13777,布依德,福爾摩沙夢想家,1,122,142.0,1724.0,28.73,28:44,1724.0,28.73,28:44,10.0,10.0,7.04,12.53,10.0,10.0,7.04,12.53,3.0,3.0,2.11,3.76,7.0,7.0,4.93,8.77,2.0,2.0,1.41,2.51,3.0,3.0,2.11,3.76,1.0,1.0,0.7,1.25,7.0,7.0,4.93,8.77,3.0,3.0,2.11,3.76,2.0,2.0,1.41,2.51,8.0,8.0,5.63,10.02,2.0,2.0,1.41,2.51,1.0,1.0,0.7,1.25,0.0,0.0,0.0,0.0,1.0,1.0,0.7,1.25,2.0,2.0,1.41,2.51,13.0,13.0,9.15,16.29,44.37,49.3,-4.93,-7.0,-7.0,-4.93,118.61,0.35,0.38,0.29,0.33,0.43,0.07,0.1,9.92,0.1,0.42,0.26,0.7,0.0,0.01,9.15,0.7,-0.26,0.28,0.52,142.0,1,142.0
77,馬建豪,福爾摩沙夢想家,1,107,127.0,1483.0,24.72,24:43,1483.0,24.72,24:43,23.0,23.0,18.11,33.5,11.0,11.0,8.66,16.02,6.0,6.0,4.72,8.74,6.0,6.0,4.72,8.74,3.0,3.0,2.36,4.37,5.0,5.0,3.94,7.28,3.0,3.0,2.36,4.37,8.0,8.0,6.3,11.65,8.0,8.0,6.3,11.65,1.0,1.0,0.79,1.46,2.0,2.0,1.57,2.91,1.0,1.0,0.79,1.46,0.0,0.0,0.0,0.0,0.0,0.0,0.0,0.0,3.0,3.0,2.36,4.37,3.0,3.0,2.36,4.37,13.0,13.0,10.24,18.93,40.94,37.01,3.94,5.0,5.0,3.94,123.32,0.68,0.79,0.5,0.6,1.0,0.17,0.08,13.8,0.05,0.2,0.1,0.0,0.0,0.02,10.24,0.73,0.31,0.05,-0.28,127.0,1,127.0
86,林俊吉,福爾摩沙夢想家,1,93,111.0,1252.0,20.87,20:52,1252.0,20.87,20:52,8.0,8.0,7.21,13.8,5.0,5.0,4.5,8.63,2.0,2.0,1.8,3.45,3.0,3.0,2.7,5.18,2.0,2.0,1.8,3.45,2.0,2.0,1.8,3.45,0.0,0.0,0.0,0.0,4.0,4.0,3.6,6.9,4.0,4.0,3.6,6.9,0.0,0.0,0.0,0.0,5.0,5.0,4.5,8.63,3.0,3.0,2.7,5.18,1.0,1.0,0.9,1.73,0.0,0.0,0.0,0.0,3.0,3.0,2.7,5.18,1.0,1.0,0.9,1.73,10.0,10.0,9.01,17.25,35.14,38.74,-3.6,-4.0,-4.0,-3.6,127.67,0.4,0.59,0.67,0.0,1.0,0.31,0.3,8.79,0.0,0.38,0.17,0.9,0.0,0.01,9.01,0.8,-0.14,-0.28,-0.15,111.0,1,111.0
58,林信寬,桃園台啤永豐雲豹,1,166,203.0,2284.0,38.07,38:04,2284.0,38.07,38:04,14.0,14.0,6.9,13.24,17.0,17.0,8.37,16.08,5.0,5.0,2.46,4.73,10.0,10.0,4.93,9.46,1.0,1.0,0.49,0.95,7.0,7.0,3.45,6.62,4.0,4.0,1.97,3.78,0.0,0.0,0.0,0.0,0.0,0.0,0.0,0.0,3.0,3.0,1.48,2.84,3.0,3.0,1.48,2.84,2.0,2.0,0.99,1.89,0.0,0.0,0.0,0.0,0.0,0.0,0.0,0.0,0.0,0.0,0.0,0.0,0.0,0.0,0.0,0.0,20.0,20.0,9.85,18.91,34.98,35.47,-0.49,-1.0,-1.0,-0.49,127.99,0.41,0.41,0.1,0.57,,0.0,0.11,8.37,0.07,0.18,0.1,0.0,0.0,0.0,9.85,0.0,-0.16,-0.65,-0.46,203.0,1,203.0
99,盧冠良,福爾摩沙夢想家,1,24,28.0,319.0,5.32,05:19,319.0,5.32,05:19,0.0,0.0,0.0,0.0,2.0,2.0,7.14,13.54,0.0,0.0,0.0,0.0,1.0,1.0,3.57,6.77,0.0,0.0,0.0,0.0,1.0,1.0,3.57,6.77,0.0,0.0,0.0,0.0,0.0,0.0,0.0,0.0,0.0,0.0,0.0,0.0,1.0,1.0,3.57,6.77,0.0,0.0,0.0,0.0,0.0,0.0,0.0,0.0,0.0,0.0,0.0,0.0,0.0,0.0,0.0,0.0,0.0,0.0,0.0,0.0,0.0,0.0,0.0,0.0,3.0,3.0,10.71,20.31,35.71,25.0,10.71,3.0,3.0,10.71,126.39,0.0,0.0,0.0,0.0,,0.0,0.0,7.14,0.17,0.0,0.14,0.0,0.0,0.0,10.71,0.0,0.15,-0.07,-0.22,28.0,1,28.0
10860,麥卡洛,桃園台啤永豐雲豹,1,65,81.0,996.0,16.6,16:36,996.0,16.6,16:36,14.0,14.0,17.28,30.36,12.0,12.0,14.81,26.02,5.0,5.0,6.17,10.84,10.0,10.0,12.35,21.69,3.0,3.0,3.7,6.51,2.0,2.0,2.47,4.34,2.0,2.0,2.47,4.34,4.0,4.0,4.94,8.67,2.0,2.0,2.47,4.34,4.0,4.0,4.94,8.67,4.0,4.0,4.94,8.67,1.0,1.0,1.23,2.17,0.0,0.0,0.0,0.0,0.0,0.0,0.0,0.0,0.0,0.0,0.0,0.0,3.0,3.0,3.7,6.51,16.0,16.0,19.75,34.7,37.04,33.33,3.7,3.0,3.0,3.7,117.11,0.5,0.51,0.3,1.0,0.5,0.0,0.17,16.99,0.2,0.31,0.24,0.0,0.0,0.04,19.75,0.33,0.12,-0.16,-0.27,81.0,1,81.0
12,曹薰襄,桃園台啤永豐雲豹,1,71,86.0,1080.0,18.0,18:00,1080.0,18.0,18:00,4.0,4.0,4.65,8.0,4.0,4.0,4.65,8.0,2.0,2.0,2.33,4.0,3.0,3.0,3.49,6.0,2.0,2.0,2.33,4.0,1.0,1.0,1.16,2.0,0.0,0.0,0.0,0.0,1.0,1.0,1.16,2.0,0.0,0.0,0.0,0.0,0.0,0.0,0.0,0.0,3.0,3.0,3.49,6.0,3.0,3.0,3.49,6.0,2.0,2.0,2.33,4.0,0.0,0.0,0.0,0.0,4.0,4.0,4.65,8.0,0.0,0.0,0.0,0.0,14.0,14.0,16.28,28.0,34.88,34.88,0.0,0.0,0.0,0.0,114.67,0.5,0.45,0.67,0.0,0.0,0.47,0.3,9.81,0.0,0.27,0.1,2.33,0.0,0.0,16.28,0.25,-0.03,-0.27,-0.23,86.0,1,86.0
10884,徐宏瑋,桃園台啤永豐雲豹,1,11,14.0,175.0,2.92,02:55,175.0,2.92,02:55,0.0,0.0,0.0,0.0,0.0,0.0,0.0,0.0,0.0,0.0,0.0,0.0,0.0,0.0,0.0,0.0,0.0,0.0,0.0,0.0,0.0,0.0,0.0,0.0,0.0,0.0,0.0,0.0,0.0,0.0,0.0,0.0,0.0,0.0,0.0,0.0,0.0,0.0,0.0,0.0,0.0,0.0,0.0,0.0,0.0,0.0,0.0,0.0,0.0,0.0,0.0,0.0,0.0,0.0,0.0,0.0,0.0,0.0,0.0,0.0,0.0,0.0,0.0,0.0,2.0,2.0,14.29,24.69,21.43,28.57,-7.14,-1.0,-1.0,-7.14,115.2,,,,,,,0.0,0.0,0.0,0.0,0.0,0.0,0.0,0.0,14.29,,-0.05,-0.13,-0.08,14.0,1,14.0
1,丁聖儒,臺北台新戰神,1,97,117.0,1771.0,29.52,29:31,1771.0,29.52,29:31,10.0,10.0,8.55,12.2,6.0,6.0,5.13,7.32,1.0,1.0,0.85,1.22,2.0,2.0,1.71,2.44,0.0,0.0,0.0,0.0,4.0,4.0,3.42,4.88,1.0,1.0,0.85,1.22,8.0,8.0,6.84,9.76,7.0,7.0,5.98,8.54,2.0,2.0,1.71,2.44,2.0,2.0,1.71,2.44,6.0,6.0,5.13,7.32,0.0,0.0,0.0,0.0,0.0,0.0,0.0,0.0,1.0,1.0,0.85,1.22,6.0,6.0,5.13,7.32,19.0,19.0,16.24,23.17,47.86,50.43,-2.56,-3.0,-3.0,-2.56,95.13,0.25,0.53,0.0,0.25,0.88,0.1,0.38,8.99,0.09,0.18,0.12,0.0,0.0,0.05,16.24,1.33,-0.21,0.17,0.36,117.0,1,117.0
10,雷蒙恩,臺北台新戰神,1,73,85.0,1770.0,29.5,29:30,1770.0,29.5,29:30,11.0,11.0,12.94,13.42,8.0,8.0,9.41,9.76,4.0,4.0,4.71,4.88,6.0,6.0,7.06,7.32,3.0,3.0,3.53,3.66,2.0,2.0,2.35,2.44,1.0,1.0,1.18,1.22,2.0,2.0,2.35,2.44,2.0,2.0,2.35,2.44,0.0,0.0,0.0,0.0,2.0,2.0,2.35,2.44,0.0,0.0,0.0,0.0,1.0,1.0,1.18,1.22,1.0,1.0,1.18,1.22,0.0,0.0,0.0,0.0,6.0,6.0,7.06,7.32,15.0,15.0,17.65,18.31,55.29,55.29,0.0,0.0,0.0,0.0,69.15,0.56,0.62,0.5,0.5,1.0,0.0,0.0,10.45,0.0,0.29,0.1,1.18,1.18,0.07,17.65,0.25,-0.04,0.44,0.46,85.0,1,85.0
11,蘇奕晉,臺北台新戰神,1,11,11.0,0.0,0.0,00:00,0.0,0.0,00:00,0.0,0.0,0.0,,0.0,0.0,0.0,,0.0,0.0,0.0,,0.0,0.0,0.0,,0.0,0.0,0.0,,0.0,0.0,0.0,,0.0,0.0,0.0,,0.0,0.0,0.0,,0.0,0.0,0.0,,0.0,0.0,0.0,,0.0,0.0,0.0,,0.0,0.0,0.0,,0.0,0.0,0.0,,0.0,0.0,0.0,,0.0,0.0,0.0,,0.0,0.0,0.0,,0.0,0.0,0.0,,27.27,54.55,-27.27,-3.0,-3.0,-27.27,,,,,,,,0.0,0.0,0.0,,0.0,0.0,0.0,0.0,0.0,,-0.15,-0.09,0.06,11.0,1,11.0
14,錢肯尼,臺北台新戰神,1,92,108.0,1579.0,26.32,26:19,1579.0,26.32,26:19,0.0,0.0,0.0,0.0,2.0,2.0,1.85,2.74,0.0,0.0,0.0,0.0,1.0,1.0,0.93,1.37,0.0,0.0,0.0,0.0,1.0,1.0,0.93,1.37,0.0,0.0,0.0,0.0,0.0,0.0,0.0,0.0,0.0,0.0,0.0,0.0,1.0,1.0,0.93,1.37,2.0,2.0,1.85,2.74,3.0,3.0,2.78,4.1,0.0,0.0,0.0,0.0,0.0,0.0,0.0,0.0,2.0,2.0,1.85,2.74,4.0,4.0,3.7,5.47,9.0,9.0,8.33,12.31,40.74,39.81,0.93,1.0,1.0,0.93,98.49,0.0,0.0,0.0,0.0,,0.5,0.19,3.7,0.05,0.2,0.1,0.0,0.0,0.04,8.33,0.0,-0.01,-0.2,-0.21,108.0,1,108.0
10869,基德,臺北台新戰神,1,105,121.0,2346.0,39.1,39:06,2346.0,39.1,39:06,23.0,23.0,19.01,21.18,23.0,23.0,19.01,21.18,9.0,9.0,7.44,8.29,15.0,15.0,12.4,13.81,8.0,8.0,6.61,7.37,8.0,8.0,6.61,7.37,1.0,1.0,0.83,0.92,5.0,5.0,4.13,4.6,4.0,4.0,3.31,3.68,3.0,3.0,2.48,2.76,11.0,11.0,9.09,10.13,5.0,5.0,4.13,4.6,2.0,2.0,1.65,1.84,0.0,0.0,0.0,0.0,4.0,4.0,3.31,3.68,3.0,3.0,2.48,2.76,13.0,13.0,10.74,11.97,49.59,43.8,5.79,7.0,7.0,5.79,74.27,0.41,0.46,0.53,0.12,0.8,0.14,0.45,24.13,0.13,0.58,0.33,1.65,0.0,0.02,10.74,0.22,0.27,0.3,0.01,121.0,1,121.0
75,高國豪,新竹御嵿攻城獅,1,125,148.0,2543.0,42.38,42:23,2543.0,42.38,42:23,32.0,32.0,21.62,27.18,18.0,18.0,12.16,15.29,11.0,11.0,7.43,9.34,8.0,8.0,5.41,6.8,5.0,5.0,3.38,4.25,10.0,10.0,6.76,8.49,6.0,6.0,4.05,5.1,4.0,4.0,2.7,3.4,4.0,4.0,2.7,3.4,1.0,1.0,0.68,0.85,6.0,6.0,4.05,5.1,1.0,1.0,0.68,0.85,1.0,1.0,0.68,0.85,0.0,0.0,0.0,0.0,1.0,1.0,0.68,0.85,2.0,2.0,1.35,1.7,19.0,19.0,12.84,16.14,47.97,48.65,-0.68,-1.0,-1.0,-0.68,83.81,0.78,0.81,0.62,0.6,1.0,0.05,0.08,14.03,0.05,0.46,0.2,0.68,0.0,0.01,12.84,0.22,0.04,0.29,0.27,148.0,1,148.0
76,曾柏喻,新竹御嵿攻城獅,1,108,126.0,2379.0,39.65,39:39,2379.0,39.65,39:39,15.0,15.0,11.9,13.62,10.0,10.0,7.94,9.08,5.0,5.0,3.97,4.54,9.0,9.0,7.14,8.17,4.0,4.0,3.17,3.63,1.0,1.0,0.79,0.91,1.0,1.0,0.79,0.91,9.0,9.0,7.14,8.17,4.0,4.0,3.17,3.63,2.0,2.0,1.59,1.82,1.0,1.0,0.79,0.91,8.0,8.0,6.35,7.26,1.0,1.0,0.79,0.91,0.0,0.0,0.0,0.0,4.0,4.0,3.17,3.63,4.0,4.0,3.17,3.63,15.0,15.0,11.9,13.62,46.83,51.59,-4.76,-6.0,-6.0,-4.76,76.27,0.55,0.54,0.44,1.0,0.44,0.22,0.53,14.25,0.1,0.14,0.11,0.79,0.0,0.03,11.9,0.9,-0.23,0.17,0.42,126.0,1,126.0
10885,劉丞勳,新竹御嵿攻城獅,1,75,87.0,1370.0,22.83,22:50,1370.0,22.83,22:50,9.0,9.0,10.34,14.19,6.0,6.0,6.9,9.46,3.0,3.0,3.45,4.73,4.0,4.0,4.6,6.31,2.0,2.0,2.3,3.15,2.0,2.0,2.3,3.15,1.0,1.0,1.15,1.58,2.0,2.0,2.3,3.15,2.0,2.0,2.3,3.15,0.0,0.0,0.0,0.0,1.0,1.0,1.15,1.58,2.0,2.0,2.3,3.15,1.0,1.0,1.15,1.58,0.0,0.0,0.0,0.0,1.0,1.0,1.15,1.58,4.0,4.0,4.6,6.31,13.0,13.0,14.94,20.5,52.87,49.43,3.45,3.0,3.0,3.45,91.45,0.58,0.65,0.5,0.5,1.0,0.13,0.17,9.06,0.0,0.2,0.06,1.15,0.0,0.05,14.94,0.33,0.18,0.36,0.19,87.0,1,87.0
10887,德魯,新竹御嵿攻城獅,1,96,114.0,2152.0,35.87,35:52,2152.0,35.87,35:52,20.0,20.0,17.54,20.07,13.0,13.0,11.4,13.05,5.0,5.0,4.39,5.02,6.0,6.0,5.26,6.02,4.0,4.0,3.51,4.01,7.0,7.0,6.14,7.03,1.0,1.0,0.88,1.0,13.0,13.0,11.4,13.05,9.0,9.0,7.89,9.03,1.0,1.0,0.88,1.0,10.0,10.0,8.77,10.04,2.0,2.0,1.75,2.01,1.0,1.0,0.88,1.0,2.0,2.0,1.75,2.01,1.0,1.0,0.88,1.0,5.0,5.0,4.39,5.02,17.0,17.0,14.91,17.06,50.88,50.88,0.0,0.0,0.0,0.0,76.28,0.42,0.53,0.67,0.14,0.69,0.05,0.14,17.3,0.06,0.67,0.33,0.88,1.75,0.04,14.91,1.0,0.06,0.37,0.33,114.0,1,114.0
10888,帕塞獅,新竹御嵿攻城獅,1,91,106.0,1560.0,26.0,26:00,1560.0,26.0,26:00,4.0,4.0,3.77,5.54,8.0,8.0,7.55,11.08,2.0,2.0,1.89,2.77,8.0,8.0,7.55,11.08,2.0,2.0,1.89,2.77,0.0,0.0,0.0,0.0,0.0,0.0,0.0,0.0,0.0,0.0,0.0,0.0,0.0,0.0,0.0,0.0,5.0,5.0,4.72,6.92,6.0,6.0,5.66,8.31,3.0,3.0,2.83,4.15,0.0,0.0,0.0,0.0,1.0,1.0,0.94,1.38,3.0,3.0,2.83,4.15,3.0,3.0,2.83,4.15,9.0,9.0,8.49,12.46,43.4,43.4,0.0,0.0,0.0,0.0,97.85,0.25,0.25,0.25,,,0.27,0.2,10.38,0.25,0.6,0.37,0.0,0.94,0.03,8.49,0.0,0.06,-0.01,-0.06,106.0,1,106.0
13400,史東,臺北台新戰神,1,68,82.0,1318.0,21.97,21:58,1318.0,21.97,21:58,7.0,7.0,8.54,11.47,9.0,9.0,10.98,14.75,2.0,2.0,2.44,3.28,5.0,5.0,6.1,8.19,0.0,0.0,0.0,0.0,4.0,4.0,4.88,6.56,2.0,2.0,2.44,3.28,2.0,2.0,2.44,3.28,1.0,1.0,1.22,1.64,0.0,0.0,0.0,0.0,3.0,3.0,3.66,4.92,0.0,0.0,0.0,0.0,1.0,1.0,1.22,1.64,0.0,0.0,0.0,0.0,1.0,1.0,1.22,1.64,2.0,2.0,2.44,3.28,13.0,13.0,15.85,21.31,52.44,48.78,3.66,3.0,3.0,3.66,89.59,0.33,0.35,0.0,0.5,0.5,0.09,0.0,13.27,0.0,0.43,0.14,1.22,0.0,0.02,15.85,0.22,0.11,0.31,0.19,82.0,1,82.0
13907,梅克,臺北台新戰神,1,84,101.0,1997.0,33.28,33:17,1997.0,33.28,33:17,25.0,25.0,24.75,27.04,17.0,17.0,16.83,18.39,8.0,8.0,7.92,8.65,8.0,8.0,7.92,8.65,6.0,6.0,5.94,6.49,9.0,9.0,8.91,9.73,2.0,2.0,1.98,2.16,7.0,7.0,6.93,7.57,7.0,7.0,6.93,7.57,2.0,2.0,1.98,2.16,6.0,6.0,5.94,6.49,2.0,2.0,1.98,2.16,0.0,0.0,0.0,0.0,0.0,0.0,0.0,0.0,1.0,1.0,0.99,1.08,4.0,4.0,3.96,4.33,22.0,22.0,21.78,23.8,50.5,44.55,5.94,6.0,6.0,5.94,72.83,0.53,0.62,0.75,0.22,1.0,0.05,0.29,20.87,0.12,0.4,0.26,0.0,0.0,0.04,21.78,0.41,0.22,0.27,0.04,101.0,1,101.0
5,黃聰翰,臺北台新戰神,1,44,50.0,1277.0,21.28,21:17,1277.0,21.28,21:17,12.0,12.0,24.0,20.3,5.0,5.0,10.0,8.46,4.0,4.0,8.0,6.77,0.0,0.0,0.0,0.0,0.0,0.0,0.0,0.0,5.0,5.0,10.0,8.46,4.0,4.0,8.0,6.77,0.0,0.0,0.0,0.0,0.0,0.0,0.0,0.0,1.0,1.0,2.0,1.69,2.0,2.0,4.0,3.38,0.0,0.0,0.0,0.0,0.0,0.0,0.0,0.0,0.0,0.0,0.0,0.0,0.0,0.0,0.0,0.0,5.0,5.0,10.0,8.46,12.0,12.0,24.0,20.3,56.0,36.0,20.0,10.0,10.0,20.0,56.38,1.2,1.2,,0.8,,0.0,0.0,10.0,0.12,0.4,0.23,0.0,0.0,0.1,24.0,0.0,0.45,0.27,-0.19,50.0,1,50.0
10865,謝銘駿,臺北台新戰神,1,53,64.0,1417.0,23.62,23:37,1417.0,23.62,23:37,4.0,4.0,6.25,6.1,3.0,3.0,4.69,4.57,1.0,1.0,1.56,1.52,2.0,2.0,3.12,3.05,1.0,1.0,1.56,1.52,1.0,1.0,1.56,1.52,0.0,0.0,0.0,0.0,2.0,2.0,3.12,3.05,2.0,2.0,3.12,3.05,0.0,0.0,0.0,0.0,0.0,0.0,0.0,0.0,1.0,1.0,1.56,1.52,0.0,0.0,0.0,0.0,0.0,0.0,0.0,0.0,0.0,0.0,0.0,0.0,2.0,2.0,3.12,3.05,16.0,16.0,25.0,24.39,60.94,56.25,4.69,3.0,3.0,4.69,65.04,0.33,0.52,0.5,0.0,1.0,0.0,0.09,6.06,0.0,0.0,0.0,0.0,0.0,0.03,25.0,0.67,0.1,0.5,0.39,64.0,1,64.0
10862,提傑,新竹御嵿攻城獅,1,87,102.0,2048.0,34.13,34:08,2048.0,34.13,34:08,11.0,11.0,10.78,11.6,5.0,5.0,4.9,5.27,3.0,3.0,2.94,3.16,3.0,3.0,2.94,3.16,3.0,3.0,2.94,3.16,2.0,2.0,1.96,2.11,0.0,0.0,0.0,0.0,6.0,6.0,5.88,6.33,5.0,5.0,4.9,5.27,0.0,0.0,0.0,0.0,9.0,9.0,8.82,9.49,2.0,2.0,1.96,2.11,1.0,1.0,0.98,1.05,1.0,1.0,0.98,1.05,1.0,1.0,0.98,1.05,1.0,1.0,0.98,1.05,12.0,12.0,11.76,12.66,43.14,54.9,-11.76,-12.0,-12.0,-11.76,71.72,0.6,0.72,1.0,0.0,0.83,0.12,0.22,8.47,0.0,0.64,0.32,0.98,0.98,0.01,11.76,1.2,-0.51,-0.02,0.5,102.0,1,102.0
87,蔡宸綱,新竹御嵿攻城獅,1,28,35.0,526.0,8.77,08:46,526.0,8.77,08:46,0.0,0.0,0.0,0.0,2.0,2.0,5.71,8.21,0.0,0.0,0.0,0.0,1.0,1.0,2.86,4.11,0.0,0.0,0.0,0.0,1.0,1.0,2.86,4.11,0.0,0.0,0.0,0.0,0.0,0.0,0.0,0.0,0.0,0.0,0.0,0.0,2.0,2.0,5.71,8.21,0.0,0.0,0.0,0.0,0.0,0.0,0.0,0.0,1.0,1.0,2.86,4.11,0.0,0.0,0.0,0.0,0.0,0.0,0.0,0.0,2.0,2.0,5.71,8.21,4.0,4.0,11.43,16.43,34.29,48.57,-14.29,-5.0,-5.0,-14.29,95.82,0.0,0.0,0.0,0.0,,0.0,0.0,5.71,0.5,0.0,0.4,2.86,0.0,0.06,11.43,0.0,-0.22,-0.16,0.07,35.0,1,35.0
88,盧冠軒,新竹御嵿攻城獅,1,46,54.0,815.0,13.58,13:35,815.0,13.58,13:35,3.0,3.0,5.56,7.95,5.0,5.0,9.26,13.25,1.0,1.0,1.85,2.65,1.0,1.0,1.85,2.65,0.0,0.0,0.0,0.0,4.0,4.0,7.41,10.6,1.0,1.0,1.85,2.65,0.0,0.0,0.0,0.0,0.0,0.0,0.0,0.0,0.0,0.0,0.0,0.0,1.0,1.0,1.85,2.65,1.0,1.0,1.85,2.65,0.0,0.0,0.0,0.0,0.0,0.0,0.0,0.0,1.0,1.0,1.85,2.65,1.0,1.0,1.85,2.65,4.0,4.0,7.41,10.6,38.89,44.44,-5.56,-3.0,-3.0,-5.56,95.41,0.3,0.3,0.0,0.25,,0.17,0.2,11.11,0.0,0.33,0.1,0.0,0.0,0.02,7.41,0.0,-0.1,-0.11,0.0,54.0,1,54.0
3,陳文宏,臺北台新戰神,1,31,36.0,462.0,7.7,07:42,462.0,7.7,07:42,3.0,3.0,8.33,14.03,1.0,1.0,2.78,4.68,1.0,1.0,2.78,4.68,0.0,0.0,0.0,0.0,0.0,0.0,0.0,0.0,1.0,1.0,2.78,4.68,1.0,1.0,2.78,4.68,0.0,0.0,0.0,0.0,0.0,0.0,0.0,0.0,0.0,0.0,0.0,0.0,0.0,0.0,0.0,0.0,0.0,0.0,0.0,0.0,0.0,0.0,0.0,0.0,0.0,0.0,0.0,0.0,0.0,0.0,0.0,0.0,0.0,0.0,0.0,0.0,4.0,4.0,11.11,18.7,47.22,38.89,8.33,3.0,3.0,8.33,112.21,1.5,1.5,,1.0,,0.0,0.0,2.78,0.0,0.0,0.0,0.0,0.0,0.0,11.11,0.0,0.12,0.05,-0.08,36.0,1,36.0
10863,魏芃禾,臺北台新戰神,1,27,30.0,463.0,7.72,07:43,463.0,7.72,07:43,3.0,3.0,10.0,14.0,1.0,1.0,3.33,4.67,1.0,1.0,3.33,4.67,0.0,0.0,0.0,0.0,0.0,0.0,0.0,0.0,1.0,1.0,3.33,4.67,1.0,1.0,3.33,4.67,0.0,0.0,0.0,0.0,0.0,0.0,0.0,0.0,0.0,0.0,0.0,0.0,0.0,0.0,0.0,0.0,0.0,0.0,0.0,0.0,1.0,1.0,3.33,4.67,0.0,0.0,0.0,0.0,1.0,1.0,3.33,4.67,0.0,0.0,0.0,0.0,2.0,2.0,6.67,9.33,40.0,30.0,10.0,3.0,3.0,10.0,93.3,1.5,1.5,,1.0,,0.5,0.0,6.67,0.0,0.0,0.0,3.33,0.0,0.0,6.67,0.0,0.12,-0.06,-0.19,30.0,1,30.0
78,朱雲豪,新竹御嵿攻城獅,1,29,33.0,1007.0,16.78,16:47,1007.0,16.78,16:47,7.0,7.0,21.21,15.01,3.0,3.0,9.09,6.43,2.0,2.0,6.06,4.29,3.0,3.0,9.09,6.43,2.0,2.0,6.06,4.29,0.0,0.0,0.0,0.0,0.0,0.0,0.0,0.0,4.0,4.0,12.12,8.58,3.0,3.0,9.09,6.43,0.0,0.0,0.0,0.0,1.0,1.0,3.03,2.14,1.0,1.0,3.03,2.14,0.0,0.0,0.0,0.0,1.0,1.0,3.03,2.14,0.0,0.0,0.0,0.0,2.0,2.0,6.06,4.29,2.0,2.0,6.06,4.29,39.39,57.58,-18.18,-6.0,-6.0,-18.18,47.19,0.67,0.74,0.67,,0.75,0.0,0.5,14.42,0.0,0.5,0.1,0.0,3.03,0.06,6.06,1.33,-0.26,-0.06,0.21,33.0,1,33.0
