player_id,player_name,team_name,opp_player_id,opp_player_name,opp_team_name,games_used,stint_count,possessions,sec_played,min_played,min_played_str,sec_per_game,min_per_game,min_per_game_str,PTS,PTS_per_game,PTS_per100,PTS_per36,PTS_allowed,PTS_allowed_per_game,PTS_allowed_per100,PTS_allowed_per36,FGA,FGA_per_game,FGA_per100,FGA_per36,FGM,FGM_per_game,FGM_per100,FGM_per36,2PA,2PA_per_game,2PA_per100,2PA_per36,2PM,2PM_per_game,2PM_per100,2PM_per36,3PA,3PA_per_game,3PA_per100,3PA_per36,3PM,3PM_per_game,3PM_per100,3PM_per36,FTA,FTA_per_game,FTA_per100,FTA_per36,FTM,FTM_per_game,FTM_per100,FTM_per36,ORB,ORB_per_game,ORB_per100,ORB_per36,DRB,DRB_per_game,DRB_per100,DRB_per36,ORB_allowed,ORB_allowed_per_game,ORB_allowed_per100,ORB_allowed_per36,DRB_allowed,DRB_allowed_per_game,DRB_allowed_per100,DRB_allowed_per36,TOV,TOV_per_game,TOV_per100,TOV_per36,AST,AST_per_game,AST_per100,AST_per36,STL,STL_per_game,STL_per100,STL_per36,BLK,BLK_per_game,BLK_per100,BLK_per36,Fouls,Fouls_per_game,Fouls_per100,Fouls_per36,FT_allowed,FT_allowed_per_game,FT_allowed_per100,FT_allowed_per36,ORtg,DRtg,NetRtg,PACE,PM_total,PM_per_game,PM_per100,MIN_total,MIN_per_game,eFG,TS,FG2_pct,FG3_pct,FT_pct,TOV_pct,AST_ratio,ORB_pct,DRB_pct,TRB_pct,STL_pct,BLK_pct,Foul_per_poss,FT_allowed_rate_per100,FT_rate
43,林韋翰,新北中信特攻,1,丁聖儒,臺北台新戰神,1,108,122.0,1671.64,27.86,27:52,1671.64,27.86,27:52,51.0,51.0,41.8,65.9,47.0,47.0,38.52,60.73,47.0,47.0,38.52,60.73,20.0,20.0,16.39,25.84,23.0,23.0,18.85,29.72,15.0,15.0,12.3,19.38,24.0,24.0,19.67,31.01,5.0,5.0,4.1,6.46,8.0,8.0,6.56,10.34,6.0,6.0,4.92,7.75,4.0,4.0,3.28,5.17,23.0,23.0,18.85,29.72,7.0,7.0,5.74,9.05,20.0,20.0,16.39,25.84,9.0,9.0,7.38,11.63,8.0,8.0,6.56,10.34,4.0,4.0,3.28,5.17,1.0,1.0,0.82,1.29,9.0,9.0,7.38,11.63,7.0,7.0,5.74,9.05,41.8,38.52,3.28,105.09,4.0,4.0,3.28,27.86,27.86,0.48,0.5,0.65,0.21,0.75,0.15,0.4,0.17,0.77,0.5,3.28,0.82,0.07,5.74,0.17
43,林韋翰,新北中信特攻,5,黃聰翰,臺北台新戰神,1,115,131.0,1770.62,29.51,29:31,1770.62,29.51,29:31,57.0,57.0,43.51,69.53,47.0,47.0,35.88,57.34,52.0,52.0,39.69,63.44,22.0,22.0,16.79,26.84,26.0,26.0,19.85,31.72,16.0,16.0,12.21,19.52,26.0,26.0,19.85,31.72,6.0,6.0,4.58,7.32,9.0,9.0,6.87,10.98,7.0,7.0,5.34,8.54,6.0,6.0,4.58,7.32,23.0,23.0,17.56,28.06,7.0,7.0,5.34,8.54,22.0,22.0,16.79,26.84,10.0,10.0,7.63,12.2,10.0,10.0,7.63,12.2,4.0,4.0,3.05,4.88,2.0,2.0,1.53,2.44,11.0,11.0,8.4,13.42,7.0,7.0,5.34,8.54,43.51,35.88,7.63,106.54,10.0,10.0,7.63,29.51,29.51,0.48,0.51,0.62,0.23,0.78,0.15,0.45,0.21,0.77,0.5,3.05,1.53,0.08,5.34,0.17
43,林韋翰,新北中信特攻,14,錢肯尼,臺北台新戰神,1,91,107.0,1476.22,24.6,24:36,1476.22,24.6,24:36,50.0,50.0,46.73,73.16,38.0,38.0,35.51,55.6,45.0,45.0,42.06,65.84,21.0,21.0,19.63,30.73,22.0,22.0,20.56,32.19,15.0,15.0,14.02,21.95,23.0,23.0,21.5,33.65,6.0,6.0,5.61,8.78,4.0,4.0,3.74,5.85,2.0,2.0,1.87,2.93,6.0,6.0,5.61,8.78,17.0,17.0,15.89,24.87,7.0,7.0,6.54,10.24,20.0,20.0,18.69,29.26,7.0,7.0,6.54,10.24,9.0,9.0,8.41,13.17,3.0,3.0,2.8,4.39,2.0,2.0,1.87,2.93,9.0,9.0,8.41,13.17,5.0,5.0,4.67,7.32,46.73,35.51,11.21,104.37,12.0,12.0,11.21,24.6,24.6,0.53,0.53,0.68,0.26,0.5,0.13,0.43,0.23,0.71,0.46,2.8,1.87,0.08,4.67,0.09
43,林韋翰,新北中信特攻,13907,梅克,臺北台新戰神,1,86,96.0,1279.53,21.33,21:20,1279.53,21.33,21:20,40.0,40.0,41.67,67.52,32.0,32.0,33.33,54.02,37.0,37.0,38.54,62.46,15.0,15.0,15.62,25.32,20.0,20.0,20.83,33.76,12.0,12.0,12.5,20.26,17.0,17.0,17.71,28.7,3.0,3.0,3.12,5.06,9.0,9.0,9.38,15.19,7.0,7.0,7.29,11.82,4.0,4.0,4.17,6.75,17.0,17.0,17.71,28.7,5.0,5.0,5.21,8.44,17.0,17.0,17.71,28.7,7.0,7.0,7.29,11.82,7.0,7.0,7.29,11.82,3.0,3.0,3.12,5.06,1.0,1.0,1.04,1.69,7.0,7.0,7.29,11.82,4.0,4.0,4.17,6.75,41.67,33.33,8.33,108.04,8.0,8.0,8.33,21.33,21.33,0.45,0.49,0.6,0.18,0.78,0.15,0.47,0.19,0.77,0.49,3.12,1.04,0.07,4.17,0.24
43,林韋翰,新北中信特攻,14845,恩多,臺北台新戰神,1,65,77.0,1098.33,18.31,18:18,1098.33,18.31,18:18,37.0,37.0,48.05,72.76,30.0,30.0,38.96,59.0,31.0,31.0,40.26,60.97,16.0,16.0,20.78,31.47,15.0,15.0,19.48,29.5,12.0,12.0,15.58,23.6,16.0,16.0,20.78,31.47,4.0,4.0,5.19,7.87,1.0,1.0,1.3,1.97,1.0,1.0,1.3,1.97,4.0,4.0,5.19,7.87,11.0,11.0,14.29,21.63,6.0,6.0,7.79,11.8,13.0,13.0,16.88,25.57,6.0,6.0,7.79,11.8,7.0,7.0,9.09,13.77,3.0,3.0,3.9,5.9,1.0,1.0,1.3,1.97,6.0,6.0,7.79,11.8,5.0,5.0,6.49,9.83,48.05,38.96,9.09,100.95,7.0,7.0,9.09,18.31,18.31,0.58,0.59,0.8,0.25,1.0,0.16,0.44,0.24,0.65,0.44,3.9,1.3,0.08,6.49,0.03
44,黃泓瀚,新北中信特攻,1,丁聖儒,臺北台新戰神,1,64,74.0,1024.6,17.08,17:05,1024.6,17.08,17:05,34.0,34.0,45.95,71.68,34.0,34.0,45.95,71.68,28.0,28.0,37.84,59.03,14.0,14.0,18.92,29.51,14.0,14.0,18.92,29.51,10.0,10.0,13.51,21.08,14.0,14.0,18.92,29.51,4.0,4.0,5.41,8.43,5.0,5.0,6.76,10.54,2.0,2.0,2.7,4.22,2.0,2.0,2.7,4.22,13.0,13.0,17.57,27.41,6.0,6.0,8.11,12.65,14.0,14.0,18.92,29.51,3.0,3.0,4.05,6.32,6.0,6.0,8.11,12.65,2.0,2.0,2.7,4.22,1.0,1.0,1.35,2.11,7.0,7.0,9.46,14.76,8.0,8.0,10.81,16.87,45.95,45.95,0.0,104.0,0.0,0.0,0.0,17.08,17.08,0.57,0.56,0.71,0.29,0.4,0.09,0.43,0.12,0.68,0.43,2.7,1.35,0.09,10.81,0.18
44,黃泓瀚,新北中信特攻,5,黃聰翰,臺北台新戰神,1,65,75.0,1043.4,17.39,17:23,1043.4,17.39,17:23,37.0,37.0,49.33,76.6,33.0,33.0,44.0,68.31,28.0,28.0,37.33,57.96,15.0,15.0,20.0,31.05,14.0,14.0,18.67,28.98,11.0,11.0,14.67,22.77,14.0,14.0,18.67,28.98,4.0,4.0,5.33,8.28,6.0,6.0,8.0,12.42,3.0,3.0,4.0,6.21,2.0,2.0,2.67,4.14,12.0,12.0,16.0,24.84,6.0,6.0,8.0,12.42,14.0,14.0,18.67,28.98,3.0,3.0,4.0,6.21,7.0,7.0,9.33,14.49,2.0,2.0,2.67,4.14,1.0,1.0,1.33,2.07,8.0,8.0,10.67,16.56,6.0,6.0,8.0,12.42,49.33,44.0,5.33,103.51,4.0,4.0,5.33,17.39,17.39,0.61,0.6,0.79,0.29,0.5,0.09,0.47,0.12,0.67,0.41,2.67,1.33,0.11,8.0,0.21
44,黃泓瀚,新北中信特攻,14,錢肯尼,臺北台新戰神,1,59,68.0,939.4,15.66,15:39,939.4,15.66,15:39,37.0,37.0,54.41,85.08,30.0,30.0,44.12,68.98,25.0,25.0,36.76,57.48,15.0,15.0,22.06,34.49,14.0,14.0,20.59,32.19,11.0,11.0,16.18,25.29,11.0,11.0,16.18,25.29,4.0,4.0,5.88,9.2,4.0,4.0,5.88,9.2,3.0,3.0,4.41,6.9,1.0,1.0,1.47,2.3,9.0,9.0,13.24,20.69,6.0,6.0,8.82,13.8,13.0,13.0,19.12,29.89,3.0,3.0,4.41,6.9,7.0,7.0,10.29,16.1,2.0,2.0,2.94,4.6,1.0,1.0,1.47,2.3,7.0,7.0,10.29,16.1,4.0,4.0,5.88,9.2,54.41,44.12,10.29,104.24,7.0,7.0,10.29,15.66,15.66,0.68,0.69,0.79,0.36,0.75,0.1,0.47,0.07,0.6,0.34,2.94,1.47,0.1,5.88,0.16
44,黃泓瀚,新北中信特攻,13907,梅克,臺北台新戰神,1,43,49.0,696.59,11.61,11:37,696.59,11.61,11:37,25.0,25.0,51.02,77.52,13.0,13.0,26.53,40.31,19.0,19.0,38.78,58.92,11.0,11.0,22.45,34.11,11.0,11.0,22.45,34.11,10.0,10.0,20.41,31.01,8.0,8.0,16.33,24.81,1.0,1.0,2.04,3.1,4.0,4.0,8.16,12.4,2.0,2.0,4.08,6.2,2.0,2.0,4.08,6.2,7.0,7.0,14.29,21.71,4.0,4.0,8.16,12.4,12.0,12.0,24.49,37.21,2.0,2.0,4.08,6.2,5.0,5.0,10.2,15.5,2.0,2.0,4.08,6.2,0.0,0.0,0.0,0.0,5.0,5.0,10.2,15.5,6.0,6.0,12.24,18.6,51.02,26.53,24.49,101.29,12.0,12.0,24.49,11.61,11.61,0.61,0.6,0.91,0.12,0.5,0.09,0.45,0.14,0.64,0.36,4.08,0.0,0.1,12.24,0.21
44,黃泓瀚,新北中信特攻,14845,恩多,臺北台新戰神,1,54,63.0,878.84,14.65,14:39,878.84,14.65,14:39,32.0,32.0,50.79,78.65,29.0,29.0,46.03,71.28,23.0,23.0,36.51,56.53,13.0,13.0,20.63,31.95,12.0,12.0,19.05,29.49,9.0,9.0,14.29,22.12,11.0,11.0,17.46,27.04,4.0,4.0,6.35,9.83,3.0,3.0,4.76,7.37,2.0,2.0,3.17,4.92,1.0,1.0,1.59,2.46,9.0,9.0,14.29,22.12,6.0,6.0,9.52,14.75,11.0,11.0,17.46,27.04,3.0,3.0,4.76,7.37,6.0,6.0,9.52,14.75,2.0,2.0,3.17,4.92,1.0,1.0,1.59,2.46,5.0,5.0,7.94,12.29,2.0,2.0,3.17,4.92,50.79,46.03,4.76,103.23,3.0,3.0,4.76,14.65,14.65,0.65,0.66,0.75,0.36,0.67,0.11,0.46,0.08,0.6,0.37,3.17,1.59,0.08,3.17,0.13
8889,馬可,新北中信特攻,1,丁聖儒,臺北台新戰神,1,141,160.0,2250.37,37.51,37:30,2250.37,37.51,37:30,61.0,61.0,38.12,58.55,72.0,72.0,45.0,69.11,60.0,60.0,37.5,57.59,23.0,23.0,14.37,22.08,27.0,27.0,16.88,25.92,15.0,15.0,9.38,14.4,33.0,33.0,20.62,31.67,8.0,8.0,5.0,7.68,12.0,12.0,7.5,11.52,7.0,7.0,4.38,6.72,5.0,5.0,3.12,4.8,33.0,33.0,20.62,31.67,9.0,9.0,5.62,8.64,25.0,25.0,15.62,24.0,11.0,11.0,6.88,10.56,10.0,10.0,6.25,9.6,5.0,5.0,3.12,4.8,1.0,1.0,0.62,0.96,13.0,13.0,8.12,12.48,11.0,11.0,6.88,10.56,38.12,45.0,-6.88,102.38,-11.0,-11.0,-6.88,37.51,37.51,0.45,0.47,0.56,0.24,0.58,0.14,0.43,0.17,0.79,0.53,3.12,0.62,0.08,6.88,0.2
8889,馬可,新北中信特攻,5,黃聰翰,臺北台新戰神,1,149,170.0,2368.04,39.47,39:28,2368.04,39.47,39:28,68.0,68.0,40.0,62.03,72.0,72.0,42.35,65.67,65.0,65.0,38.24,59.29,25.0,25.0,14.71,22.8,30.0,30.0,17.65,27.36,16.0,16.0,9.41,14.59,35.0,35.0,20.59,31.93,9.0,9.0,5.29,8.21,14.0,14.0,8.24,12.77,9.0,9.0,5.29,8.21,7.0,7.0,4.12,6.39,33.0,33.0,19.41,30.1,9.0,9.0,5.29,8.21,27.0,27.0,15.88,24.63,12.0,12.0,7.06,10.95,12.0,12.0,7.06,10.95,5.0,5.0,2.94,4.56,2.0,2.0,1.18,1.82,15.0,15.0,8.82,13.68,11.0,11.0,6.47,10.03,40.0,42.35,-2.35,103.38,-4.0,-4.0,-2.35,39.47,39.47,0.45,0.48,0.53,0.26,0.64,0.14,0.48,0.21,0.79,0.53,2.94,1.18,0.09,6.47,0.22
8889,馬可,新北中信特攻,14,錢肯尼,臺北台新戰神,1,114,134.0,1865.76,31.1,31:06,1865.76,31.1,31:06,60.0,60.0,44.78,69.46,60.0,60.0,44.78,69.46,54.0,54.0,40.3,62.52,24.0,24.0,17.91,27.78,25.0,25.0,18.66,28.94,15.0,15.0,11.19,17.37,29.0,29.0,21.64,33.57,9.0,9.0,6.72,10.42,6.0,6.0,4.48,6.95,3.0,3.0,2.24,3.47,6.0,6.0,4.48,6.95,23.0,23.0,17.16,26.63,9.0,9.0,6.72,10.42,22.0,22.0,16.42,25.47,8.0,8.0,5.97,9.26,11.0,11.0,8.21,12.73,3.0,3.0,2.24,3.47,2.0,2.0,1.49,2.32,11.0,11.0,8.21,12.73,7.0,7.0,5.22,8.1,44.78,44.78,0.0,103.42,0.0,0.0,0.0,31.1,31.1,0.53,0.53,0.6,0.31,0.5,0.12,0.46,0.21,0.72,0.48,2.24,1.49,0.08,5.22,0.11
8889,馬可,新北中信特攻,13907,梅克,臺北台新戰神,1,112,126.0,1757.96,29.3,29:18,1757.96,29.3,29:18,49.0,49.0,38.89,60.21,50.0,50.0,39.68,61.44,48.0,48.0,38.1,58.98,17.0,17.0,13.49,20.89,23.0,23.0,18.25,28.26,12.0,12.0,9.52,14.74,25.0,25.0,19.84,30.72,5.0,5.0,3.97,6.14,14.0,14.0,11.11,17.2,10.0,10.0,7.94,12.29,6.0,6.0,4.76,7.37,25.0,25.0,19.84,30.72,7.0,7.0,5.56,8.6,21.0,21.0,16.67,25.8,8.0,8.0,6.35,9.83,8.0,8.0,6.35,9.83,4.0,4.0,3.17,4.91,1.0,1.0,0.79,1.23,11.0,11.0,8.73,13.52,10.0,10.0,7.94,12.29,38.89,39.68,-0.79,103.21,-1.0,-1.0,-0.79,29.3,29.3,0.41,0.45,0.52,0.2,0.71,0.13,0.47,0.22,0.78,0.53,3.17,0.79,0.09,7.94,0.29
8889,馬可,新北中信特攻,14845,恩多,臺北台新戰神,1,87,103.0,1487.2,24.79,24:47,1487.2,24.79,24:47,47.0,47.0,45.63,68.26,51.0,51.0,49.51,74.07,40.0,40.0,38.83,58.1,19.0,19.0,18.45,27.6,18.0,18.0,17.48,26.14,12.0,12.0,11.65,17.43,22.0,22.0,21.36,31.95,7.0,7.0,6.8,10.17,3.0,3.0,2.91,4.36,2.0,2.0,1.94,2.9,4.0,4.0,3.88,5.81,17.0,17.0,16.5,24.69,8.0,8.0,7.77,11.62,15.0,15.0,14.56,21.79,7.0,7.0,6.8,10.17,9.0,9.0,8.74,13.07,3.0,3.0,2.91,4.36,1.0,1.0,0.97,1.45,8.0,8.0,7.77,11.62,5.0,5.0,4.85,7.26,45.63,49.51,-3.88,99.73,-4.0,-4.0,-3.88,24.79,24.79,0.56,0.57,0.67,0.32,0.67,0.14,0.47,0.21,0.68,0.48,2.91,0.97,0.08,4.85,0.08
10877,阿巴西,新北中信特攻,1,丁聖儒,臺北台新戰神,1,138,158.0,2183.77,36.4,36:24,2183.77,36.4,36:24,67.0,67.0,42.41,66.27,64.0,64.0,40.51,63.3,59.0,59.0,37.34,58.36,26.0,26.0,16.46,25.72,28.0,28.0,17.72,27.7,18.0,18.0,11.39,17.8,31.0,31.0,19.62,30.66,8.0,8.0,5.06,7.91,10.0,10.0,6.33,9.89,7.0,7.0,4.43,6.92,5.0,5.0,3.16,4.95,29.0,29.0,18.35,28.68,11.0,11.0,6.96,10.88,25.0,25.0,15.82,24.73,12.0,12.0,7.59,11.87,12.0,12.0,7.59,11.87,7.0,7.0,4.43,6.92,1.0,1.0,0.63,0.99,11.0,11.0,6.96,10.88,9.0,9.0,5.7,8.9,42.41,40.51,1.9,104.19,3.0,3.0,1.9,36.4,36.4,0.51,0.53,0.64,0.26,0.7,0.16,0.46,0.17,0.72,0.49,4.43,0.63,0.07,5.7,0.17
10877,阿巴西,新北中信特攻,5,黃聰翰,臺北台新戰神,1,136,155.0,2140.14,35.67,35:40,2140.14,35.67,35:40,67.0,67.0,43.23,67.62,60.0,60.0,38.71,60.56,60.0,60.0,38.71,60.56,25.0,25.0,16.13,25.23,29.0,29.0,18.71,29.27,17.0,17.0,10.97,17.16,31.0,31.0,20.0,31.29,8.0,8.0,5.16,8.07,12.0,12.0,7.74,12.11,9.0,9.0,5.81,9.08,7.0,7.0,4.52,7.06,28.0,28.0,18.06,28.26,9.0,9.0,5.81,9.08,26.0,26.0,16.77,26.24,12.0,12.0,7.74,12.11,12.0,12.0,7.74,12.11,6.0,6.0,3.87,6.06,2.0,2.0,1.29,2.02,13.0,13.0,8.39,13.12,9.0,9.0,5.81,9.08,43.23,38.71,4.52,104.29,7.0,7.0,4.52,35.67,35.67,0.48,0.51,0.59,0.26,0.75,0.16,0.48,0.21,0.76,0.5,3.87,1.29,0.08,5.81,0.2
10877,阿巴西,新北中信特攻,14,錢肯尼,臺北台新戰神,1,108,128.0,1770.16,29.5,29:30,1770.16,29.5,29:30,60.0,60.0,46.88,73.21,50.0,50.0,39.06,61.01,52.0,52.0,40.62,63.45,25.0,25.0,19.53,30.51,25.0,25.0,19.53,30.51,17.0,17.0,13.28,20.74,27.0,27.0,21.09,32.95,8.0,8.0,6.25,9.76,4.0,4.0,3.12,4.88,2.0,2.0,1.56,2.44,6.0,6.0,4.69,7.32,20.0,20.0,15.62,24.4,10.0,10.0,7.81,12.2,21.0,21.0,16.41,25.62,8.0,8.0,6.25,9.76,11.0,11.0,8.59,13.42,4.0,4.0,3.12,4.88,2.0,2.0,1.56,2.44,9.0,9.0,7.03,10.98,7.0,7.0,5.47,8.54,46.88,39.06,7.81,104.13,10.0,10.0,7.81,29.5,29.5,0.56,0.56,0.68,0.3,0.5,0.13,0.44,0.22,0.67,0.46,3.12,1.56,0.07,5.47,0.08
10877,阿巴西,新北中信特攻,13907,梅克,臺北台新戰神,1,129,148.0,2021.25,33.69,33:41,2021.25,33.69,33:41,65.0,65.0,43.92,69.46,58.0,58.0,39.19,61.98,54.0,54.0,36.49,57.71,23.0,23.0,15.54,24.58,26.0,26.0,17.57,27.78,15.0,15.0,10.14,16.03,28.0,28.0,18.92,29.92,8.0,8.0,5.41,8.55,14.0,14.0,9.46,14.96,11.0,11.0,7.43,11.76,6.0,6.0,4.05,6.41,25.0,25.0,16.89,26.72,11.0,11.0,7.43,11.76,23.0,23.0,15.54,24.58,11.0,11.0,7.43,11.76,13.0,13.0,8.78,13.89,7.0,7.0,4.73,7.48,1.0,1.0,0.68,1.07,11.0,11.0,7.43,11.76,8.0,8.0,5.41,8.55,43.92,39.19,4.73,105.44,7.0,7.0,4.73,33.69,33.69,0.5,0.54,0.58,0.29,0.79,0.15,0.57,0.21,0.69,0.48,4.73,0.68,0.07,5.41,0.26
10877,阿巴西,新北中信特攻,14845,恩多,臺北台新戰神,1,71,84.0,1231.31,20.52,20:31,1231.31,20.52,20:31,40.0,40.0,47.62,70.17,37.0,37.0,44.05,64.91,34.0,34.0,40.48,59.64,17.0,17.0,20.24,29.82,16.0,16.0,19.05,28.07,12.0,12.0,14.29,21.05,18.0,18.0,21.43,31.58,5.0,5.0,5.95,8.77,1.0,1.0,1.19,1.75,1.0,1.0,1.19,1.75,4.0,4.0,4.76,7.02,13.0,13.0,15.48,22.81,7.0,7.0,8.33,12.28,13.0,13.0,15.48,22.81,6.0,6.0,7.14,10.53,7.0,7.0,8.33,12.28,3.0,3.0,3.57,5.26,1.0,1.0,1.19,1.75,6.0,6.0,7.14,10.53,5.0,5.0,5.95,8.77,47.62,44.05,3.57,98.24,3.0,3.0,3.57,20.52,20.52,0.57,0.58,0.75,0.28,1.0,0.15,0.41,0.24,0.65,0.46,3.57,1.19,0.07,5.95,0.03
10881,飛克,新北中信特攻,1,丁聖儒,臺北台新戰神,1,96,112.0,1488.94,24.82,24:49,1488.94,24.82,24:49,54.0,54.0,48.21,78.34,48.0,48.0,42.86,69.63,40.0,40.0,35.71,58.03,21.0,21.0,18.75,30.46,18.0,18.0,16.07,26.11,14.0,14.0,12.5,20.31,22.0,22.0,19.64,31.92,7.0,7.0,6.25,10.15,7.0,7.0,6.25,10.15,5.0,5.0,4.46,7.25,3.0,3.0,2.68,4.35,17.0,17.0,15.18,24.66,10.0,10.0,8.93,14.51,19.0,19.0,16.96,27.56,7.0,7.0,6.25,10.15,11.0,11.0,9.82,15.96,4.0,4.0,3.57,5.8,1.0,1.0,0.89,1.45,7.0,7.0,6.25,10.15,10.0,10.0,8.93,14.51,48.21,42.86,5.36,108.32,6.0,6.0,5.36,24.82,24.82,0.61,0.63,0.78,0.32,0.71,0.14,0.52,0.14,0.63,0.41,3.57,0.89,0.06,8.93,0.18
10881,飛克,新北中信特攻,5,黃聰翰,臺北台新戰神,1,91,105.0,1419.22,23.65,23:39,1419.22,23.65,23:39,54.0,54.0,51.43,82.19,43.0,43.0,40.95,65.44,38.0,38.0,36.19,57.83,20.0,20.0,19.05,30.44,16.0,16.0,15.24,24.35,13.0,13.0,12.38,19.79,22.0,22.0,20.95,33.48,7.0,7.0,6.67,10.65,9.0,9.0,8.57,13.7,7.0,7.0,6.67,10.65,4.0,4.0,3.81,6.09,15.0,15.0,14.29,22.83,8.0,8.0,7.62,12.18,19.0,19.0,18.1,28.92,7.0,7.0,6.67,10.65,11.0,11.0,10.48,16.74,3.0,3.0,2.86,4.57,1.0,1.0,0.95,1.52,9.0,9.0,8.57,13.7,8.0,8.0,7.62,12.18,51.43,40.95,10.48,106.54,11.0,11.0,10.48,23.65,23.65,0.62,0.64,0.81,0.32,0.78,0.14,0.55,0.17,0.65,0.41,2.86,0.95,0.09,7.62,0.24
10881,飛克,新北中信特攻,14,錢肯尼,臺北台新戰神,1,82,97.0,1323.08,22.05,22:03,1323.08,22.05,22:03,50.0,50.0,51.55,81.63,40.0,40.0,41.24,65.3,36.0,36.0,37.11,58.77,20.0,20.0,20.62,32.65,16.0,16.0,16.49,26.12,13.0,13.0,13.4,21.22,20.0,20.0,20.62,32.65,7.0,7.0,7.22,11.43,4.0,4.0,4.12,6.53,3.0,3.0,3.09,4.9,3.0,3.0,3.09,4.9,13.0,13.0,13.4,21.22,9.0,9.0,9.28,14.69,17.0,17.0,17.53,27.75,6.0,6.0,6.19,9.8,10.0,10.0,10.31,16.33,3.0,3.0,3.09,4.9,1.0,1.0,1.03,1.63,7.0,7.0,7.22,11.43,6.0,6.0,6.19,9.8,51.55,41.24,10.31,105.57,10.0,10.0,10.31,22.05,22.05,0.65,0.66,0.81,0.35,0.75,0.14,0.5,0.15,0.59,0.38,3.09,1.03,0.07,6.19,0.11
10881,飛克,新北中信特攻,13907,梅克,臺北台新戰神,1,93,109.0,1464.52,24.41,24:25,1464.52,24.41,24:25,54.0,54.0,49.54,79.64,39.0,39.0,35.78,57.52,38.0,38.0,34.86,56.05,20.0,20.0,18.35,29.5,18.0,18.0,16.51,26.55,14.0,14.0,12.84,20.65,20.0,20.0,18.35,29.5,6.0,6.0,5.5,8.85,9.0,9.0,8.26,13.27,8.0,8.0,7.34,11.8,4.0,4.0,3.67,5.9,15.0,15.0,13.76,22.12,10.0,10.0,9.17,14.75,19.0,19.0,17.43,28.02,8.0,8.0,7.34,11.8,12.0,12.0,11.01,17.7,5.0,5.0,4.59,7.37,0.0,0.0,0.0,0.0,8.0,8.0,7.34,11.8,10.0,10.0,9.17,14.75,49.54,35.78,13.76,107.17,15.0,15.0,13.76,24.41,24.41,0.61,0.64,0.78,0.3,0.89,0.16,0.6,0.17,0.6,0.4,4.59,0.0,0.07,9.17,0.24
10881,飛克,新北中信特攻,14845,恩多,臺北台新戰神,1,58,68.0,956.23,15.94,15:56,956.23,15.94,15:56,35.0,35.0,51.47,79.06,33.0,33.0,48.53,74.54,26.0,26.0,38.24,58.73,14.0,14.0,20.59,31.62,11.0,11.0,16.18,24.85,9.0,9.0,13.24,20.33,15.0,15.0,22.06,33.88,5.0,5.0,7.35,11.29,3.0,3.0,4.41,6.78,2.0,2.0,2.94,4.52,3.0,3.0,4.41,6.78,9.0,9.0,13.24,20.33,6.0,6.0,8.82,13.55,11.0,11.0,16.18,24.85,4.0,4.0,5.88,9.04,7.0,7.0,10.29,15.81,2.0,2.0,2.94,4.52,1.0,1.0,1.47,2.26,5.0,5.0,7.35,11.29,4.0,4.0,5.88,9.04,51.47,48.53,2.94,102.4,2.0,2.0,2.94,15.94,15.94,0.63,0.64,0.82,0.33,0.67,0.13,0.5,0.21,0.6,0.41,2.94,1.47,0.07,5.88,0.12
1,丁聖儒,臺北台新戰神,43,林韋翰,新北中信特攻,1,108,122.0,1671.64,27.86,27:52,1671.64,27.86,27:52,47.0,47.0,38.52,60.73,51.0,51.0,41.8,65.9,44.0,44.0,36.07,56.85,18.0,18.0,14.75,23.26,23.0,23.0,18.85,29.72,13.0,13.0,10.66,16.8,21.0,21.0,17.21,27.14,5.0,5.0,4.1,6.46,7.0,7.0,5.74,9.05,6.0,6.0,4.92,7.75,7.0,7.0,5.74,9.05,20.0,20.0,16.39,25.84,4.0,4.0,3.28,5.17,23.0,23.0,18.85,29.72,13.0,13.0,10.66,16.8,9.0,9.0,7.38,11.63,6.0,6.0,4.92,7.75,1.0,1.0,0.82,1.29,7.0,7.0,5.74,9.05,8.0,8.0,6.56,10.34,38.52,41.8,-3.28,105.09,-4.0,-4.0,-3.28,27.86,27.86,0.47,0.5,0.57,0.24,0.86,0.22,0.5,0.23,0.83,0.5,4.92,0.82,0.06,6.56,0.16
1,丁聖儒,臺北台新戰神,44,黃泓瀚,新北中信特攻,1,64,74.0,1024.6,17.08,17:05,1024.6,17.08,17:05,34.0,34.0,45.95,71.68,34.0,34.0,45.95,71.68,30.0,30.0,40.54,63.24,12.0,12.0,16.22,25.3,15.0,15.0,20.27,31.62,6.0,6.0,8.11,12.65,15.0,15.0,20.27,31.62,6.0,6.0,8.11,12.65,8.0,8.0,10.81,16.87,4.0,4.0,5.41,8.43,6.0,6.0,8.11,12.65,14.0,14.0,18.92,29.51,2.0,2.0,2.7,4.22,13.0,13.0,17.57,27.41,4.0,4.0,5.41,8.43,6.0,6.0,8.11,12.65,1.0,1.0,1.35,2.11,1.0,1.0,1.35,2.11,8.0,8.0,10.81,16.87,5.0,5.0,6.76,10.54,45.95,45.95,0.0,104.0,0.0,0.0,0.0,17.08,17.08,0.5,0.51,0.4,0.4,0.5,0.11,0.5,0.32,0.88,0.57,1.35,1.35,0.11,6.76,0.27
1,丁聖儒,臺北台新戰神,8889,馬可,新北中信特攻,1,141,160.0,2250.37,37.51,37:30,2250.37,37.51,37:30,72.0,72.0,45.0,69.11,61.0,61.0,38.12,58.55,60.0,60.0,37.5,57.59,27.0,27.0,16.88,25.92,31.0,31.0,19.38,29.76,17.0,17.0,10.62,16.32,29.0,29.0,18.12,27.84,10.0,10.0,6.25,9.6,11.0,11.0,6.88,10.56,8.0,8.0,5.0,7.68,9.0,9.0,5.62,8.64,25.0,25.0,15.62,24.0,5.0,5.0,3.12,4.8,33.0,33.0,20.62,31.67,14.0,14.0,8.75,13.44,14.0,14.0,8.75,13.44,6.0,6.0,3.75,5.76,1.0,1.0,0.62,0.96,14.0,14.0,8.75,13.44,12.0,12.0,7.5,11.52,45.0,38.12,6.88,102.38,11.0,11.0,6.88,37.51,37.51,0.53,0.56,0.55,0.34,0.73,0.18,0.52,0.21,0.83,0.47,3.75,0.62,0.09,7.5,0.18
1,丁聖儒,臺北台新戰神,10877,阿巴西,新北中信特攻,1,138,158.0,2183.77,36.4,36:24,2183.77,36.4,36:24,64.0,64.0,40.51,63.3,67.0,67.0,42.41,66.27,60.0,60.0,37.97,59.35,25.0,25.0,15.82,24.73,32.0,32.0,20.25,31.65,18.0,18.0,11.39,17.8,28.0,28.0,17.72,27.7,7.0,7.0,4.43,6.92,9.0,9.0,5.7,8.9,7.0,7.0,4.43,6.92,11.0,11.0,6.96,10.88,25.0,25.0,15.82,24.73,5.0,5.0,3.16,4.95,29.0,29.0,18.35,28.68,16.0,16.0,10.13,15.83,13.0,13.0,8.23,12.86,7.0,7.0,4.43,6.92,3.0,3.0,1.9,2.97,12.0,12.0,7.59,11.87,10.0,10.0,6.33,9.89,40.51,42.41,-1.9,104.19,-3.0,-3.0,-1.9,36.4,36.4,0.48,0.5,0.56,0.25,0.78,0.2,0.52,0.28,0.83,0.51,4.43,1.9,0.08,6.33,0.15
1,丁聖儒,臺北台新戰神,10881,飛克,新北中信特攻,1,96,112.0,1488.94,24.82,24:49,1488.94,24.82,24:49,48.0,48.0,42.86,69.63,54.0,54.0,48.21,78.34,44.0,44.0,39.29,63.83,17.0,17.0,15.18,24.66,20.0,20.0,17.86,29.01,10.0,10.0,8.93,14.51,24.0,24.0,21.43,34.82,7.0,7.0,6.25,10.15,10.0,10.0,8.93,14.51,7.0,7.0,6.25,10.15,10.0,10.0,8.93,14.51,19.0,19.0,16.96,27.56,3.0,3.0,2.68,4.35,17.0,17.0,15.18,24.66,10.0,10.0,8.93,14.51,9.0,9.0,8.04,13.06,4.0,4.0,3.57,5.8,3.0,3.0,2.68,4.35,9.0,9.0,8.04,13.06,7.0,7.0,6.25,10.15,42.86,48.21,-5.36,108.32,-6.0,-6.0,-5.36,24.82,24.82,0.47,0.5,0.5,0.29,0.7,0.17,0.53,0.37,0.86,0.59,3.57,2.68,0.08,6.25,0.23
5,黃聰翰,臺北台新戰神,43,林韋翰,新北中信特攻,1,115,131.0,1770.62,29.51,29:31,1770.62,29.51,29:31,47.0,47.0,35.88,57.34,57.0,57.0,43.51,69.53,46.0,46.0,35.11,56.12,18.0,18.0,13.74,21.96,25.0,25.0,19.08,30.5,13.0,13.0,9.92,15.86,21.0,21.0,16.03,25.62,5.0,5.0,3.82,6.1,7.0,7.0,5.34,8.54,6.0,6.0,4.58,7.32,7.0,7.0,5.34,8.54,22.0,22.0,16.79,26.84,6.0,6.0,4.58,7.32,23.0,23.0,17.56,28.06,13.0,13.0,9.92,15.86,9.0,9.0,6.87,10.98,6.0,6.0,4.58,7.32,1.0,1.0,0.76,1.22,7.0,7.0,5.34,8.54,9.0,9.0,6.87,10.98,35.88,43.51,-7.63,106.54,-10.0,-10.0,-7.63,29.51,29.51,0.45,0.48,0.52,0.24,0.86,0.21,0.5,0.23,0.79,0.5,4.58,0.76,0.05,6.87,0.15
5,黃聰翰,臺北台新戰神,44,黃泓瀚,新北中信特攻,1,65,75.0,1043.4,17.39,17:23,1043.4,17.39,17:23,33.0,33.0,44.0,68.31,37.0,37.0,49.33,76.6,31.0,31.0,41.33,64.17,12.0,12.0,16.0,24.84,16.0,16.0,21.33,33.12,6.0,6.0,8.0,12.42,15.0,15.0,20.0,31.05,6.0,6.0,8.0,12.42,6.0,6.0,8.0,12.42,3.0,3.0,4.0,6.21,6.0,6.0,8.0,12.42,14.0,14.0,18.67,28.98,2.0,2.0,2.67,4.14,12.0,12.0,16.0,24.84,4.0,4.0,5.33,8.28,6.0,6.0,8.0,12.42,1.0,1.0,1.33,2.07,1.0,1.0,1.33,2.07,8.0,8.0,10.67,16.56,6.0,6.0,8.0,12.42,44.0,49.33,-5.33,103.51,-4.0,-4.0,-5.33,17.39,17.39,0.48,0.49,0.38,0.4,0.5,0.11,0.5,0.33,0.88,0.59,1.33,1.33,0.11,8.0,0.19
5,黃聰翰,臺北台新戰神,8889,馬可,新北中信特攻,1,149,170.0,2368.04,39.47,39:28,2368.04,39.47,39:28,72.0,72.0,42.35,65.67,68.0,68.0,40.0,62.03,62.0,62.0,36.47,56.55,27.0,27.0,15.88,24.63,33.0,33.0,19.41,30.1,17.0,17.0,10.0,15.51,29.0,29.0,17.06,26.45,10.0,10.0,5.88,9.12,11.0,11.0,6.47,10.03,8.0,8.0,4.71,7.3,9.0,9.0,5.29,8.21,27.0,27.0,15.88,24.63,7.0,7.0,4.12,6.39,33.0,33.0,19.41,30.1,14.0,14.0,8.24,12.77,14.0,14.0,8.24,12.77,6.0,6.0,3.53,5.47,1.0,1.0,0.59,0.91,15.0,15.0,8.82,13.68,14.0,14.0,8.24,12.77,42.35,40.0,2.35,103.38,4.0,4.0,2.35,39.47,39.47,0.52,0.54,0.52,0.34,0.73,0.17,0.52,0.21,0.79,0.47,3.53,0.59,0.09,8.24,0.18
5,黃聰翰,臺北台新戰神,10877,阿巴西,新北中信特攻,1,136,155.0,2140.14,35.67,35:40,2140.14,35.67,35:40,60.0,60.0,38.71,60.56,67.0,67.0,43.23,67.62,57.0,57.0,36.77,57.53,23.0,23.0,14.84,23.21,31.0,31.0,20.0,31.29,16.0,16.0,10.32,16.15,26.0,26.0,16.77,26.24,7.0,7.0,4.52,7.06,9.0,9.0,5.81,9.08,7.0,7.0,4.52,7.06,9.0,9.0,5.81,9.08,26.0,26.0,16.77,26.24,7.0,7.0,4.52,7.06,28.0,28.0,18.06,28.26,13.0,13.0,8.39,13.12,12.0,12.0,7.74,12.11,6.0,6.0,3.87,6.06,1.0,1.0,0.65,1.01,12.0,12.0,7.74,12.11,12.0,12.0,7.74,12.11,38.71,43.23,-4.52,104.29,-7.0,-7.0,-4.52,35.67,35.67,0.46,0.49,0.52,0.27,0.78,0.18,0.52,0.24,0.79,0.5,3.87,0.65,0.08,7.74,0.16
5,黃聰翰,臺北台新戰神,10881,飛克,新北中信特攻,1,91,105.0,1419.22,23.65,23:39,1419.22,23.65,23:39,43.0,43.0,40.95,65.44,54.0,54.0,51.43,82.19,41.0,41.0,39.05,62.4,15.0,15.0,14.29,22.83,19.0,19.0,18.1,28.92,8.0,8.0,7.62,12.18,22.0,22.0,20.95,33.48,7.0,7.0,6.67,10.65,8.0,8.0,7.62,12.18,6.0,6.0,5.71,9.13,8.0,8.0,7.62,12.18,19.0,19.0,18.1,28.92,4.0,4.0,3.81,6.09,15.0,15.0,14.29,22.83,7.0,7.0,6.67,10.65,8.0,8.0,7.62,12.18,3.0,3.0,2.86,4.57,1.0,1.0,0.95,1.52,9.0,9.0,8.57,13.7,9.0,9.0,8.57,13.7,40.95,51.43,-10.48,106.54,-11.0,-11.0,-10.48,23.65,23.65,0.45,0.48,0.42,0.32,0.75,0.14,0.53,0.35,0.83,0.59,2.86,0.95,0.09,8.57,0.2
14,錢肯尼,臺北台新戰神,43,林韋翰,新北中信特攻,1,91,107.0,1476.22,24.6,24:36,1476.22,24.6,24:36,38.0,38.0,35.51,55.6,50.0,50.0,46.73,73.16,41.0,41.0,38.32,59.99,15.0,15.0,14.02,21.95,22.0,22.0,20.56,32.19,11.0,11.0,10.28,16.1,19.0,19.0,17.76,27.8,4.0,4.0,3.74,5.85,5.0,5.0,4.67,7.32,4.0,4.0,3.74,5.85,7.0,7.0,6.54,10.24,20.0,20.0,18.69,29.26,6.0,6.0,5.61,8.78,17.0,17.0,15.89,24.87,8.0,8.0,7.48,11.71,6.0,6.0,5.61,8.78,4.0,4.0,3.74,5.85,1.0,1.0,0.93,1.46,5.0,5.0,4.67,7.32,4.0,4.0,3.74,5.85,35.51,46.73,-11.21,104.37,-12.0,-12.0,-11.21,24.6,24.6,0.41,0.44,0.5,0.21,0.8,0.16,0.4,0.29,0.77,0.54,3.74,0.93,0.05,3.74,0.12
14,錢肯尼,臺北台新戰神,44,黃泓瀚,新北中信特攻,1,59,68.0,939.4,15.66,15:39,939.4,15.66,15:39,30.0,30.0,44.12,68.98,37.0,37.0,54.41,85.08,29.0,29.0,42.65,66.68,11.0,11.0,16.18,25.29,14.0,14.0,20.59,32.19,5.0,5.0,7.35,11.5,15.0,15.0,22.06,34.49,6.0,6.0,8.82,13.8,4.0,4.0,5.88,9.2,2.0,2.0,2.94,4.6,6.0,6.0,8.82,13.8,13.0,13.0,19.12,29.89,1.0,1.0,1.47,2.3,9.0,9.0,13.24,20.69,4.0,4.0,5.88,9.2,5.0,5.0,7.35,11.5,1.0,1.0,1.47,2.3,1.0,1.0,1.47,2.3,7.0,7.0,10.29,16.1,4.0,4.0,5.88,9.2,44.12,54.41,-10.29,104.24,-7.0,-7.0,-10.29,15.66,15.66,0.48,0.49,0.36,0.4,0.5,0.12,0.45,0.4,0.93,0.66,1.47,1.47,0.1,5.88,0.14
14,錢肯尼,臺北台新戰神,8889,馬可,新北中信特攻,1,114,134.0,1865.76,31.1,31:06,1865.76,31.1,31:06,60.0,60.0,44.78,69.46,60.0,60.0,44.78,69.46,53.0,53.0,39.55,61.36,23.0,23.0,17.16,26.63,28.0,28.0,20.9,32.42,14.0,14.0,10.45,16.21,25.0,25.0,18.66,28.94,9.0,9.0,6.72,10.42,7.0,7.0,5.22,8.1,5.0,5.0,3.73,5.79,9.0,9.0,6.72,10.42,22.0,22.0,16.42,25.47,6.0,6.0,4.48,6.95,23.0,23.0,17.16,26.63,9.0,9.0,6.72,10.42,10.0,10.0,7.46,11.58,4.0,4.0,2.99,4.63,1.0,1.0,0.75,1.16,10.0,10.0,7.46,11.58,6.0,6.0,4.48,6.95,44.78,44.78,0.0,103.42,0.0,0.0,0.0,31.1,31.1,0.52,0.53,0.5,0.36,0.71,0.14,0.43,0.28,0.79,0.52,2.99,0.75,0.07,4.48,0.13
14,錢肯尼,臺北台新戰神,10877,阿巴西,新北中信特攻,1,108,128.0,1770.16,29.5,29:30,1770.16,29.5,29:30,50.0,50.0,39.06,61.01,60.0,60.0,46.88,73.21,50.0,50.0,39.06,61.01,20.0,20.0,15.62,24.4,28.0,28.0,21.88,34.17,15.0,15.0,11.72,18.3,22.0,22.0,17.19,26.85,5.0,5.0,3.91,6.1,7.0,7.0,5.47,8.54,5.0,5.0,3.91,6.1,10.0,10.0,7.81,12.2,21.0,21.0,16.41,25.62,6.0,6.0,4.69,7.32,20.0,20.0,15.62,24.4,11.0,11.0,8.59,13.42,8.0,8.0,6.25,9.76,5.0,5.0,3.91,6.1,3.0,3.0,2.34,3.66,8.0,8.0,6.25,9.76,4.0,4.0,3.12,4.88,39.06,46.88,-7.81,104.13,-10.0,-10.0,-7.81,29.5,29.5,0.45,0.47,0.54,0.23,0.71,0.17,0.4,0.33,0.78,0.54,3.91,2.34,0.06,3.12,0.14
14,錢肯尼,臺北台新戰神,10881,飛克,新北中信特攻,1,82,97.0,1323.08,22.05,22:03,1323.08,22.05,22:03,40.0,40.0,41.24,65.3,50.0,50.0,51.55,81.63,40.0,40.0,41.24,65.3,15.0,15.0,15.46,24.49,19.0,19.0,19.59,31.02,9.0,9.0,9.28,14.69,21.0,21.0,21.65,34.28,6.0,6.0,6.19,9.8,6.0,6.0,6.19,9.8,4.0,4.0,4.12,6.53,9.0,9.0,9.28,14.69,17.0,17.0,17.53,27.75,3.0,3.0,3.09,4.9,13.0,13.0,13.4,21.22,8.0,8.0,8.25,13.06,7.0,7.0,7.22,11.43,3.0,3.0,3.09,4.9,3.0,3.0,3.09,4.9,7.0,7.0,7.22,11.43,4.0,4.0,4.12,6.53,41.24,51.55,-10.31,105.57,-10.0,-10.0,-10.31,22.05,22.05,0.45,0.47,0.47,0.29,0.67,0.16,0.47,0.41,0.85,0.62,3.09,3.09,0.07,4.12,0.15
13907,梅克,臺北台新戰神,43,林韋翰,新北中信特攻,1,86,96.0,1279.53,21.33,21:20,1279.53,21.33,21:20,32.0,32.0,33.33,54.02,40.0,40.0,41.67,67.52,34.0,34.0,35.42,57.4,12.0,12.0,12.5,20.26,15.0,15.0,15.62,25.32,8.0,8.0,8.33,13.5,19.0,19.0,19.79,32.07,4.0,4.0,4.17,6.75,4.0,4.0,4.17,6.75,4.0,4.0,4.17,6.75,5.0,5.0,5.21,8.44,17.0,17.0,17.71,28.7,4.0,4.0,4.17,6.75,17.0,17.0,17.71,28.7,10.0,10.0,10.42,16.88,7.0,7.0,7.29,11.82,5.0,5.0,5.21,8.44,1.0,1.0,1.04,1.69,4.0,4.0,4.17,6.75,9.0,9.0,9.38,15.19,33.33,41.67,-8.33,108.04,-8.0,-8.0,-8.33,21.33,21.33,0.41,0.45,0.53,0.21,1.0,0.22,0.58,0.23,0.81,0.51,5.21,1.04,0.04,9.38,0.12
13907,梅克,臺北台新戰神,44,黃泓瀚,新北中信特攻,1,43,49.0,696.59,11.61,11:37,696.59,11.61,11:37,13.0,13.0,26.53,40.31,25.0,25.0,51.02,77.52,19.0,19.0,38.78,58.92,4.0,4.0,8.16,12.4,9.0,9.0,18.37,27.91,2.0,2.0,4.08,6.2,10.0,10.0,20.41,31.01,2.0,2.0,4.08,6.2,6.0,6.0,12.24,18.6,3.0,3.0,6.12,9.3,4.0,4.0,8.16,12.4,12.0,12.0,24.49,37.21,2.0,2.0,4.08,6.2,7.0,7.0,14.29,21.71,3.0,3.0,6.12,9.3,2.0,2.0,4.08,6.2,1.0,1.0,2.04,3.1,1.0,1.0,2.04,3.1,4.0,4.0,8.16,12.4,4.0,4.0,8.16,12.4,26.53,51.02,-24.49,101.29,-12.0,-12.0,-24.49,11.61,11.61,0.26,0.3,0.22,0.2,0.5,0.12,0.5,0.36,0.86,0.64,2.04,2.04,0.08,8.16,0.32
13907,梅克,臺北台新戰神,8889,馬可,新北中信特攻,1,112,126.0,1757.96,29.3,29:18,1757.96,29.3,29:18,50.0,50.0,39.68,61.44,49.0,49.0,38.89,60.21,46.0,46.0,36.51,56.52,18.0,18.0,14.29,22.12,22.0,22.0,17.46,27.03,12.0,12.0,9.52,14.74,24.0,24.0,19.05,29.49,6.0,6.0,4.76,7.37,10.0,10.0,7.94,12.29,8.0,8.0,6.35,9.83,7.0,7.0,5.56,8.6,21.0,21.0,16.67,25.8,6.0,6.0,4.76,7.37,25.0,25.0,19.84,30.72,10.0,10.0,7.94,12.29,10.0,10.0,7.94,12.29,5.0,5.0,3.97,6.14,1.0,1.0,0.79,1.23,9.0,9.0,7.14,11.06,14.0,14.0,11.11,17.2,39.68,38.89,0.79,103.21,1.0,1.0,0.79,29.3,29.3,0.46,0.5,0.55,0.25,0.8,0.17,0.56,0.22,0.78,0.47,3.97,0.79,0.07,11.11,0.22
13907,梅克,臺北台新戰神,10877,阿巴西,新北中信特攻,1,129,148.0,2021.25,33.69,33:41,2021.25,33.69,33:41,58.0,58.0,39.19,61.98,65.0,65.0,43.92,69.46,56.0,56.0,37.84,59.84,22.0,22.0,14.86,23.51,28.0,28.0,18.92,29.92,15.0,15.0,10.14,16.03,28.0,28.0,18.92,29.92,7.0,7.0,4.73,7.48,8.0,8.0,5.41,8.55,7.0,7.0,4.73,7.48,11.0,11.0,7.43,11.76,23.0,23.0,15.54,24.58,6.0,6.0,4.05,6.41,25.0,25.0,16.89,26.72,14.0,14.0,9.46,14.96,13.0,13.0,8.78,13.89,7.0,7.0,4.73,7.48,3.0,3.0,2.03,3.21,11.0,11.0,7.43,11.76,14.0,14.0,9.46,14.96,39.19,43.92,-4.73,105.44,-7.0,-7.0,-4.73,33.69,33.69,0.46,0.49,0.54,0.25,0.88,0.19,0.59,0.31,0.79,0.52,4.73,2.03,0.07,9.46,0.14
13907,梅克,臺北台新戰神,10881,飛克,新北中信特攻,1,93,109.0,1464.52,24.41,24:25,1464.52,24.41,24:25,39.0,39.0,35.78,57.52,54.0,54.0,49.54,79.64,41.0,41.0,37.61,60.47,13.0,13.0,11.93,19.17,19.0,19.0,17.43,28.02,8.0,8.0,7.34,11.8,22.0,22.0,20.18,32.45,5.0,5.0,4.59,7.37,10.0,10.0,9.17,14.75,8.0,8.0,7.34,11.8,10.0,10.0,9.17,14.75,19.0,19.0,17.43,28.02,4.0,4.0,3.67,5.9,15.0,15.0,13.76,22.12,10.0,10.0,9.17,14.75,8.0,8.0,7.34,11.8,5.0,5.0,4.59,7.37,3.0,3.0,2.75,4.42,8.0,8.0,7.34,11.8,9.0,9.0,8.26,13.27,35.78,49.54,-13.76,107.17,-15.0,-15.0,-13.76,24.41,24.41,0.38,0.43,0.42,0.23,0.8,0.18,0.62,0.4,0.83,0.6,4.59,2.75,0.07,8.26,0.24
14845,恩多,臺北台新戰神,43,林韋翰,新北中信特攻,1,65,77.0,1098.33,18.31,18:18,1098.33,18.31,18:18,30.0,30.0,38.96,59.0,37.0,37.0,48.05,72.76,29.0,29.0,37.66,57.03,11.0,11.0,14.29,21.63,17.0,17.0,22.08,33.43,7.0,7.0,9.09,13.77,12.0,12.0,15.58,23.6,4.0,4.0,5.19,7.87,5.0,5.0,6.49,9.83,4.0,4.0,5.19,7.87,6.0,6.0,7.79,11.8,13.0,13.0,16.88,25.57,4.0,4.0,5.19,7.87,11.0,11.0,14.29,21.63,6.0,6.0,7.79,11.8,4.0,4.0,5.19,7.87,2.0,2.0,2.6,3.93,1.0,1.0,1.3,1.97,5.0,5.0,6.49,9.83,1.0,1.0,1.3,1.97,38.96,48.05,-9.09,100.95,-7.0,-7.0,-9.09,18.31,18.31,0.45,0.48,0.41,0.33,0.8,0.16,0.36,0.35,0.76,0.56,2.6,1.3,0.06,1.3,0.17
14845,恩多,臺北台新戰神,44,黃泓瀚,新北中信特攻,1,54,63.0,878.84,14.65,14:39,878.84,14.65,14:39,29.0,29.0,46.03,71.28,32.0,32.0,50.79,78.65,27.0,27.0,42.86,66.36,11.0,11.0,17.46,27.04,13.0,13.0,20.63,31.95,5.0,5.0,7.94,12.29,14.0,14.0,22.22,34.41,6.0,6.0,9.52,14.75,2.0,2.0,3.17,4.92,1.0,1.0,1.59,2.46,6.0,6.0,9.52,14.75,11.0,11.0,17.46,27.04,1.0,1.0,1.59,2.46,9.0,9.0,14.29,22.12,4.0,4.0,6.35,9.83,5.0,5.0,7.94,12.29,1.0,1.0,1.59,2.46,1.0,1.0,1.59,2.46,6.0,6.0,9.52,14.75,3.0,3.0,4.76,7.37,46.03,50.79,-4.76,103.23,-3.0,-3.0,-4.76,14.65,14.65,0.52,0.52,0.38,0.43,0.5,0.13,0.45,0.4,0.92,0.63,1.59,1.59,0.1,4.76,0.07
14845,恩多,臺北台新戰神,8889,馬可,新北中信特攻,1,87,103.0,1487.2,24.79,24:47,1487.2,24.79,24:47,51.0,51.0,49.51,74.07,47.0,47.0,45.63,68.26,41.0,41.0,39.81,59.55,19.0,19.0,18.45,27.6,23.0,23.0,22.33,33.4,10.0,10.0,9.71,14.52,18.0,18.0,17.48,26.14,9.0,9.0,8.74,13.07,5.0,5.0,4.85,7.26,4.0,4.0,3.88,5.81,8.0,8.0,7.77,11.62,15.0,15.0,14.56,21.79,4.0,4.0,3.88,5.81,17.0,17.0,16.5,24.69,7.0,7.0,6.8,10.17,8.0,8.0,7.77,11.62,2.0,2.0,1.94,2.9,1.0,1.0,0.97,1.45,9.0,9.0,8.74,13.07,3.0,3.0,2.91,4.36,49.51,45.63,3.88,99.73,4.0,4.0,3.88,24.79,24.79,0.57,0.59,0.43,0.5,0.8,0.14,0.42,0.32,0.79,0.52,1.94,0.97,0.09,2.91,0.12
14845,恩多,臺北台新戰神,10877,阿巴西,新北中信特攻,1,71,84.0,1231.31,20.52,20:31,1231.31,20.52,20:31,37.0,37.0,44.05,64.91,40.0,40.0,47.62,70.17,33.0,33.0,39.29,57.89,14.0,14.0,16.67,24.56,20.0,20.0,23.81,35.08,9.0,9.0,10.71,15.79,13.0,13.0,15.48,22.81,5.0,5.0,5.95,8.77,5.0,5.0,5.95,8.77,4.0,4.0,4.76,7.02,7.0,7.0,8.33,12.28,13.0,13.0,15.48,22.81,4.0,4.0,4.76,7.02,13.0,13.0,15.48,22.81,6.0,6.0,7.14,10.53,5.0,5.0,5.95,8.77,2.0,2.0,2.38,3.51,1.0,1.0,1.19,1.75,6.0,6.0,7.14,10.53,1.0,1.0,1.19,1.75,44.05,47.62,-3.57,98.24,-3.0,-3.0,-3.57,20.52,20.52,0.5,0.53,0.45,0.38,0.8,0.15,0.36,0.35,0.76,0.54,2.38,1.19,0.07,1.19,0.15
14845,恩多,臺北台新戰神,10881,飛克,新北中信特攻,1,58,68.0,956.23,15.94,15:56,956.23,15.94,15:56,33.0,33.0,48.53,74.54,35.0,35.0,51.47,79.06,28.0,28.0,41.18,63.25,12.0,12.0,17.65,27.11,14.0,14.0,20.59,31.62,6.0,6.0,8.82,13.55,14.0,14.0,20.59,31.62,6.0,6.0,8.82,13.55,4.0,4.0,5.88,9.04,3.0,3.0,4.41,6.78,6.0,6.0,8.82,13.55,11.0,11.0,16.18,24.85,3.0,3.0,4.41,6.78,9.0,9.0,13.24,20.33,4.0,4.0,5.88,9.04,5.0,5.0,7.35,11.29,1.0,1.0,1.47,2.26,1.0,1.0,1.47,2.26,5.0,5.0,7.35,11.29,3.0,3.0,4.41,6.78,48.53,51.47,-2.94,102.4,-2.0,-2.0,-2.94,15.94,15.94,0.54,0.55,0.43,0.43,0.75,0.12,0.42,0.4,0.79,0.59,1.47,1.47,0.07,4.41,0.14
43,林韋翰,新北中信特攻,10867,威力斯,臺北台新戰神,1,79,89.0,1163.38,19.39,19:23,1163.38,19.39,19:23,37.0,37.0,41.57,68.7,32.0,32.0,35.96,59.41,36.0,36.0,40.45,66.84,13.0,13.0,14.61,24.14,17.0,17.0,19.1,31.56,8.0,8.0,8.99,14.85,19.0,19.0,21.35,35.28,5.0,5.0,5.62,9.28,8.0,8.0,8.99,14.85,6.0,6.0,6.74,11.14,4.0,4.0,4.49,7.43,18.0,18.0,20.22,33.42,3.0,3.0,3.37,5.57,14.0,14.0,15.73,25.99,7.0,7.0,7.87,13.0,6.0,6.0,6.74,11.14,2.0,2.0,2.25,3.71,2.0,2.0,2.25,3.71,9.0,9.0,10.11,16.71,5.0,5.0,5.62,9.28,41.57,35.96,5.62,110.16,5.0,5.0,5.62,19.39,19.39,0.43,0.47,0.47,0.26,0.75,0.15,0.46,0.22,0.86,0.56,2.25,2.25,0.1,5.62,0.22
44,黃泓瀚,新北中信特攻,10867,威力斯,臺北台新戰神,1,37,42.0,555.54,9.26,09:16,555.54,9.26,09:16,17.0,17.0,40.48,66.1,26.0,26.0,61.9,101.09,16.0,16.0,38.1,62.21,6.0,6.0,14.29,23.33,7.0,7.0,16.67,27.22,3.0,3.0,7.14,11.66,9.0,9.0,21.43,34.99,3.0,3.0,7.14,11.66,5.0,5.0,11.9,19.44,2.0,2.0,4.76,7.78,1.0,1.0,2.38,3.89,10.0,10.0,23.81,38.88,2.0,2.0,4.76,7.78,7.0,7.0,16.67,27.22,1.0,1.0,2.38,3.89,3.0,3.0,7.14,11.66,0.0,0.0,0.0,0.0,1.0,1.0,2.38,3.89,6.0,6.0,14.29,23.33,8.0,8.0,19.05,31.1,40.48,61.9,-21.43,108.87,-9.0,-9.0,-21.43,9.26,9.26,0.47,0.47,0.43,0.33,0.4,0.05,0.5,0.12,0.83,0.55,0.0,2.38,0.14,19.05,0.31
8889,馬可,新北中信特攻,10867,威力斯,臺北台新戰神,1,115,131.0,1764.73,29.41,29:25,1764.73,29.41,29:25,50.0,50.0,38.17,61.2,57.0,57.0,43.51,69.77,50.0,50.0,38.17,61.2,16.0,16.0,12.21,19.58,21.0,21.0,16.03,25.7,8.0,8.0,6.11,9.79,29.0,29.0,22.14,35.5,8.0,8.0,6.11,9.79,15.0,15.0,11.45,18.36,10.0,10.0,7.63,12.24,6.0,6.0,4.58,7.34,28.0,28.0,21.37,34.27,5.0,5.0,3.82,6.12,20.0,20.0,15.27,24.48,9.0,9.0,6.87,11.02,9.0,9.0,6.87,11.02,3.0,3.0,2.29,3.67,2.0,2.0,1.53,2.45,15.0,15.0,11.45,18.36,11.0,11.0,8.4,13.46,38.17,43.51,-5.34,106.89,-7.0,-7.0,-5.34,29.41,29.41,0.4,0.44,0.38,0.28,0.67,0.14,0.56,0.23,0.85,0.58,2.29,1.53,0.11,8.4,0.3
10877,阿巴西,新北中信特攻,10867,威力斯,臺北台新戰神,1,116,134.0,1772.12,29.54,29:32,1772.12,29.54,29:32,59.0,59.0,44.03,71.91,51.0,51.0,38.06,62.16,50.0,50.0,37.31,60.94,20.0,20.0,14.93,24.38,22.0,22.0,16.42,26.82,11.0,11.0,8.21,13.41,28.0,28.0,20.9,34.13,9.0,9.0,6.72,10.97,13.0,13.0,9.7,15.85,10.0,10.0,7.46,12.19,6.0,6.0,4.48,7.31,24.0,24.0,17.91,29.25,8.0,8.0,5.97,9.75,20.0,20.0,14.93,24.38,11.0,11.0,8.21,13.41,12.0,12.0,8.96,14.63,6.0,6.0,4.48,7.31,2.0,2.0,1.49,2.44,13.0,13.0,9.7,15.85,9.0,9.0,6.72,10.97,44.03,38.06,5.97,108.89,8.0,8.0,5.97,29.54,29.54,0.49,0.53,0.5,0.32,0.77,0.16,0.6,0.23,0.75,0.52,4.48,1.49,0.1,6.72,0.26
10881,飛克,新北中信特攻,10867,威力斯,臺北台新戰神,1,79,93.0,1206.27,20.1,20:06,1206.27,20.1,20:06,49.0,49.0,52.69,87.74,42.0,42.0,45.16,75.21,32.0,32.0,34.41,57.3,16.0,16.0,17.2,28.65,11.0,11.0,11.83,19.7,7.0,7.0,7.53,12.53,21.0,21.0,22.58,37.6,9.0,9.0,9.68,16.12,10.0,10.0,10.75,17.91,8.0,8.0,8.6,14.33,3.0,3.0,3.23,5.37,14.0,14.0,15.05,25.07,8.0,8.0,8.6,14.33,14.0,14.0,15.05,25.07,6.0,6.0,6.45,10.74,11.0,11.0,11.83,19.7,3.0,3.0,3.23,5.37,1.0,1.0,1.08,1.79,9.0,9.0,9.68,16.12,10.0,10.0,10.75,17.91,52.69,45.16,7.53,111.02,7.0,7.0,7.53,20.1,20.1,0.64,0.67,0.64,0.43,0.8,0.14,0.69,0.18,0.64,0.44,3.23,1.08,0.1,10.75,0.31
10867,威力斯,臺北台新戰神,43,林韋翰,新北中信特攻,1,79,89.0,1163.38,19.39,19:23,1163.38,19.39,19:23,32.0,32.0,35.96,59.41,37.0,37.0,41.57,68.7,29.0,29.0,32.58,53.84,13.0,13.0,14.61,24.14,18.0,18.0,20.22,33.42,11.0,11.0,12.36,20.42,11.0,11.0,12.36,20.42,2.0,2.0,2.25,3.71,5.0,5.0,5.62,9.28,4.0,4.0,4.49,7.43,3.0,3.0,3.37,5.57,14.0,14.0,15.73,25.99,4.0,4.0,4.49,7.43,18.0,18.0,20.22,33.42,10.0,10.0,11.24,18.57,7.0,7.0,7.87,13.0,5.0,5.0,5.62,9.28,0.0,0.0,0.0,0.0,5.0,5.0,5.62,9.28,8.0,8.0,8.99,14.85,35.96,41.57,-5.62,110.16,-5.0,-5.0,-5.62,19.39,19.39,0.48,0.51,0.61,0.18,0.8,0.24,0.54,0.14,0.78,0.44,5.62,0.0,0.06,8.99,0.17
10867,威力斯,臺北台新戰神,44,黃泓瀚,新北中信特攻,1,37,42.0,555.54,9.26,09:16,555.54,9.26,09:16,26.0,26.0,61.9,101.09,17.0,17.0,40.48,66.1,16.0,16.0,38.1,62.21,9.0,9.0,21.43,34.99,10.0,10.0,23.81,38.88,5.0,5.0,11.9,19.44,6.0,6.0,14.29,23.33,4.0,4.0,9.52,15.55,8.0,8.0,19.05,31.1,4.0,4.0,9.52,15.55,2.0,2.0,4.76,7.78,7.0,7.0,16.67,27.22,1.0,1.0,2.38,3.89,10.0,10.0,23.81,38.88,1.0,1.0,2.38,3.89,5.0,5.0,11.9,19.44,0.0,0.0,0.0,0.0,0.0,0.0,0.0,0.0,6.0,6.0,14.29,23.33,5.0,5.0,11.9,19.44,61.9,40.48,21.43,108.87,9.0,9.0,21.43,9.26,9.26,0.69,0.67,0.5,0.67,0.5,0.05,0.56,0.17,0.88,0.45,0.0,0.0,0.14,11.9,0.5
10867,威力斯,臺北台新戰神,8889,馬可,新北中信特攻,1,115,131.0,1764.73,29.41,29:25,1764.73,29.41,29:25,57.0,57.0,43.51,69.77,50.0,50.0,38.17,61.2,45.0,45.0,34.35,55.08,21.0,21.0,16.03,25.7,25.0,25.0,19.08,30.6,14.0,14.0,10.69,17.14,20.0,20.0,15.27,24.48,7.0,7.0,5.34,8.57,11.0,11.0,8.4,13.46,8.0,8.0,6.11,9.79,5.0,5.0,3.82,6.12,20.0,20.0,15.27,24.48,6.0,6.0,4.58,7.34,28.0,28.0,21.37,34.27,11.0,11.0,8.4,13.46,12.0,12.0,9.16,14.69,5.0,5.0,3.82,6.12,0.0,0.0,0.0,0.0,12.0,12.0,9.16,14.69,15.0,15.0,11.45,18.36,43.51,38.17,5.34,106.89,7.0,7.0,5.34,29.41,29.41,0.54,0.57,0.56,0.35,0.73,0.18,0.57,0.15,0.77,0.42,3.82,0.0,0.09,11.45,0.24
10867,威力斯,臺北台新戰神,10877,阿巴西,新北中信特攻,1,116,134.0,1772.12,29.54,29:32,1772.12,29.54,29:32,51.0,51.0,38.06,62.16,59.0,59.0,44.03,71.91,47.0,47.0,35.07,57.29,20.0,20.0,14.93,24.38,28.0,28.0,20.9,34.13,16.0,16.0,11.94,19.5,19.0,19.0,14.18,23.16,4.0,4.0,2.99,4.88,9.0,9.0,6.72,10.97,7.0,7.0,5.22,8.53,8.0,8.0,5.97,9.75,20.0,20.0,14.93,24.38,6.0,6.0,4.48,7.31,24.0,24.0,17.91,29.25,14.0,14.0,10.45,17.06,12.0,12.0,8.96,14.63,7.0,7.0,5.22,8.53,2.0,2.0,1.49,2.44,11.0,11.0,8.21,13.41,13.0,13.0,9.7,15.85,38.06,44.03,-5.97,108.89,-8.0,-8.0,-5.97,29.54,29.54,0.47,0.5,0.57,0.21,0.78,0.22,0.6,0.25,0.77,0.48,5.22,1.49,0.08,9.7,0.19
10867,威力斯,臺北台新戰神,10881,飛克,新北中信特攻,1,79,93.0,1206.27,20.1,20:06,1206.27,20.1,20:06,42.0,42.0,45.16,75.21,49.0,49.0,52.69,87.74,35.0,35.0,37.63,62.67,15.0,15.0,16.13,26.86,19.0,19.0,20.43,34.02,10.0,10.0,10.75,17.91,16.0,16.0,17.2,28.65,5.0,5.0,5.38,8.95,10.0,10.0,10.75,17.91,7.0,7.0,7.53,12.53,8.0,8.0,8.6,14.33,14.0,14.0,15.05,25.07,3.0,3.0,3.23,5.37,14.0,14.0,15.05,25.07,8.0,8.0,8.6,14.33,9.0,9.0,9.68,16.12,4.0,4.0,4.3,7.16,2.0,2.0,2.15,3.58,9.0,9.0,9.68,16.12,10.0,10.0,10.75,17.91,45.16,52.69,-7.53,111.02,-7.0,-7.0,-7.53,20.1,20.1,0.5,0.53,0.53,0.31,0.7,0.17,0.6,0.36,0.82,0.56,4.3,2.15,0.1,10.75,0.29
43,林韋翰,新北中信特攻,10863,魏芃禾,臺北台新戰神,1,6,7.0,94.98,1.58,01:35,94.98,1.58,01:35,6.0,6.0,85.71,136.44,0.0,0.0,0.0,0.0,3.0,3.0,42.86,68.22,2.0,2.0,28.57,45.48,1.0,1.0,14.29,22.74,1.0,1.0,14.29,22.74,2.0,2.0,28.57,45.48,1.0,1.0,14.29,22.74,1.0,1.0,14.29,22.74,1.0,1.0,14.29,22.74,1.0,1.0,14.29,22.74,0.0,0.0,0.0,0.0,0.0,0.0,0.0,0.0,2.0,2.0,28.57,45.48,1.0,1.0,14.29,22.74,2.0,2.0,28.57,45.48,0.0,0.0,0.0,0.0,0.0,0.0,0.0,0.0,2.0,2.0,28.57,45.48,0.0,0.0,0.0,0.0,85.71,0.0,85.71,106.12,6.0,6.0,85.71,1.58,1.58,0.83,0.87,1.0,0.5,1.0,0.23,1.0,0.33,,0.33,0.0,0.0,0.29,0.0,0.33
44,黃泓瀚,新北中信特攻,10863,魏芃禾,臺北台新戰神,1,3,3.0,40.89,0.68,00:41,40.89,0.68,00:41,3.0,3.0,100.0,158.46,0.0,0.0,0.0,0.0,1.0,1.0,33.33,52.82,1.0,1.0,33.33,52.82,1.0,1.0,33.33,52.82,1.0,1.0,33.33,52.82,0.0,0.0,0.0,0.0,0.0,0.0,0.0,0.0,1.0,1.0,33.33,52.82,1.0,1.0,33.33,52.82,0.0,0.0,0.0,0.0,0.0,0.0,0.0,0.0,0.0,0.0,0.0,0.0,1.0,1.0,33.33,52.82,0.0,0.0,0.0,0.0,1.0,1.0,33.33,52.82,0.0,0.0,0.0,0.0,0.0,0.0,0.0,0.0,1.0,1.0,33.33,52.82,0.0,0.0,0.0,0.0,100.0,0.0,100.0,105.64,3.0,3.0,100.0,0.68,0.68,1.0,1.04,1.0,,1.0,0.0,1.0,0.0,,0.0,0.0,0.0,0.33,0.0,1.0
8889,馬可,新北中信特攻,10863,魏芃禾,臺北台新戰神,1,15,18.0,250.57,4.18,04:11,250.57,4.18,04:11,12.0,12.0,66.67,103.44,7.0,7.0,38.89,60.34,7.0,7.0,38.89,60.34,3.0,3.0,16.67,25.86,2.0,2.0,11.11,17.24,1.0,1.0,5.56,8.62,5.0,5.0,27.78,43.1,2.0,2.0,11.11,17.24,4.0,4.0,22.22,34.48,4.0,4.0,22.22,34.48,2.0,2.0,11.11,17.24,2.0,2.0,11.11,17.24,1.0,1.0,5.56,8.62,3.0,3.0,16.67,25.86,1.0,1.0,5.56,8.62,3.0,3.0,16.67,25.86,0.0,0.0,0.0,0.0,0.0,0.0,0.0,0.0,4.0,4.0,22.22,34.48,2.0,2.0,11.11,17.24,66.67,38.89,27.78,103.44,5.0,5.0,27.78,4.18,4.18,0.57,0.68,0.5,0.4,1.0,0.1,1.0,0.4,0.67,0.5,0.0,0.0,0.22,11.11,0.57
10877,阿巴西,新北中信特攻,10863,魏芃禾,臺北台新戰神,1,19,23.0,324.57,5.41,05:25,324.57,5.41,05:25,15.0,15.0,65.22,99.82,9.0,9.0,39.13,59.89,8.0,8.0,34.78,53.24,4.0,4.0,17.39,26.62,2.0,2.0,8.7,13.31,1.0,1.0,4.35,6.65,6.0,6.0,26.09,39.93,3.0,3.0,13.04,19.96,4.0,4.0,17.39,26.62,4.0,4.0,17.39,26.62,2.0,2.0,8.7,13.31,2.0,2.0,8.7,13.31,2.0,2.0,8.7,13.31,3.0,3.0,13.04,19.96,2.0,2.0,8.7,13.31,4.0,4.0,17.39,26.62,1.0,1.0,4.35,6.65,0.0,0.0,0.0,0.0,4.0,4.0,17.39,26.62,2.0,2.0,8.7,13.31,65.22,39.13,26.09,102.04,6.0,6.0,26.09,5.41,5.41,0.69,0.77,0.5,0.5,1.0,0.17,1.0,0.4,0.5,0.44,4.35,0.0,0.17,8.7,0.5
10881,飛克,新北中信特攻,10863,魏芃禾,臺北台新戰神,1,19,23.0,324.57,5.41,05:25,324.57,5.41,05:25,15.0,15.0,65.22,99.82,9.0,9.0,39.13,59.89,8.0,8.0,34.78,53.24,4.0,4.0,17.39,26.62,2.0,2.0,8.7,13.31,1.0,1.0,4.35,6.65,6.0,6.0,26.09,39.93,3.0,3.0,13.04,19.96,4.0,4.0,17.39,26.62,4.0,4.0,17.39,26.62,2.0,2.0,8.7,13.31,2.0,2.0,8.7,13.31,2.0,2.0,8.7,13.31,3.0,3.0,13.04,19.96,2.0,2.0,8.7,13.31,4.0,4.0,17.39,26.62,1.0,1.0,4.35,6.65,0.0,0.0,0.0,0.0,4.0,4.0,17.39,26.62,2.0,2.0,8.7,13.31,65.22,39.13,26.09,102.04,6.0,6.0,26.09,5.41,5.41,0.69,0.77,0.5,0.5,1.0,0.17,1.0,0.4,0.5,0.44,4.35,0.0,0.17,8.7,0.5
10863,魏芃禾,臺北台新戰神,43,林韋翰,新北中信特攻,1,6,7.0,94.98,1.58,01:35,94.98,1.58,01:35,0.0,0.0,0.0,0.0,6.0,6.0,85.71,136.44,2.0,2.0,28.57,45.48,0.0,0.0,0.0,0.0,2.0,2.0,28.57,45.48,0.0,0.0,0.0,0.0,0.0,0.0,0.0,0.0,0.0,0.0,0.0,0.0,0.0,0.0,0.0,0.0,0.0,0.0,0.0,0.0,0.0,0.0,0.0,0.0,2.0,2.0,28.57,45.48,1.0,1.0,14.29,22.74,0.0,0.0,0.0,0.0,0.0,0.0,0.0,0.0,0.0,0.0,0.0,0.0,0.0,0.0,0.0,0.0,0.0,0.0,0.0,0.0,0.0,0.0,0.0,0.0,1.0,1.0,14.29,22.74,0.0,85.71,-85.71,106.12,-6.0,-6.0,-85.71,1.58,1.58,0.0,0.0,0.0,,,0.0,,,0.67,0.67,0.0,0.0,0.0,14.29,0.0
10863,魏芃禾,臺北台新戰神,44,黃泓瀚,新北中信特攻,1,3,3.0,40.89,0.68,00:41,40.89,0.68,00:41,0.0,0.0,0.0,0.0,3.0,3.0,100.0,158.46,1.0,1.0,33.33,52.82,0.0,0.0,0.0,0.0,1.0,1.0,33.33,52.82,0.0,0.0,0.0,0.0,0.0,0.0,0.0,0.0,0.0,0.0,0.0,0.0,0.0,0.0,0.0,0.0,0.0,0.0,0.0,0.0,0.0,0.0,0.0,0.0,1.0,1.0,33.33,52.82,0.0,0.0,0.0,0.0,0.0,0.0,0.0,0.0,0.0,0.0,0.0,0.0,0.0,0.0,0.0,0.0,0.0,0.0,0.0,0.0,0.0,0.0,0.0,0.0,0.0,0.0,0.0,0.0,1.0,1.0,33.33,52.82,0.0,100.0,-100.0,105.64,-3.0,-3.0,-100.0,0.68,0.68,0.0,0.0,0.0,,,0.0,,,1.0,1.0,0.0,0.0,0.0,33.33,0.0
10863,魏芃禾,臺北台新戰神,8889,馬可,新北中信特攻,1,15,18.0,250.57,4.18,04:11,250.57,4.18,04:11,7.0,7.0,38.89,60.34,12.0,12.0,66.67,103.44,6.0,6.0,33.33,51.72,2.0,2.0,11.11,17.24,4.0,4.0,22.22,34.48,1.0,1.0,5.56,8.62,2.0,2.0,11.11,17.24,1.0,1.0,5.56,8.62,2.0,2.0,11.11,17.24,2.0,2.0,11.11,17.24,1.0,1.0,5.56,8.62,3.0,3.0,16.67,25.86,2.0,2.0,11.11,17.24,2.0,2.0,11.11,17.24,0.0,0.0,0.0,0.0,1.0,1.0,5.56,8.62,0.0,0.0,0.0,0.0,0.0,0.0,0.0,0.0,1.0,1.0,5.56,8.62,4.0,4.0,22.22,34.48,38.89,66.67,-27.78,103.44,-5.0,-5.0,-27.78,4.18,4.18,0.42,0.51,0.25,0.5,1.0,0.0,0.5,0.33,0.6,0.5,0.0,0.0,0.06,22.22,0.33
10863,魏芃禾,臺北台新戰神,10877,阿巴西,新北中信特攻,1,19,23.0,324.57,5.41,05:25,324.57,5.41,05:25,9.0,9.0,39.13,59.89,15.0,15.0,65.22,99.82,8.0,8.0,34.78,53.24,3.0,3.0,13.04,19.96,6.0,6.0,26.09,39.93,2.0,2.0,8.7,13.31,2.0,2.0,8.7,13.31,1.0,1.0,4.35,6.65,2.0,2.0,8.7,13.31,2.0,2.0,8.7,13.31,2.0,2.0,8.7,13.31,3.0,3.0,13.04,19.96,2.0,2.0,8.7,13.31,2.0,2.0,8.7,13.31,1.0,1.0,4.35,6.65,2.0,2.0,8.7,13.31,1.0,1.0,4.35,6.65,0.0,0.0,0.0,0.0,2.0,2.0,8.7,13.31,4.0,4.0,17.39,26.62,39.13,65.22,-26.09,102.04,-6.0,-6.0,-26.09,5.41,5.41,0.44,0.51,0.33,0.5,1.0,0.1,0.67,0.5,0.6,0.56,4.35,0.0,0.09,17.39,0.25
10863,魏芃禾,臺北台新戰神,10881,飛克,新北中信特攻,1,19,23.0,324.57,5.41,05:25,324.57,5.41,05:25,9.0,9.0,39.13,59.89,15.0,15.0,65.22,99.82,8.0,8.0,34.78,53.24,3.0,3.0,13.04,19.96,6.0,6.0,26.09,39.93,2.0,2.0,8.7,13.31,2.0,2.0,8.7,13.31,1.0,1.0,4.35,6.65,2.0,2.0,8.7,13.31,2.0,2.0,8.7,13.31,2.0,2.0,8.7,13.31,3.0,3.0,13.04,19.96,2.0,2.0,8.7,13.31,2.0,2.0,8.7,13.31,1.0,1.0,4.35,6.65,2.0,2.0,8.7,13.31,1.0,1.0,4.35,6.65,0.0,0.0,0.0,0.0,2.0,2.0,8.7,13.31,4.0,4.0,17.39,26.62,39.13,65.22,-26.09,102.04,-6.0,-6.0,-26.09,5.41,5.41,0.44,0.51,0.33,0.5,1.0,0.1,0.67,0.5,0.6,0.56,4.35,0.0,0.09,17.39,0.25
40,謝亞軒,新北中信特攻,3,陳文宏,臺北台新戰神,1,21,25.0,355.68,5.93,05:56,355.68,5.93,05:56,9.0,9.0,36.0,54.66,13.0,13.0,52.0,78.95,9.0,9.0,36.0,54.66,2.0,2.0,8.0,12.15,2.0,2.0,8.0,12.15,0.0,0.0,0.0,0.0,7.0,7.0,28.0,42.51,2.0,2.0,8.0,12.15,5.0,5.0,20.0,30.36,3.0,3.0,12.0,18.22,2.0,2.0,8.0,12.15,6.0,6.0,24.0,36.44,2.0,2.0,8.0,12.15,3.0,3.0,12.0,18.22,1.0,1.0,4.0,6.07,2.0,2.0,8.0,12.15,1.0,1.0,4.0,6.07,0.0,0.0,0.0,0.0,3.0,3.0,12.0,18.22,6.0,6.0,24.0,36.44,36.0,52.0,-16.0,101.22,-4.0,-4.0,-16.0,5.93,5.93,0.33,0.4,0.0,0.29,0.6,0.08,1.0,0.4,0.75,0.62,4.0,0.0,0.12,24.0,0.56
40,謝亞軒,新北中信特攻,5,黃聰翰,臺北台新戰神,1,35,42.0,576.67,9.61,09:37,576.67,9.61,09:37,14.0,14.0,33.33,52.44,19.0,19.0,45.24,71.17,15.0,15.0,35.71,56.18,4.0,4.0,9.52,14.98,3.0,3.0,7.14,11.24,0.0,0.0,0.0,0.0,12.0,12.0,28.57,44.95,4.0,4.0,9.52,14.98,5.0,5.0,11.9,18.73,2.0,2.0,4.76,7.49,2.0,2.0,4.76,7.49,10.0,10.0,23.81,37.46,2.0,2.0,4.76,7.49,7.0,7.0,16.67,26.22,3.0,3.0,7.14,11.24,3.0,3.0,7.14,11.24,0.0,0.0,0.0,0.0,0.0,0.0,0.0,0.0,4.0,4.0,9.52,14.98,2.0,2.0,4.76,7.49,33.33,45.24,-11.9,104.88,-5.0,-5.0,-11.9,9.61,9.61,0.4,0.41,0.0,0.33,0.4,0.15,0.75,0.22,0.83,0.57,0.0,0.0,0.1,4.76,0.33
40,謝亞軒,新北中信特攻,10863,魏芃禾,臺北台新戰神,1,16,20.0,283.68,4.73,04:44,283.68,4.73,04:44,12.0,12.0,60.0,91.37,9.0,9.0,45.0,68.53,7.0,7.0,35.0,53.3,3.0,3.0,15.0,22.84,1.0,1.0,5.0,7.61,0.0,0.0,0.0,0.0,6.0,6.0,30.0,45.69,3.0,3.0,15.0,22.84,3.0,3.0,15.0,22.84,3.0,3.0,15.0,22.84,2.0,2.0,10.0,15.23,2.0,2.0,10.0,15.23,2.0,2.0,10.0,15.23,2.0,2.0,10.0,15.23,2.0,2.0,10.0,15.23,3.0,3.0,15.0,22.84,1.0,1.0,5.0,7.61,0.0,0.0,0.0,0.0,3.0,3.0,15.0,22.84,2.0,2.0,10.0,15.23,60.0,45.0,15.0,101.52,3.0,3.0,15.0,4.73,4.73,0.64,0.72,0.0,0.5,1.0,0.19,1.0,0.5,0.5,0.5,5.0,0.0,0.15,10.0,0.43
40,謝亞軒,新北中信特攻,10867,威力斯,臺北台新戰神,1,49,59.0,809.67,13.49,13:30,809.67,13.49,13:30,22.0,22.0,37.29,58.69,29.0,29.0,49.15,77.37,21.0,21.0,35.59,56.02,6.0,6.0,10.17,16.01,5.0,5.0,8.47,13.34,0.0,0.0,0.0,0.0,16.0,16.0,27.12,42.68,6.0,6.0,10.17,16.01,7.0,7.0,11.86,18.67,4.0,4.0,6.78,10.67,3.0,3.0,5.08,8.0,13.0,13.0,22.03,34.68,4.0,4.0,6.78,10.67,9.0,9.0,15.25,24.01,4.0,4.0,6.78,10.67,5.0,5.0,8.47,13.34,1.0,1.0,1.69,2.67,0.0,0.0,0.0,0.0,6.0,6.0,10.17,16.01,6.0,6.0,10.17,16.01,37.29,49.15,-11.86,104.93,-7.0,-7.0,-11.86,13.49,13.49,0.43,0.46,0.0,0.38,0.57,0.14,0.83,0.25,0.76,0.55,1.69,0.0,0.1,10.17,0.33
40,謝亞軒,新北中信特攻,13907,梅克,臺北台新戰神,1,30,36.0,499.68,8.33,08:20,499.68,8.33,08:20,12.0,12.0,33.33,51.87,15.0,15.0,41.67,64.84,13.0,13.0,36.11,56.2,3.0,3.0,8.33,12.97,3.0,3.0,8.33,12.97,0.0,0.0,0.0,0.0,10.0,10.0,27.78,43.23,3.0,3.0,8.33,12.97,5.0,5.0,13.89,21.61,3.0,3.0,8.33,12.97,2.0,2.0,5.56,8.65,9.0,9.0,25.0,38.91,3.0,3.0,8.33,12.97,6.0,6.0,16.67,25.94,2.0,2.0,5.56,8.65,2.0,2.0,5.56,8.65,1.0,1.0,2.78,4.32,0.0,0.0,0.0,0.0,3.0,3.0,8.33,12.97,6.0,6.0,16.67,25.94,33.33,41.67,-8.33,103.75,-3.0,-3.0,-8.33,8.33,8.33,0.35,0.39,0.0,0.3,0.6,0.12,0.67,0.25,0.75,0.55,2.78,0.0,0.08,16.67,0.38
8889,馬可,新北中信特攻,3,陳文宏,臺北台新戰神,1,44,48.0,643.18,10.72,10:43,643.18,10.72,10:43,13.0,13.0,27.08,43.66,19.0,19.0,39.58,63.81,17.0,17.0,35.42,57.09,2.0,2.0,4.17,6.72,8.0,8.0,16.67,26.87,1.0,1.0,2.08,3.36,9.0,9.0,18.75,30.22,1.0,1.0,2.08,3.36,10.0,10.0,20.83,33.58,8.0,8.0,16.67,26.87,3.0,3.0,6.25,10.07,12.0,12.0,25.0,40.3,1.0,1.0,2.08,3.36,6.0,6.0,12.5,20.15,4.0,4.0,8.33,13.43,2.0,2.0,4.17,6.72,2.0,2.0,4.17,6.72,1.0,1.0,2.08,3.36,6.0,6.0,12.5,20.15,6.0,6.0,12.5,20.15,27.08,39.58,-12.5,107.47,-6.0,-6.0,-12.5,10.72,10.72,0.15,0.3,0.12,0.11,0.8,0.16,1.0,0.33,0.92,0.68,4.17,2.08,0.12,12.5,0.59
10877,阿巴西,新北中信特攻,3,陳文宏,臺北台新戰神,1,42,46.0,613.18,10.22,10:13,613.18,10.22,10:13,16.0,16.0,34.78,56.36,18.0,18.0,39.13,63.41,15.0,15.0,32.61,52.84,3.0,3.0,6.52,10.57,8.0,8.0,17.39,28.18,1.0,1.0,2.17,3.52,7.0,7.0,15.22,24.66,2.0,2.0,4.35,7.05,8.0,8.0,17.39,28.18,8.0,8.0,17.39,28.18,2.0,2.0,4.35,7.05,9.0,9.0,19.57,31.7,2.0,2.0,4.35,7.05,5.0,5.0,10.87,17.61,5.0,5.0,10.87,17.61,3.0,3.0,6.52,10.57,3.0,3.0,6.52,10.57,1.0,1.0,2.17,3.52,5.0,5.0,10.87,17.61,4.0,4.0,8.7,14.09,34.78,39.13,-4.35,108.03,-2.0,-2.0,-4.35,10.22,10.22,0.27,0.43,0.12,0.29,1.0,0.21,1.0,0.29,0.82,0.61,6.52,2.17,0.11,8.7,0.53
10879,簡廷兆,新北中信特攻,3,陳文宏,臺北台新戰神,1,43,48.0,623.27,10.39,10:23,623.27,10.39,10:23,16.0,16.0,33.33,55.45,19.0,19.0,39.58,65.85,16.0,16.0,33.33,55.45,3.0,3.0,6.25,10.4,8.0,8.0,16.67,27.72,1.0,1.0,2.08,3.47,8.0,8.0,16.67,27.72,2.0,2.0,4.17,6.93,10.0,10.0,20.83,34.66,8.0,8.0,16.67,27.72,3.0,3.0,6.25,10.4,10.0,10.0,20.83,34.66,2.0,2.0,4.17,6.93,6.0,6.0,12.5,20.79,4.0,4.0,8.33,13.86,3.0,3.0,6.25,10.4,3.0,3.0,6.25,10.4,1.0,1.0,2.08,3.47,6.0,6.0,12.5,20.79,8.0,8.0,16.67,27.72,33.33,39.58,-6.25,110.9,-3.0,-3.0,-6.25,10.39,10.39,0.25,0.39,0.12,0.25,0.8,0.16,1.0,0.33,0.83,0.62,6.25,2.08,0.12,16.67,0.62
10879,簡廷兆,新北中信特攻,5,黃聰翰,臺北台新戰神,1,71,80.0,1093.44,18.22,18:13,1093.44,18.22,18:13,27.0,27.0,33.75,53.34,45.0,45.0,56.25,88.89,28.0,28.0,35.0,55.31,7.0,7.0,8.75,13.83,11.0,11.0,13.75,21.73,2.0,2.0,2.5,3.95,17.0,17.0,21.25,33.58,5.0,5.0,6.25,9.88,12.0,12.0,15.0,23.7,8.0,8.0,10.0,15.8,4.0,4.0,5.0,7.9,18.0,18.0,22.5,35.56,3.0,3.0,3.75,5.93,9.0,9.0,11.25,17.78,7.0,7.0,8.75,13.83,6.0,6.0,7.5,11.85,3.0,3.0,3.75,5.93,1.0,1.0,1.25,1.98,7.0,7.0,8.75,13.83,6.0,6.0,7.5,11.85,33.75,56.25,-22.5,105.36,-18.0,-18.0,-22.5,18.22,18.22,0.34,0.41,0.18,0.29,0.67,0.17,0.86,0.31,0.86,0.65,3.75,1.25,0.09,7.5,0.43
10879,簡廷兆,新北中信特攻,10863,魏芃禾,臺北台新戰神,1,13,16.0,229.59,3.83,03:50,229.59,3.83,03:50,9.0,9.0,56.25,84.67,9.0,9.0,56.25,84.67,5.0,5.0,31.25,47.04,2.0,2.0,12.5,18.82,1.0,1.0,6.25,9.41,0.0,0.0,0.0,0.0,4.0,4.0,25.0,37.63,2.0,2.0,12.5,18.82,3.0,3.0,18.75,28.22,3.0,3.0,18.75,28.22,1.0,1.0,6.25,9.41,2.0,2.0,12.5,18.82,2.0,2.0,12.5,18.82,1.0,1.0,6.25,9.41,1.0,1.0,6.25,9.41,2.0,2.0,12.5,18.82,1.0,1.0,6.25,9.41,0.0,0.0,0.0,0.0,2.0,2.0,12.5,18.82,2.0,2.0,12.5,18.82,56.25,56.25,0.0,100.35,0.0,0.0,0.0,3.83,3.83,0.6,0.71,0.0,0.5,1.0,0.14,1.0,0.5,0.5,0.5,6.25,0.0,0.12,12.5,0.6
10879,簡廷兆,新北中信特攻,10867,威力斯,臺北台新戰神,1,83,96.0,1257.46,20.96,20:57,1257.46,20.96,20:57,39.0,39.0,40.62,66.99,45.0,45.0,46.88,77.3,32.0,32.0,33.33,54.97,11.0,11.0,11.46,18.9,13.0,13.0,13.54,22.33,4.0,4.0,4.17,6.87,19.0,19.0,19.79,32.64,7.0,7.0,7.29,12.02,14.0,14.0,14.58,24.05,10.0,10.0,10.42,17.18,4.0,4.0,4.17,6.87,18.0,18.0,18.75,30.92,6.0,6.0,6.25,10.31,12.0,12.0,12.5,20.61,8.0,8.0,8.33,13.74,10.0,10.0,10.42,17.18,5.0,5.0,5.21,8.59,1.0,1.0,1.04,1.72,9.0,9.0,9.38,15.46,8.0,8.0,8.33,13.74,40.62,46.88,-6.25,109.94,-6.0,-6.0,-6.25,20.96,20.96,0.45,0.51,0.31,0.37,0.71,0.17,0.91,0.25,0.75,0.55,5.21,1.04,0.09,8.33,0.44
10879,簡廷兆,新北中信特攻,13907,梅克,臺北台新戰神,1,79,91.0,1231.83,20.53,20:32,1231.83,20.53,20:32,35.0,35.0,38.46,61.37,45.0,45.0,49.45,78.91,32.0,32.0,35.16,56.11,10.0,10.0,10.99,17.53,13.0,13.0,14.29,22.8,4.0,4.0,4.4,7.01,19.0,19.0,20.88,33.32,6.0,6.0,6.59,10.52,12.0,12.0,13.19,21.04,9.0,9.0,9.89,15.78,5.0,5.0,5.49,8.77,18.0,18.0,19.78,31.56,6.0,6.0,6.59,10.52,10.0,10.0,10.99,17.53,8.0,8.0,8.79,14.03,8.0,8.0,8.79,14.03,5.0,5.0,5.49,8.77,1.0,1.0,1.1,1.75,7.0,7.0,7.69,12.27,10.0,10.0,10.99,17.53,38.46,49.45,-10.99,106.38,-10.0,-10.0,-10.99,20.53,20.53,0.41,0.47,0.31,0.32,0.75,0.18,0.8,0.33,0.75,0.59,5.49,1.1,0.08,10.99,0.38
10881,飛克,新北中信特攻,3,陳文宏,臺北台新戰神,1,24,27.0,357.43,5.96,05:57,357.43,5.96,05:57,13.0,13.0,48.15,78.56,12.0,12.0,44.44,72.52,8.0,8.0,29.63,48.35,3.0,3.0,11.11,18.13,3.0,3.0,11.11,18.13,1.0,1.0,3.7,6.04,5.0,5.0,18.52,30.22,2.0,2.0,7.41,12.09,5.0,5.0,18.52,30.22,5.0,5.0,18.52,30.22,1.0,1.0,3.7,6.04,4.0,4.0,14.81,24.17,2.0,2.0,7.41,12.09,3.0,3.0,11.11,18.13,2.0,2.0,7.41,12.09,3.0,3.0,11.11,18.13,1.0,1.0,3.7,6.04,0.0,0.0,0.0,0.0,3.0,3.0,11.11,18.13,6.0,6.0,22.22,36.26,48.15,44.44,3.7,108.78,1.0,1.0,3.7,5.96,5.96,0.5,0.64,0.33,0.4,1.0,0.16,1.0,0.25,0.67,0.5,3.7,0.0,0.11,22.22,0.62
3,陳文宏,臺北台新戰神,40,謝亞軒,新北中信特攻,1,21,25.0,355.68,5.93,05:56,355.68,5.93,05:56,13.0,13.0,52.0,78.95,9.0,9.0,36.0,54.66,8.0,8.0,32.0,48.58,4.0,4.0,16.0,24.29,6.0,6.0,24.0,36.44,3.0,3.0,12.0,18.22,2.0,2.0,8.0,12.15,1.0,1.0,4.0,6.07,6.0,6.0,24.0,36.44,4.0,4.0,16.0,24.29,2.0,2.0,8.0,12.15,3.0,3.0,12.0,18.22,2.0,2.0,8.0,12.15,6.0,6.0,24.0,36.44,1.0,1.0,4.0,6.07,3.0,3.0,12.0,18.22,1.0,1.0,4.0,6.07,0.0,0.0,0.0,0.0,3.0,3.0,12.0,18.22,5.0,5.0,20.0,30.36,52.0,36.0,16.0,101.22,4.0,4.0,16.0,5.93,5.93,0.56,0.61,0.5,0.5,0.67,0.09,0.75,0.25,0.6,0.38,4.0,0.0,0.12,20.0,0.75
3,陳文宏,臺北台新戰神,8889,馬可,新北中信特攻,1,44,48.0,643.18,10.72,10:43,643.18,10.72,10:43,19.0,19.0,39.58,63.81,13.0,13.0,27.08,43.66,13.0,13.0,27.08,43.66,6.0,6.0,12.5,20.15,7.0,7.0,14.58,23.51,4.0,4.0,8.33,13.43,6.0,6.0,12.5,20.15,2.0,2.0,4.17,6.72,6.0,6.0,12.5,20.15,5.0,5.0,10.42,16.79,1.0,1.0,2.08,3.36,6.0,6.0,12.5,20.15,3.0,3.0,6.25,10.07,12.0,12.0,25.0,40.3,5.0,5.0,10.42,16.79,5.0,5.0,10.42,16.79,2.0,2.0,4.17,6.72,0.0,0.0,0.0,0.0,5.0,5.0,10.42,16.79,10.0,10.0,20.83,33.58,39.58,27.08,12.5,107.47,6.0,6.0,12.5,10.72,10.72,0.54,0.61,0.57,0.33,0.83,0.24,0.83,0.08,0.67,0.32,4.17,0.0,0.1,20.83,0.46
3,陳文宏,臺北台新戰神,10877,阿巴西,新北中信特攻,1,42,46.0,613.18,10.22,10:13,613.18,10.22,10:13,18.0,18.0,39.13,63.41,16.0,16.0,34.78,56.36,13.0,13.0,28.26,45.79,6.0,6.0,13.04,21.14,7.0,7.0,15.22,24.66,4.0,4.0,8.7,14.09,6.0,6.0,13.04,21.14,2.0,2.0,4.35,7.05,4.0,4.0,8.7,14.09,4.0,4.0,8.7,14.09,2.0,2.0,4.35,7.05,5.0,5.0,10.87,17.61,2.0,2.0,4.35,7.05,9.0,9.0,19.57,31.7,6.0,6.0,13.04,21.14,5.0,5.0,10.87,17.61,3.0,3.0,6.52,10.57,0.0,0.0,0.0,0.0,5.0,5.0,10.87,17.61,8.0,8.0,17.39,28.18,39.13,34.78,4.35,108.03,2.0,2.0,4.35,10.22,10.22,0.54,0.61,0.57,0.33,1.0,0.29,0.83,0.18,0.71,0.39,6.52,0.0,0.11,17.39,0.31
3,陳文宏,臺北台新戰神,10879,簡廷兆,新北中信特攻,1,43,48.0,623.27,10.39,10:23,623.27,10.39,10:23,19.0,19.0,39.58,65.85,16.0,16.0,33.33,55.45,13.0,13.0,27.08,45.05,6.0,6.0,12.5,20.79,8.0,8.0,16.67,27.72,5.0,5.0,10.42,17.33,5.0,5.0,10.42,17.33,1.0,1.0,2.08,3.47,8.0,8.0,16.67,27.72,6.0,6.0,12.5,20.79,2.0,2.0,4.17,6.93,6.0,6.0,12.5,20.79,3.0,3.0,6.25,10.4,10.0,10.0,20.83,34.66,5.0,5.0,10.42,17.33,5.0,5.0,10.42,17.33,3.0,3.0,6.25,10.4,0.0,0.0,0.0,0.0,5.0,5.0,10.42,17.33,10.0,10.0,20.83,34.66,39.58,33.33,6.25,110.9,3.0,3.0,6.25,10.39,10.39,0.5,0.58,0.62,0.2,0.75,0.23,0.83,0.17,0.67,0.38,6.25,0.0,0.1,20.83,0.62
3,陳文宏,臺北台新戰神,10881,飛克,新北中信特攻,1,24,27.0,357.43,5.96,05:57,357.43,5.96,05:57,12.0,12.0,44.44,72.52,13.0,13.0,48.15,78.56,7.0,7.0,25.93,42.3,3.0,3.0,11.11,18.13,4.0,4.0,14.81,24.17,2.0,2.0,7.41,12.09,3.0,3.0,11.11,18.13,1.0,1.0,3.7,6.04,6.0,6.0,22.22,36.26,5.0,5.0,18.52,30.22,2.0,2.0,7.41,12.09,3.0,3.0,11.11,18.13,1.0,1.0,3.7,6.04,4.0,4.0,14.81,24.17,3.0,3.0,11.11,18.13,2.0,2.0,7.41,12.09,2.0,2.0,7.41,12.09,0.0,0.0,0.0,0.0,3.0,3.0,11.11,18.13,5.0,5.0,18.52,30.22,44.44,48.15,-3.7,108.78,-1.0,-1.0,-3.7,5.96,5.96,0.5,0.62,0.5,0.33,0.83,0.24,0.67,0.33,0.75,0.5,7.41,0.0,0.11,18.52,0.86
5,黃聰翰,臺北台新戰神,40,謝亞軒,新北中信特攻,1,35,42.0,576.67,9.61,09:37,576.67,9.61,09:37,19.0,19.0,45.24,71.17,14.0,14.0,33.33,52.44,16.0,16.0,38.1,59.93,7.0,7.0,16.67,26.22,7.0,7.0,16.67,26.22,3.0,3.0,7.14,11.24,9.0,9.0,21.43,33.71,4.0,4.0,9.52,14.98,2.0,2.0,4.76,7.49,1.0,1.0,2.38,3.75,2.0,2.0,4.76,7.49,7.0,7.0,16.67,26.22,2.0,2.0,4.76,7.49,10.0,10.0,23.81,37.46,2.0,2.0,4.76,7.49,5.0,5.0,11.9,18.73,1.0,1.0,2.38,3.75,0.0,0.0,0.0,0.0,5.0,5.0,11.9,18.73,5.0,5.0,11.9,18.73,45.24,33.33,11.9,104.88,5.0,5.0,11.9,9.61,9.61,0.56,0.56,0.43,0.44,0.5,0.11,0.71,0.17,0.78,0.43,2.38,0.0,0.12,11.9,0.12
5,黃聰翰,臺北台新戰神,10879,簡廷兆,新北中信特攻,1,71,80.0,1093.44,18.22,18:13,1093.44,18.22,18:13,45.0,45.0,56.25,88.89,27.0,27.0,33.75,53.34,28.0,28.0,35.0,55.31,16.0,16.0,20.0,31.61,14.0,14.0,17.5,27.66,8.0,8.0,10.0,15.8,14.0,14.0,17.5,27.66,8.0,8.0,10.0,15.8,6.0,6.0,7.5,11.85,5.0,5.0,6.25,9.88,3.0,3.0,3.75,5.93,9.0,9.0,11.25,17.78,4.0,4.0,5.0,7.9,18.0,18.0,22.5,35.56,5.0,5.0,6.25,9.88,11.0,11.0,13.75,21.73,2.0,2.0,2.5,3.95,0.0,0.0,0.0,0.0,9.0,9.0,11.25,17.78,12.0,12.0,15.0,23.7,56.25,33.75,22.5,105.36,18.0,18.0,22.5,18.22,18.22,0.71,0.73,0.57,0.57,0.83,0.14,0.69,0.14,0.69,0.35,2.5,0.0,0.11,15.0,0.21
10863,魏芃禾,臺北台新戰神,40,謝亞軒,新北中信特攻,1,16,20.0,283.68,4.73,04:44,283.68,4.73,04:44,9.0,9.0,45.0,68.53,12.0,12.0,60.0,91.37,7.0,7.0,35.0,53.3,3.0,3.0,15.0,22.84,5.0,5.0,25.0,38.07,2.0,2.0,10.0,15.23,2.0,2.0,10.0,15.23,1.0,1.0,5.0,7.61,2.0,2.0,10.0,15.23,2.0,2.0,10.0,15.23,2.0,2.0,10.0,15.23,2.0,2.0,10.0,15.23,2.0,2.0,10.0,15.23,2.0,2.0,10.0,15.23,1.0,1.0,5.0,7.61,2.0,2.0,10.0,15.23,1.0,1.0,5.0,7.61,0.0,0.0,0.0,0.0,2.0,2.0,10.0,15.23,3.0,3.0,15.0,22.84,45.0,60.0,-15.0,101.52,-3.0,-3.0,-15.0,4.73,4.73,0.5,0.57,0.4,0.5,1.0,0.11,0.67,0.5,0.5,0.5,5.0,0.0,0.1,15.0,0.29
10863,魏芃禾,臺北台新戰神,10879,簡廷兆,新北中信特攻,1,13,16.0,229.59,3.83,03:50,229.59,3.83,03:50,9.0,9.0,56.25,84.67,9.0,9.0,56.25,84.67,6.0,6.0,37.5,56.45,3.0,3.0,18.75,28.22,4.0,4.0,25.0,37.63,2.0,2.0,12.5,18.82,2.0,2.0,12.5,18.82,1.0,1.0,6.25,9.41,2.0,2.0,12.5,18.82,2.0,2.0,12.5,18.82,2.0,2.0,12.5,18.82,1.0,1.0,6.25,9.41,1.0,1.0,6.25,9.41,2.0,2.0,12.5,18.82,1.0,1.0,6.25,9.41,2.0,2.0,12.5,18.82,1.0,1.0,6.25,9.41,0.0,0.0,0.0,0.0,2.0,2.0,12.5,18.82,3.0,3.0,18.75,28.22,56.25,56.25,0.0,100.35,0.0,0.0,0.0,3.83,3.83,0.58,0.65,0.5,0.5,1.0,0.13,0.67,0.5,0.5,0.5,6.25,0.0,0.12,18.75,0.33
10867,威力斯,臺北台新戰神,40,謝亞軒,新北中信特攻,1,49,59.0,809.67,13.49,13:30,809.67,13.49,13:30,29.0,29.0,49.15,77.37,22.0,22.0,37.29,58.69,22.0,22.0,37.29,58.69,10.0,10.0,16.95,26.68,11.0,11.0,18.64,29.35,5.0,5.0,8.47,13.34,11.0,11.0,18.64,29.35,5.0,5.0,8.47,13.34,6.0,6.0,10.17,16.01,4.0,4.0,6.78,10.67,4.0,4.0,6.78,10.67,9.0,9.0,15.25,24.01,3.0,3.0,5.08,8.0,13.0,13.0,22.03,34.68,3.0,3.0,5.08,8.0,7.0,7.0,11.86,18.67,2.0,2.0,3.39,5.34,0.0,0.0,0.0,0.0,6.0,6.0,10.17,16.01,7.0,7.0,11.86,18.67,49.15,37.29,11.86,104.93,7.0,7.0,11.86,13.49,13.49,0.57,0.59,0.45,0.45,0.67,0.11,0.7,0.24,0.75,0.45,3.39,0.0,0.1,11.86,0.27
10867,威力斯,臺北台新戰神,10879,簡廷兆,新北中信特攻,1,83,96.0,1257.46,20.96,20:57,1257.46,20.96,20:57,45.0,45.0,46.88,77.3,39.0,39.0,40.62,66.99,33.0,33.0,34.38,56.69,16.0,16.0,16.67,27.48,17.0,17.0,17.71,29.2,9.0,9.0,9.38,15.46,16.0,16.0,16.67,27.48,7.0,7.0,7.29,12.02,8.0,8.0,8.33,13.74,6.0,6.0,6.25,10.31,6.0,6.0,6.25,10.31,12.0,12.0,12.5,20.61,4.0,4.0,4.17,6.87,18.0,18.0,18.75,30.92,9.0,9.0,9.38,15.46,12.0,12.0,12.5,20.61,4.0,4.0,4.17,6.87,2.0,2.0,2.08,3.44,10.0,10.0,10.42,17.18,14.0,14.0,14.58,24.05,46.88,40.62,6.25,109.94,6.0,6.0,6.25,20.96,20.96,0.59,0.62,0.53,0.44,0.75,0.2,0.75,0.25,0.75,0.45,4.17,2.08,0.1,14.58,0.24
13907,梅克,臺北台新戰神,40,謝亞軒,新北中信特攻,1,30,36.0,499.68,8.33,08:20,499.68,8.33,08:20,15.0,15.0,41.67,64.84,12.0,12.0,33.33,51.87,13.0,13.0,36.11,56.2,5.0,5.0,13.89,21.61,7.0,7.0,19.44,30.26,4.0,4.0,11.11,17.29,6.0,6.0,16.67,25.94,1.0,1.0,2.78,4.32,6.0,6.0,16.67,25.94,4.0,4.0,11.11,17.29,3.0,3.0,8.33,12.97,6.0,6.0,16.67,25.94,2.0,2.0,5.56,8.65,9.0,9.0,25.0,38.91,2.0,2.0,5.56,8.65,4.0,4.0,11.11,17.29,2.0,2.0,5.56,8.65,0.0,0.0,0.0,0.0,3.0,3.0,8.33,12.97,5.0,5.0,13.89,21.61,41.67,33.33,8.33,103.75,3.0,3.0,8.33,8.33,8.33,0.42,0.48,0.57,0.17,0.67,0.11,0.8,0.25,0.75,0.45,5.56,0.0,0.08,13.89,0.46
13907,梅克,臺北台新戰神,10879,簡廷兆,新北中信特攻,1,79,91.0,1231.83,20.53,20:32,1231.83,20.53,20:32,45.0,45.0,49.45,78.91,35.0,35.0,38.46,61.37,31.0,31.0,34.07,54.36,16.0,16.0,17.58,28.06,18.0,18.0,19.78,31.56,11.0,11.0,12.09,19.29,13.0,13.0,14.29,22.8,5.0,5.0,5.49,8.77,10.0,10.0,10.99,17.53,8.0,8.0,8.79,14.03,6.0,6.0,6.59,10.52,10.0,10.0,10.99,17.53,5.0,5.0,5.49,8.77,18.0,18.0,19.78,31.56,8.0,8.0,8.79,14.03,11.0,11.0,12.09,19.29,4.0,4.0,4.4,7.01,2.0,2.0,2.2,3.51,8.0,8.0,8.79,14.03,12.0,12.0,13.19,21.04,49.45,38.46,10.99,106.38,10.0,10.0,10.99,20.53,20.53,0.6,0.64,0.61,0.38,0.8,0.18,0.69,0.25,0.67,0.41,4.4,2.2,0.09,13.19,0.32
40,謝亞軒,新北中信特攻,10864,劉彥廷,臺北台新戰神,1,14,17.0,232.99,3.88,03:53,232.99,3.88,03:53,8.0,8.0,47.06,74.16,10.0,10.0,58.82,92.71,6.0,6.0,35.29,55.62,2.0,2.0,11.76,18.54,2.0,2.0,11.76,18.54,0.0,0.0,0.0,0.0,4.0,4.0,23.53,37.08,2.0,2.0,11.76,18.54,2.0,2.0,11.76,18.54,2.0,2.0,11.76,18.54,1.0,1.0,5.88,9.27,3.0,3.0,17.65,27.81,2.0,2.0,11.76,18.54,2.0,2.0,11.76,18.54,1.0,1.0,5.88,9.27,2.0,2.0,11.76,18.54,1.0,1.0,5.88,9.27,0.0,0.0,0.0,0.0,2.0,2.0,11.76,18.54,4.0,4.0,23.53,37.08,47.06,58.82,-11.76,105.07,-2.0,-2.0,-11.76,3.88,3.88,0.5,0.58,0.0,0.5,1.0,0.13,1.0,0.33,0.6,0.5,5.88,0.0,0.12,23.53,0.33
8889,馬可,新北中信特攻,10864,劉彥廷,臺北台新戰神,1,8,10.0,136.91,2.28,02:17,136.91,2.28,02:17,5.0,5.0,50.0,78.89,7.0,7.0,70.0,110.44,4.0,4.0,40.0,63.11,1.0,1.0,10.0,15.78,1.0,1.0,10.0,15.78,0.0,0.0,0.0,0.0,3.0,3.0,30.0,47.33,1.0,1.0,10.0,15.78,2.0,2.0,20.0,31.55,2.0,2.0,20.0,31.55,1.0,1.0,10.0,15.78,2.0,2.0,20.0,31.55,1.0,1.0,10.0,15.78,1.0,1.0,10.0,15.78,0.0,0.0,0.0,0.0,1.0,1.0,10.0,15.78,0.0,0.0,0.0,0.0,0.0,0.0,0.0,0.0,2.0,2.0,20.0,31.55,2.0,2.0,20.0,31.55,50.0,70.0,-20.0,105.18,-2.0,-2.0,-20.0,2.28,2.28,0.38,0.51,0.0,0.33,1.0,0.0,1.0,0.5,0.67,0.6,0.0,0.0,0.2,20.0,0.5
10877,阿巴西,新北中信特攻,10864,劉彥廷,臺北台新戰神,1,21,26.0,343.91,5.73,05:44,343.91,5.73,05:44,14.0,14.0,53.85,87.93,14.0,14.0,53.85,87.93,9.0,9.0,34.62,56.53,4.0,4.0,15.38,25.12,2.0,2.0,7.69,12.56,1.0,1.0,3.85,6.28,7.0,7.0,26.92,43.97,3.0,3.0,11.54,18.84,4.0,4.0,15.38,25.12,3.0,3.0,11.54,18.84,2.0,2.0,7.69,12.56,4.0,4.0,15.38,25.12,3.0,3.0,11.54,18.84,3.0,3.0,11.54,18.84,2.0,2.0,7.69,12.56,4.0,4.0,15.38,25.12,2.0,2.0,7.69,12.56,0.0,0.0,0.0,0.0,3.0,3.0,11.54,18.84,2.0,2.0,7.69,12.56,53.85,53.85,0.0,108.87,0.0,0.0,0.0,5.73,5.73,0.61,0.65,0.5,0.43,0.75,0.16,1.0,0.4,0.57,0.5,7.69,0.0,0.12,7.69,0.44
10879,簡廷兆,新北中信特攻,10864,劉彥廷,臺北台新戰神,1,23,28.0,365.99,6.1,06:06,365.99,6.1,06:06,14.0,14.0,50.0,82.62,15.0,15.0,53.57,88.53,10.0,10.0,35.71,59.02,4.0,4.0,14.29,23.61,3.0,3.0,10.71,17.71,1.0,1.0,3.57,5.9,7.0,7.0,25.0,41.31,3.0,3.0,10.71,17.71,4.0,4.0,14.29,23.61,3.0,3.0,10.71,17.71,2.0,2.0,7.14,11.8,5.0,5.0,17.86,29.51,3.0,3.0,10.71,17.71,4.0,4.0,14.29,23.61,2.0,2.0,7.14,11.8,4.0,4.0,14.29,23.61,2.0,2.0,7.14,11.8,0.0,0.0,0.0,0.0,3.0,3.0,10.71,17.71,4.0,4.0,14.29,23.61,50.0,53.57,-3.57,110.17,-1.0,-1.0,-3.57,6.1,6.1,0.55,0.6,0.33,0.43,0.75,0.15,1.0,0.33,0.62,0.5,7.14,0.0,0.11,14.29,0.4
10881,飛克,新北中信特攻,10864,劉彥廷,臺北台新戰神,1,23,28.0,365.99,6.1,06:06,365.99,6.1,06:06,14.0,14.0,50.0,82.62,15.0,15.0,53.57,88.53,10.0,10.0,35.71,59.02,4.0,4.0,14.29,23.61,3.0,3.0,10.71,17.71,1.0,1.0,3.57,5.9,7.0,7.0,25.0,41.31,3.0,3.0,10.71,17.71,4.0,4.0,14.29,23.61,3.0,3.0,10.71,17.71,2.0,2.0,7.14,11.8,5.0,5.0,17.86,29.51,3.0,3.0,10.71,17.71,4.0,4.0,14.29,23.61,2.0,2.0,7.14,11.8,4.0,4.0,14.29,23.61,2.0,2.0,7.14,11.8,0.0,0.0,0.0,0.0,3.0,3.0,10.71,17.71,4.0,4.0,14.29,23.61,50.0,53.57,-3.57,110.17,-1.0,-1.0,-3.57,6.1,6.1,0.55,0.6,0.33,0.43,0.75,0.15,1.0,0.33,0.62,0.5,7.14,0.0,0.11,14.29,0.4
10864,劉彥廷,臺北台新戰神,40,謝亞軒,新北中信特攻,1,14,17.0,232.99,3.88,03:53,232.99,3.88,03:53,10.0,10.0,58.82,92.71,8.0,8.0,47.06,74.16,6.0,6.0,35.29,55.62,3.0,3.0,17.65,27.81,4.0,4.0,23.53,37.08,2.0,2.0,11.76,18.54,2.0,2.0,11.76,18.54,1.0,1.0,5.88,9.27,4.0,4.0,23.53,37.08,3.0,3.0,17.65,27.81,2.0,2.0,11.76,18.54,2.0,2.0,11.76,18.54,1.0,1.0,5.88,9.27,3.0,3.0,17.65,27.81,1.0,1.0,5.88,9.27,2.0,2.0,11.76,18.54,1.0,1.0,5.88,9.27,0.0,0.0,0.0,0.0,1.0,1.0,5.88,9.27,2.0,2.0,11.76,18.54,58.82,47.06,11.76,105.07,2.0,2.0,11.76,3.88,3.88,0.58,0.64,0.5,0.5,0.75,0.11,0.67,0.4,0.67,0.5,5.88,0.0,0.06,11.76,0.67
10864,劉彥廷,臺北台新戰神,8889,馬可,新北中信特攻,1,8,10.0,136.91,2.28,02:17,136.91,2.28,02:17,7.0,7.0,70.0,110.44,5.0,5.0,50.0,78.89,4.0,4.0,40.0,63.11,2.0,2.0,20.0,31.55,2.0,2.0,20.0,31.55,1.0,1.0,10.0,15.78,2.0,2.0,20.0,31.55,1.0,1.0,10.0,15.78,2.0,2.0,20.0,31.55,2.0,2.0,20.0,31.55,1.0,1.0,10.0,15.78,1.0,1.0,10.0,15.78,1.0,1.0,10.0,15.78,2.0,2.0,20.0,31.55,0.0,0.0,0.0,0.0,1.0,1.0,10.0,15.78,0.0,0.0,0.0,0.0,0.0,0.0,0.0,0.0,0.0,0.0,0.0,0.0,2.0,2.0,20.0,31.55,70.0,50.0,20.0,105.18,2.0,2.0,20.0,2.28,2.28,0.62,0.72,0.5,0.5,1.0,0.0,0.5,0.33,0.5,0.4,0.0,0.0,0.0,20.0,0.5
10864,劉彥廷,臺北台新戰神,10877,阿巴西,新北中信特攻,1,21,26.0,343.91,5.73,05:44,343.91,5.73,05:44,14.0,14.0,53.85,87.93,14.0,14.0,53.85,87.93,11.0,11.0,42.31,69.09,5.0,5.0,19.23,31.4,7.0,7.0,26.92,43.97,3.0,3.0,11.54,18.84,4.0,4.0,15.38,25.12,2.0,2.0,7.69,12.56,2.0,2.0,7.69,12.56,2.0,2.0,7.69,12.56,3.0,3.0,11.54,18.84,3.0,3.0,11.54,18.84,2.0,2.0,7.69,12.56,4.0,4.0,15.38,25.12,1.0,1.0,3.85,6.28,4.0,4.0,15.38,25.12,1.0,1.0,3.85,6.28,0.0,0.0,0.0,0.0,2.0,2.0,7.69,12.56,4.0,4.0,15.38,25.12,53.85,53.85,0.0,108.87,0.0,0.0,0.0,5.73,5.73,0.55,0.59,0.43,0.5,1.0,0.08,0.8,0.43,0.6,0.5,3.85,0.0,0.08,15.38,0.18
10864,劉彥廷,臺北台新戰神,10879,簡廷兆,新北中信特攻,1,23,28.0,365.99,6.1,06:06,365.99,6.1,06:06,15.0,15.0,53.57,88.53,14.0,14.0,50.0,82.62,11.0,11.0,39.29,64.92,5.0,5.0,17.86,29.51,7.0,7.0,25.0,41.31,3.0,3.0,10.71,17.71,4.0,4.0,14.29,23.61,2.0,2.0,7.14,11.8,4.0,4.0,14.29,23.61,3.0,3.0,10.71,17.71,3.0,3.0,10.71,17.71,4.0,4.0,14.29,23.61,2.0,2.0,7.14,11.8,5.0,5.0,17.86,29.51,1.0,1.0,3.57,5.9,4.0,4.0,14.29,23.61,1.0,1.0,3.57,5.9,0.0,0.0,0.0,0.0,2.0,2.0,7.14,11.8,4.0,4.0,14.29,23.61,53.57,50.0,3.57,110.17,1.0,1.0,3.57,6.1,6.1,0.55,0.59,0.43,0.5,0.75,0.07,0.8,0.38,0.67,0.5,3.57,0.0,0.07,14.29,0.36
10864,劉彥廷,臺北台新戰神,10881,飛克,新北中信特攻,1,23,28.0,365.99,6.1,06:06,365.99,6.1,06:06,15.0,15.0,53.57,88.53,14.0,14.0,50.0,82.62,11.0,11.0,39.29,64.92,5.0,5.0,17.86,29.51,7.0,7.0,25.0,41.31,3.0,3.0,10.71,17.71,4.0,4.0,14.29,23.61,2.0,2.0,7.14,11.8,4.0,4.0,14.29,23.61,3.0,3.0,10.71,17.71,3.0,3.0,10.71,17.71,4.0,4.0,14.29,23.61,2.0,2.0,7.14,11.8,5.0,5.0,17.86,29.51,1.0,1.0,3.57,5.9,4.0,4.0,14.29,23.61,1.0,1.0,3.57,5.9,0.0,0.0,0.0,0.0,2.0,2.0,7.14,11.8,4.0,4.0,14.29,23.61,53.57,50.0,3.57,110.17,1.0,1.0,3.57,6.1,6.1,0.55,0.59,0.43,0.5,0.75,0.07,0.8,0.38,0.67,0.5,3.57,0.0,0.07,14.29,0.36
104,貝奇,新北中信特攻,3,陳文宏,臺北台新戰神,1,32,35.0,477.93,7.97,07:58,477.93,7.97,07:58,6.0,6.0,17.14,27.12,13.0,13.0,37.14,58.75,13.0,13.0,37.14,58.75,1.0,1.0,2.86,4.52,7.0,7.0,20.0,31.64,0.0,0.0,0.0,0.0,6.0,6.0,17.14,27.12,1.0,1.0,2.86,4.52,5.0,5.0,14.29,22.6,3.0,3.0,8.57,13.56,2.0,2.0,5.71,9.04,10.0,10.0,28.57,45.2,1.0,1.0,2.86,4.52,5.0,5.0,14.29,22.6,4.0,4.0,11.43,18.08,1.0,1.0,2.86,4.52,3.0,3.0,8.57,13.56,1.0,1.0,2.86,4.52,3.0,3.0,8.57,13.56,4.0,4.0,11.43,18.08,17.14,37.14,-20.0,105.46,-7.0,-7.0,-20.0,7.97,7.97,0.12,0.2,0.0,0.17,0.6,0.21,1.0,0.29,0.91,0.67,8.57,2.86,0.09,11.43,0.38
104,貝奇,新北中信特攻,10863,魏芃禾,臺北台新戰神,1,4,5.0,74.0,1.23,01:14,74.0,1.23,01:14,3.0,3.0,60.0,87.57,2.0,2.0,40.0,58.38,1.0,1.0,20.0,29.19,1.0,1.0,20.0,29.19,0.0,0.0,0.0,0.0,0.0,0.0,0.0,0.0,1.0,1.0,20.0,29.19,1.0,1.0,20.0,29.19,0.0,0.0,0.0,0.0,0.0,0.0,0.0,0.0,0.0,0.0,0.0,0.0,0.0,0.0,0.0,0.0,1.0,1.0,20.0,29.19,0.0,0.0,0.0,0.0,1.0,1.0,20.0,29.19,1.0,1.0,20.0,29.19,1.0,1.0,20.0,29.19,0.0,0.0,0.0,0.0,0.0,0.0,0.0,0.0,0.0,0.0,0.0,0.0,60.0,40.0,20.0,97.3,1.0,1.0,20.0,1.23,1.23,1.5,1.5,,1.0,,0.5,1.0,,0.0,0.0,20.0,0.0,0.0,0.0,0.0
104,貝奇,新北中信特攻,10864,劉彥廷,臺北台新戰神,1,15,18.0,229.09,3.82,03:49,229.09,3.82,03:49,9.0,9.0,50.0,84.86,8.0,8.0,44.44,75.43,6.0,6.0,33.33,56.57,3.0,3.0,16.67,28.29,2.0,2.0,11.11,18.86,1.0,1.0,5.56,9.43,4.0,4.0,22.22,37.71,2.0,2.0,11.11,18.86,2.0,2.0,11.11,18.86,1.0,1.0,5.56,9.43,1.0,1.0,5.56,9.43,3.0,3.0,16.67,28.29,2.0,2.0,11.11,18.86,3.0,3.0,16.67,28.29,2.0,2.0,11.11,18.86,3.0,3.0,16.67,28.29,2.0,2.0,11.11,18.86,0.0,0.0,0.0,0.0,1.0,1.0,5.56,9.43,2.0,2.0,11.11,18.86,50.0,44.44,5.56,113.14,1.0,1.0,5.56,3.82,3.82,0.67,0.65,0.5,0.5,0.5,0.23,1.0,0.25,0.6,0.44,11.11,0.0,0.06,11.11,0.33
104,貝奇,新北中信特攻,10867,威力斯,臺北台新戰神,1,86,100.0,1339.22,22.32,22:19,1339.22,22.32,22:19,33.0,33.0,33.0,53.23,39.0,39.0,39.0,62.9,38.0,38.0,38.0,61.29,12.0,12.0,12.0,19.35,18.0,18.0,18.0,29.03,7.0,7.0,7.0,11.29,20.0,20.0,20.0,32.26,5.0,5.0,5.0,8.06,9.0,9.0,9.0,14.52,4.0,4.0,4.0,6.45,5.0,5.0,5.0,8.06,22.0,22.0,22.0,35.48,5.0,5.0,5.0,8.06,14.0,14.0,14.0,22.58,9.0,9.0,9.0,14.52,8.0,8.0,8.0,12.9,6.0,6.0,6.0,9.68,1.0,1.0,1.0,1.61,8.0,8.0,8.0,12.9,5.0,5.0,5.0,8.06,33.0,39.0,-6.0,107.53,-6.0,-6.0,-6.0,22.32,22.32,0.38,0.39,0.39,0.25,0.44,0.18,0.67,0.26,0.81,0.59,6.0,1.0,0.08,5.0,0.24
104,貝奇,新北中信特攻,13907,梅克,臺北台新戰神,1,69,79.0,1074.19,17.9,17:54,1074.19,17.9,17:54,27.0,27.0,34.18,54.29,35.0,35.0,44.3,70.38,30.0,30.0,37.97,60.32,9.0,9.0,11.39,18.1,13.0,13.0,16.46,26.14,4.0,4.0,5.06,8.04,17.0,17.0,21.52,34.18,5.0,5.0,6.33,10.05,9.0,9.0,11.39,18.1,4.0,4.0,5.06,8.04,4.0,4.0,5.06,8.04,18.0,18.0,22.78,36.19,5.0,5.0,6.33,10.05,10.0,10.0,12.66,20.11,6.0,6.0,7.59,12.06,6.0,6.0,7.59,12.06,5.0,5.0,6.33,10.05,1.0,1.0,1.27,2.01,5.0,5.0,6.33,10.05,4.0,4.0,5.06,8.04,34.18,44.3,-10.13,105.9,-8.0,-8.0,-10.13,17.9,17.9,0.38,0.4,0.31,0.29,0.44,0.15,0.67,0.29,0.78,0.59,6.33,1.27,0.06,5.06,0.3
3,陳文宏,臺北台新戰神,104,貝奇,新北中信特攻,1,32,35.0,477.93,7.97,07:58,477.93,7.97,07:58,13.0,13.0,37.14,58.75,6.0,6.0,17.14,27.12,10.0,10.0,28.57,45.2,5.0,5.0,14.29,22.6,7.0,7.0,20.0,31.64,4.0,4.0,11.43,18.08,3.0,3.0,8.57,13.56,1.0,1.0,2.86,4.52,4.0,4.0,11.43,18.08,2.0,2.0,5.71,9.04,1.0,1.0,2.86,4.52,5.0,5.0,14.29,22.6,2.0,2.0,5.71,9.04,10.0,10.0,28.57,45.2,4.0,4.0,11.43,18.08,5.0,5.0,14.29,22.6,2.0,2.0,5.71,9.04,0.0,0.0,0.0,0.0,4.0,4.0,11.43,18.08,5.0,5.0,14.29,22.6,37.14,17.14,20.0,105.46,7.0,7.0,20.0,7.97,7.97,0.55,0.55,0.57,0.33,0.5,0.25,1.0,0.09,0.71,0.33,5.71,0.0,0.11,14.29,0.4
10863,魏芃禾,臺北台新戰神,104,貝奇,新北中信特攻,1,4,5.0,74.0,1.23,01:14,74.0,1.23,01:14,2.0,2.0,40.0,58.38,3.0,3.0,60.0,87.57,2.0,2.0,40.0,58.38,1.0,1.0,20.0,29.19,2.0,2.0,40.0,58.38,1.0,1.0,20.0,29.19,0.0,0.0,0.0,0.0,0.0,0.0,0.0,0.0,0.0,0.0,0.0,0.0,0.0,0.0,0.0,0.0,1.0,1.0,20.0,29.19,0.0,0.0,0.0,0.0,0.0,0.0,0.0,0.0,0.0,0.0,0.0,0.0,1.0,1.0,20.0,29.19,1.0,1.0,20.0,29.19,1.0,1.0,20.0,29.19,0.0,0.0,0.0,0.0,1.0,1.0,20.0,29.19,0.0,0.0,0.0,0.0,40.0,60.0,-20.0,97.3,-1.0,-1.0,-20.0,1.23,1.23,0.5,0.5,0.5,,,0.33,1.0,1.0,,1.0,20.0,0.0,0.2,0.0,0.0
10864,劉彥廷,臺北台新戰神,104,貝奇,新北中信特攻,1,15,18.0,229.09,3.82,03:49,229.09,3.82,03:49,8.0,8.0,44.44,75.43,9.0,9.0,50.0,84.86,7.0,7.0,38.89,66.0,3.0,3.0,16.67,28.29,5.0,5.0,27.78,47.14,2.0,2.0,11.11,18.86,2.0,2.0,11.11,18.86,1.0,1.0,5.56,9.43,2.0,2.0,11.11,18.86,1.0,1.0,5.56,9.43,2.0,2.0,11.11,18.86,3.0,3.0,16.67,28.29,1.0,1.0,5.56,9.43,3.0,3.0,16.67,28.29,1.0,1.0,5.56,9.43,3.0,3.0,16.67,28.29,1.0,1.0,5.56,9.43,0.0,0.0,0.0,0.0,2.0,2.0,11.11,18.86,2.0,2.0,11.11,18.86,44.44,50.0,-5.56,113.14,-1.0,-1.0,-5.56,3.82,3.82,0.5,0.51,0.4,0.5,0.5,0.11,1.0,0.4,0.75,0.56,5.56,0.0,0.11,11.11,0.29
10867,威力斯,臺北台新戰神,104,貝奇,新北中信特攻,1,86,100.0,1339.22,22.32,22:19,1339.22,22.32,22:19,39.0,39.0,39.0,62.9,33.0,33.0,33.0,53.23,34.0,34.0,34.0,54.84,16.0,16.0,16.0,25.81,22.0,22.0,22.0,35.48,12.0,12.0,12.0,19.35,12.0,12.0,12.0,19.35,4.0,4.0,4.0,6.45,5.0,5.0,5.0,8.06,3.0,3.0,3.0,4.84,5.0,5.0,5.0,8.06,14.0,14.0,14.0,22.58,5.0,5.0,5.0,8.06,22.0,22.0,22.0,35.48,11.0,11.0,11.0,17.74,11.0,11.0,11.0,17.74,5.0,5.0,5.0,8.06,2.0,2.0,2.0,3.23,9.0,9.0,9.0,14.52,9.0,9.0,9.0,14.52,39.0,33.0,6.0,107.53,6.0,6.0,6.0,22.32,22.32,0.53,0.54,0.55,0.33,0.6,0.23,0.69,0.19,0.74,0.41,5.0,2.0,0.09,9.0,0.15
13907,梅克,臺北台新戰神,104,貝奇,新北中信特攻,1,69,79.0,1074.19,17.9,17:54,1074.19,17.9,17:54,35.0,35.0,44.3,70.38,27.0,27.0,34.18,54.29,29.0,29.0,36.71,58.31,15.0,15.0,18.99,30.16,19.0,19.0,24.05,38.21,12.0,12.0,15.19,24.13,10.0,10.0,12.66,20.11,3.0,3.0,3.8,6.03,4.0,4.0,5.06,8.04,2.0,2.0,2.53,4.02,5.0,5.0,6.33,10.05,10.0,10.0,12.66,20.11,4.0,4.0,5.06,8.04,18.0,18.0,22.78,36.19,8.0,8.0,10.13,16.09,10.0,10.0,12.66,20.11,4.0,4.0,5.06,8.04,2.0,2.0,2.53,4.02,7.0,7.0,8.86,14.08,9.0,9.0,11.39,18.1,44.3,34.18,10.13,105.9,8.0,8.0,10.13,17.9,17.9,0.57,0.57,0.63,0.3,0.5,0.21,0.67,0.22,0.71,0.41,5.06,2.53,0.09,11.39,0.14
40,謝亞軒,新北中信特攻,1,丁聖儒,臺北台新戰神,1,33,39.0,525.99,8.77,08:46,525.99,8.77,08:46,10.0,10.0,25.64,41.07,20.0,20.0,51.28,82.13,14.0,14.0,35.9,57.49,3.0,3.0,7.69,12.32,4.0,4.0,10.26,16.43,0.0,0.0,0.0,0.0,10.0,10.0,25.64,41.07,3.0,3.0,7.69,12.32,4.0,4.0,10.26,16.43,1.0,1.0,2.56,4.11,1.0,1.0,2.56,4.11,11.0,11.0,28.21,45.17,2.0,2.0,5.13,8.21,7.0,7.0,17.95,28.75,2.0,2.0,5.13,8.21,2.0,2.0,5.13,8.21,0.0,0.0,0.0,0.0,0.0,0.0,0.0,0.0,3.0,3.0,7.69,12.32,4.0,4.0,10.26,16.43,25.64,51.28,-25.64,106.77,-10.0,-10.0,-25.64,8.77,8.77,0.32,0.32,0.0,0.3,0.25,0.11,0.67,0.12,0.85,0.57,0.0,0.0,0.08,10.26,0.29
44,黃泓瀚,新北中信特攻,3,陳文宏,臺北台新戰神,1,8,9.0,126.09,2.1,02:06,126.09,2.1,02:06,0.0,0.0,0.0,0.0,4.0,4.0,44.44,68.52,4.0,4.0,44.44,68.52,0.0,0.0,0.0,0.0,1.0,1.0,11.11,17.13,0.0,0.0,0.0,0.0,3.0,3.0,33.33,51.39,0.0,0.0,0.0,0.0,2.0,2.0,22.22,34.26,0.0,0.0,0.0,0.0,1.0,1.0,11.11,17.13,4.0,4.0,44.44,68.52,0.0,0.0,0.0,0.0,2.0,2.0,22.22,34.26,0.0,0.0,0.0,0.0,0.0,0.0,0.0,0.0,0.0,0.0,0.0,0.0,0.0,0.0,0.0,0.0,1.0,1.0,11.11,17.13,4.0,4.0,44.44,68.52,0.0,44.44,-44.44,102.79,-4.0,-4.0,-44.44,2.1,2.1,0.0,0.0,0.0,0.0,0.0,0.0,,0.33,1.0,0.71,0.0,0.0,0.11,44.44,0.5
44,黃泓瀚,新北中信特攻,10864,劉彥廷,臺北台新戰神,1,2,2.0,22.09,0.37,00:22,22.09,0.37,00:22,0.0,0.0,0.0,0.0,1.0,1.0,50.0,97.8,1.0,1.0,50.0,97.8,0.0,0.0,0.0,0.0,1.0,1.0,50.0,97.8,0.0,0.0,0.0,0.0,0.0,0.0,0.0,0.0,0.0,0.0,0.0,0.0,0.0,0.0,0.0,0.0,0.0,0.0,0.0,0.0,0.0,0.0,0.0,0.0,1.0,1.0,50.0,97.8,0.0,0.0,0.0,0.0,1.0,1.0,50.0,97.8,0.0,0.0,0.0,0.0,0.0,0.0,0.0,0.0,0.0,0.0,0.0,0.0,0.0,0.0,0.0,0.0,0.0,0.0,0.0,0.0,2.0,2.0,100.0,195.59,0.0,50.0,-50.0,130.39,-1.0,-1.0,-50.0,0.37,0.37,0.0,0.0,0.0,,,0.0,,0.0,1.0,0.5,0.0,0.0,0.0,100.0,0.0
104,貝奇,新北中信特攻,1,丁聖儒,臺北台新戰神,1,87,100.0,1394.19,23.24,23:14,1394.19,23.24,23:14,33.0,33.0,33.0,51.13,44.0,44.0,44.0,68.17,38.0,38.0,38.0,58.87,12.0,12.0,12.0,18.59,17.0,17.0,17.0,26.34,7.0,7.0,7.0,10.84,21.0,21.0,21.0,32.53,5.0,5.0,5.0,7.75,9.0,9.0,9.0,13.94,4.0,4.0,4.0,6.2,4.0,4.0,4.0,6.2,24.0,24.0,24.0,37.18,5.0,5.0,5.0,7.75,14.0,14.0,14.0,21.69,8.0,8.0,8.0,12.39,7.0,7.0,7.0,10.84,5.0,5.0,5.0,7.75,0.0,0.0,0.0,0.0,8.0,8.0,8.0,12.39,5.0,5.0,5.0,7.75,33.0,44.0,-11.0,103.29,-11.0,-11.0,-11.0,23.24,23.24,0.38,0.39,0.41,0.24,0.44,0.16,0.58,0.22,0.83,0.6,5.0,0.0,0.08,5.0,0.24
10879,簡廷兆,新北中信特攻,1,丁聖儒,臺北台新戰神,1,81,92.0,1254.14,20.9,20:54,1254.14,20.9,20:54,33.0,33.0,35.87,56.84,50.0,50.0,54.35,86.11,31.0,31.0,33.7,53.39,10.0,10.0,10.87,17.22,12.0,12.0,13.04,20.67,4.0,4.0,4.35,6.89,19.0,19.0,20.65,32.72,6.0,6.0,6.52,10.33,11.0,11.0,11.96,18.95,7.0,7.0,7.61,12.06,3.0,3.0,3.26,5.17,20.0,20.0,21.74,34.45,5.0,5.0,5.43,8.61,11.0,11.0,11.96,18.95,8.0,8.0,8.7,13.78,8.0,8.0,8.7,13.78,4.0,4.0,4.35,6.89,0.0,0.0,0.0,0.0,7.0,7.0,7.61,12.06,8.0,8.0,8.7,13.78,35.87,54.35,-18.48,105.63,-17.0,-17.0,-18.48,20.9,20.9,0.42,0.46,0.33,0.32,0.64,0.18,0.8,0.21,0.8,0.59,4.35,0.0,0.08,8.7,0.35
1,丁聖儒,臺北台新戰神,40,謝亞軒,新北中信特攻,1,33,39.0,525.99,8.77,08:46,525.99,8.77,08:46,20.0,20.0,51.28,82.13,10.0,10.0,25.64,41.07,15.0,15.0,38.46,61.6,7.0,7.0,17.95,28.75,6.0,6.0,15.38,24.64,3.0,3.0,7.69,12.32,9.0,9.0,23.08,36.96,4.0,4.0,10.26,16.43,4.0,4.0,10.26,16.43,2.0,2.0,5.13,8.21,2.0,2.0,5.13,8.21,7.0,7.0,17.95,28.75,1.0,1.0,2.56,4.11,11.0,11.0,28.21,45.17,2.0,2.0,5.13,8.21,5.0,5.0,12.82,20.53,1.0,1.0,2.56,4.11,0.0,0.0,0.0,0.0,4.0,4.0,10.26,16.43,4.0,4.0,10.26,16.43,51.28,25.64,25.64,106.77,10.0,10.0,25.64,8.77,8.77,0.6,0.6,0.5,0.44,0.5,0.11,0.71,0.15,0.88,0.43,2.56,0.0,0.1,10.26,0.27
1,丁聖儒,臺北台新戰神,104,貝奇,新北中信特攻,1,87,100.0,1394.19,23.24,23:14,1394.19,23.24,23:14,44.0,44.0,44.0,68.17,33.0,33.0,33.0,51.13,36.0,36.0,36.0,55.77,18.0,18.0,18.0,27.89,23.0,23.0,23.0,35.63,13.0,13.0,13.0,20.14,13.0,13.0,13.0,20.14,5.0,5.0,5.0,7.75,5.0,5.0,5.0,7.75,3.0,3.0,3.0,4.65,5.0,5.0,5.0,7.75,14.0,14.0,14.0,21.69,4.0,4.0,4.0,6.2,24.0,24.0,24.0,37.18,10.0,10.0,10.0,15.49,11.0,11.0,11.0,17.04,4.0,4.0,4.0,6.2,2.0,2.0,2.0,3.1,9.0,9.0,9.0,13.94,9.0,9.0,9.0,13.94,44.0,33.0,11.0,103.29,11.0,11.0,11.0,23.24,23.24,0.57,0.58,0.57,0.38,0.6,0.21,0.61,0.17,0.78,0.4,4.0,2.0,0.09,9.0,0.14
1,丁聖儒,臺北台新戰神,10879,簡廷兆,新北中信特攻,1,81,92.0,1254.14,20.9,20:54,1254.14,20.9,20:54,50.0,50.0,54.35,86.11,33.0,33.0,35.87,56.84,33.0,33.0,35.87,56.84,18.0,18.0,19.57,31.0,17.0,17.0,18.48,29.28,10.0,10.0,10.87,17.22,16.0,16.0,17.39,27.56,8.0,8.0,8.7,13.78,8.0,8.0,8.7,13.78,6.0,6.0,6.52,10.33,5.0,5.0,5.43,8.61,11.0,11.0,11.96,18.95,3.0,3.0,3.26,5.17,20.0,20.0,21.74,34.45,8.0,8.0,8.7,13.78,12.0,12.0,13.04,20.67,3.0,3.0,3.26,5.17,2.0,2.0,2.17,3.44,9.0,9.0,9.78,15.5,11.0,11.0,11.96,18.95,54.35,35.87,18.48,105.63,17.0,17.0,18.48,20.9,20.9,0.67,0.68,0.59,0.5,0.75,0.18,0.67,0.2,0.79,0.41,3.26,2.17,0.1,11.96,0.24
3,陳文宏,臺北台新戰神,44,黃泓瀚,新北中信特攻,1,8,9.0,126.09,2.1,02:06,126.09,2.1,02:06,4.0,4.0,44.44,68.52,0.0,0.0,0.0,0.0,2.0,2.0,22.22,34.26,1.0,1.0,11.11,17.13,2.0,2.0,22.22,34.26,1.0,1.0,11.11,17.13,0.0,0.0,0.0,0.0,0.0,0.0,0.0,0.0,4.0,4.0,44.44,68.52,2.0,2.0,22.22,34.26,0.0,0.0,0.0,0.0,2.0,2.0,22.22,34.26,1.0,1.0,11.11,17.13,4.0,4.0,44.44,68.52,0.0,0.0,0.0,0.0,1.0,1.0,11.11,17.13,0.0,0.0,0.0,0.0,0.0,0.0,0.0,0.0,1.0,1.0,11.11,17.13,2.0,2.0,22.22,34.26,44.44,0.0,44.44,102.79,4.0,4.0,44.44,2.1,2.1,0.5,0.53,0.5,,0.5,0.0,1.0,0.0,0.67,0.29,0.0,0.0,0.11,22.22,2.0
10864,劉彥廷,臺北台新戰神,44,黃泓瀚,新北中信特攻,1,2,2.0,22.09,0.37,00:22,22.09,0.37,00:22,1.0,1.0,50.0,97.8,0.0,0.0,0.0,0.0,0.0,0.0,0.0,0.0,0.0,0.0,0.0,0.0,0.0,0.0,0.0,0.0,0.0,0.0,0.0,0.0,0.0,0.0,0.0,0.0,0.0,0.0,0.0,0.0,2.0,2.0,100.0,195.59,1.0,1.0,50.0,97.8,0.0,0.0,0.0,0.0,1.0,1.0,50.0,97.8,0.0,0.0,0.0,0.0,1.0,1.0,50.0,97.8,0.0,0.0,0.0,0.0,0.0,0.0,0.0,0.0,0.0,0.0,0.0,0.0,0.0,0.0,0.0,0.0,0.0,0.0,0.0,0.0,0.0,0.0,0.0,0.0,50.0,0.0,50.0,130.39,1.0,1.0,50.0,0.37,0.37,,0.57,,,0.5,0.0,,0.0,1.0,0.5,0.0,0.0,0.0,0.0,
104,貝奇,新北中信特攻,5,黃聰翰,臺北台新戰神,1,76,87.0,1214.81,20.25,20:15,1214.81,20.25,20:15,26.0,26.0,29.89,46.23,39.0,39.0,44.83,69.34,35.0,35.0,40.23,62.23,9.0,9.0,10.34,16.0,16.0,16.0,18.39,28.45,5.0,5.0,5.75,8.89,19.0,19.0,21.84,33.78,4.0,4.0,4.6,7.11,9.0,9.0,10.34,16.0,4.0,4.0,4.6,7.11,5.0,5.0,5.75,8.89,22.0,22.0,25.29,39.12,3.0,3.0,3.45,5.33,12.0,12.0,13.79,21.34,7.0,7.0,8.05,12.45,5.0,5.0,5.75,8.89,4.0,4.0,4.6,7.11,1.0,1.0,1.15,1.78,8.0,8.0,9.2,14.22,3.0,3.0,3.45,5.33,29.89,44.83,-14.94,103.13,-13.0,-13.0,-14.94,20.25,20.25,0.31,0.33,0.31,0.21,0.44,0.15,0.56,0.29,0.88,0.64,4.6,1.15,0.09,3.45,0.26
5,黃聰翰,臺北台新戰神,104,貝奇,新北中信特攻,1,76,87.0,1214.81,20.25,20:15,1214.81,20.25,20:15,39.0,39.0,44.83,69.34,26.0,26.0,29.89,46.23,31.0,31.0,35.63,55.12,16.0,16.0,18.39,28.45,20.0,20.0,22.99,35.56,11.0,11.0,12.64,19.56,11.0,11.0,12.64,19.56,5.0,5.0,5.75,8.89,3.0,3.0,3.45,5.33,2.0,2.0,2.3,3.56,3.0,3.0,3.45,5.33,12.0,12.0,13.79,21.34,5.0,5.0,5.75,8.89,22.0,22.0,25.29,39.12,7.0,7.0,8.05,12.45,10.0,10.0,11.49,17.78,3.0,3.0,3.45,5.33,0.0,0.0,0.0,0.0,8.0,8.0,9.2,14.22,9.0,9.0,10.34,16.0,44.83,29.89,14.94,103.13,13.0,13.0,14.94,20.25,20.25,0.6,0.6,0.55,0.45,0.67,0.18,0.62,0.12,0.71,0.36,3.45,0.0,0.09,10.34,0.1
40,謝亞軒,新北中信特攻,14,錢肯尼,臺北台新戰神,1,28,34.0,453.99,7.57,07:34,453.99,7.57,07:34,13.0,13.0,38.24,61.85,16.0,16.0,47.06,76.13,12.0,12.0,35.29,57.09,4.0,4.0,11.76,19.03,3.0,3.0,8.82,14.27,0.0,0.0,0.0,0.0,9.0,9.0,26.47,42.82,4.0,4.0,11.76,19.03,2.0,2.0,5.88,9.52,1.0,1.0,2.94,4.76,1.0,1.0,2.94,4.76,7.0,7.0,20.59,33.3,2.0,2.0,5.88,9.52,6.0,6.0,17.65,28.55,3.0,3.0,8.82,14.27,3.0,3.0,8.82,14.27,0.0,0.0,0.0,0.0,0.0,0.0,0.0,0.0,3.0,3.0,8.82,14.27,0.0,0.0,0.0,0.0,38.24,47.06,-8.82,107.84,-3.0,-3.0,-8.82,7.57,7.57,0.5,0.5,0.0,0.44,0.5,0.19,0.75,0.14,0.78,0.5,0.0,0.0,0.09,0.0,0.17
40,謝亞軒,新北中信特攻,14845,恩多,臺北台新戰神,1,19,23.0,309.99,5.17,05:10,309.99,5.17,05:10,10.0,10.0,43.48,69.68,14.0,14.0,60.87,97.55,8.0,8.0,34.78,55.74,3.0,3.0,13.04,20.9,2.0,2.0,8.7,13.94,0.0,0.0,0.0,0.0,6.0,6.0,26.09,41.81,3.0,3.0,13.04,20.9,2.0,2.0,8.7,13.94,1.0,1.0,4.35,6.97,1.0,1.0,4.35,6.97,4.0,4.0,17.39,27.87,1.0,1.0,4.35,6.97,3.0,3.0,13.04,20.9,2.0,2.0,8.7,13.94,3.0,3.0,13.04,20.9,0.0,0.0,0.0,0.0,0.0,0.0,0.0,0.0,3.0,3.0,13.04,20.9,0.0,0.0,0.0,0.0,43.48,60.87,-17.39,106.84,-4.0,-4.0,-17.39,5.17,5.17,0.56,0.56,0.0,0.5,0.5,0.18,1.0,0.25,0.8,0.56,0.0,0.0,0.13,0.0,0.25
104,貝奇,新北中信特攻,14,錢肯尼,臺北台新戰神,1,52,63.0,865.27,14.42,14:25,865.27,14.42,14:25,24.0,24.0,38.1,59.91,28.0,28.0,44.44,69.9,26.0,26.0,41.27,64.9,10.0,10.0,15.87,24.96,13.0,13.0,20.63,32.45,6.0,6.0,9.52,14.98,13.0,13.0,20.63,32.45,4.0,4.0,6.35,9.99,2.0,2.0,3.17,4.99,0.0,0.0,0.0,0.0,3.0,3.0,4.76,7.49,12.0,12.0,19.05,29.96,4.0,4.0,6.35,9.99,7.0,7.0,11.11,17.47,4.0,4.0,6.35,9.99,5.0,5.0,7.94,12.48,2.0,2.0,3.17,4.99,1.0,1.0,1.59,2.5,4.0,4.0,6.35,9.99,1.0,1.0,1.59,2.5,38.1,44.44,-6.35,104.85,-4.0,-4.0,-6.35,14.42,14.42,0.46,0.45,0.46,0.31,0.0,0.13,0.5,0.3,0.75,0.58,3.17,1.59,0.06,1.59,0.08
104,貝奇,新北中信特攻,14845,恩多,臺北台新戰神,1,29,35.0,530.97,8.85,08:51,530.97,8.85,08:51,12.0,12.0,34.29,48.82,18.0,18.0,51.43,73.22,14.0,14.0,40.0,56.95,5.0,5.0,14.29,20.34,7.0,7.0,20.0,28.48,3.0,3.0,8.57,12.2,7.0,7.0,20.0,28.48,2.0,2.0,5.71,8.14,0.0,0.0,0.0,0.0,0.0,0.0,0.0,0.0,1.0,1.0,2.86,4.07,8.0,8.0,22.86,32.54,2.0,2.0,5.71,8.14,4.0,4.0,11.43,16.27,3.0,3.0,8.57,12.2,2.0,2.0,5.71,8.14,1.0,1.0,2.86,4.07,0.0,0.0,0.0,0.0,3.0,3.0,8.57,12.2,1.0,1.0,2.86,4.07,34.29,51.43,-17.14,94.92,-6.0,-6.0,-17.14,8.85,8.85,0.43,0.43,0.43,0.29,,0.18,0.4,0.2,0.8,0.6,2.86,0.0,0.09,2.86,0.0
10879,簡廷兆,新北中信特攻,14,錢肯尼,臺北台新戰神,1,44,53.0,735.46,12.26,12:15,735.46,12.26,12:15,20.0,20.0,37.74,58.74,35.0,35.0,66.04,102.79,20.0,20.0,37.74,58.74,7.0,7.0,13.21,20.56,8.0,8.0,15.09,23.5,2.0,2.0,3.77,5.87,12.0,12.0,22.64,35.24,5.0,5.0,9.43,14.68,2.0,2.0,3.77,5.87,1.0,1.0,1.89,2.94,2.0,2.0,3.77,5.87,10.0,10.0,18.87,29.37,4.0,4.0,7.55,11.75,4.0,4.0,7.55,11.75,4.0,4.0,7.55,11.75,5.0,5.0,9.43,14.68,1.0,1.0,1.89,2.94,1.0,1.0,1.89,2.94,2.0,2.0,3.77,5.87,2.0,2.0,3.77,5.87,37.74,66.04,-28.3,103.77,-15.0,-15.0,-28.3,12.26,12.26,0.48,0.48,0.25,0.42,0.5,0.16,0.71,0.33,0.71,0.6,1.89,1.89,0.04,3.77,0.1
10879,簡廷兆,新北中信特攻,14845,恩多,臺北台新戰神,1,28,33.0,486.17,8.1,08:06,486.17,8.1,08:06,10.0,10.0,30.3,44.43,28.0,28.0,84.85,124.4,12.0,12.0,36.36,53.31,3.0,3.0,9.09,13.33,4.0,4.0,12.12,17.77,0.0,0.0,0.0,0.0,8.0,8.0,24.24,35.54,3.0,3.0,9.09,13.33,2.0,2.0,6.06,8.89,1.0,1.0,3.03,4.44,1.0,1.0,3.03,4.44,8.0,8.0,24.24,35.54,2.0,2.0,6.06,8.89,2.0,2.0,6.06,8.89,2.0,2.0,6.06,8.89,2.0,2.0,6.06,8.89,0.0,0.0,0.0,0.0,0.0,0.0,0.0,0.0,2.0,2.0,6.06,8.89,2.0,2.0,6.06,8.89,30.3,84.85,-54.55,97.74,-18.0,-18.0,-54.55,8.1,8.1,0.38,0.39,0.0,0.38,0.5,0.13,0.67,0.33,0.8,0.69,0.0,0.0,0.06,6.06,0.17
14,錢肯尼,臺北台新戰神,40,謝亞軒,新北中信特攻,1,28,34.0,453.99,7.57,07:34,453.99,7.57,07:34,16.0,16.0,47.06,76.13,13.0,13.0,38.24,61.85,14.0,14.0,41.18,66.61,6.0,6.0,17.65,28.55,5.0,5.0,14.71,23.79,2.0,2.0,5.88,9.52,9.0,9.0,26.47,42.82,4.0,4.0,11.76,19.03,0.0,0.0,0.0,0.0,0.0,0.0,0.0,0.0,2.0,2.0,5.88,9.52,6.0,6.0,17.65,28.55,1.0,1.0,2.94,4.76,7.0,7.0,20.59,33.3,2.0,2.0,5.88,9.52,4.0,4.0,11.76,19.03,1.0,1.0,2.94,4.76,0.0,0.0,0.0,0.0,3.0,3.0,8.82,14.27,2.0,2.0,5.88,9.52,47.06,38.24,8.82,107.84,3.0,3.0,8.82,7.57,7.57,0.57,0.57,0.4,0.44,,0.12,0.67,0.22,0.86,0.5,2.94,0.0,0.09,5.88,0.0
14,錢肯尼,臺北台新戰神,104,貝奇,新北中信特攻,1,52,63.0,865.27,14.42,14:25,865.27,14.42,14:25,28.0,28.0,44.44,69.9,24.0,24.0,38.1,59.91,23.0,23.0,36.51,57.42,12.0,12.0,19.05,29.96,15.0,15.0,23.81,37.45,9.0,9.0,14.29,22.47,8.0,8.0,12.7,19.97,3.0,3.0,4.76,7.49,1.0,1.0,1.59,2.5,1.0,1.0,1.59,2.5,4.0,4.0,6.35,9.99,7.0,7.0,11.11,17.47,3.0,3.0,4.76,7.49,12.0,12.0,19.05,29.96,7.0,7.0,11.11,17.47,5.0,5.0,7.94,12.48,3.0,3.0,4.76,7.49,2.0,2.0,3.17,4.99,5.0,5.0,7.94,12.48,2.0,2.0,3.17,4.99,44.44,38.1,6.35,104.85,4.0,4.0,6.35,14.42,14.42,0.59,0.6,0.6,0.38,1.0,0.23,0.42,0.25,0.7,0.42,4.76,3.17,0.08,3.17,0.04
14,錢肯尼,臺北台新戰神,10879,簡廷兆,新北中信特攻,1,44,53.0,735.46,12.26,12:15,735.46,12.26,12:15,35.0,35.0,66.04,102.79,20.0,20.0,37.74,58.74,21.0,21.0,39.62,61.68,13.0,13.0,24.53,38.18,10.0,10.0,18.87,29.37,6.0,6.0,11.32,17.62,11.0,11.0,20.75,32.31,7.0,7.0,13.21,20.56,2.0,2.0,3.77,5.87,2.0,2.0,3.77,5.87,4.0,4.0,7.55,11.75,4.0,4.0,7.55,11.75,2.0,2.0,3.77,5.87,10.0,10.0,18.87,29.37,4.0,4.0,7.55,11.75,7.0,7.0,13.21,20.56,1.0,1.0,1.89,2.94,2.0,2.0,3.77,5.87,5.0,5.0,9.43,14.68,2.0,2.0,3.77,5.87,66.04,37.74,28.3,103.77,15.0,15.0,28.3,12.26,12.26,0.79,0.8,0.6,0.64,1.0,0.15,0.54,0.29,0.67,0.4,1.89,3.77,0.09,3.77,0.1
14845,恩多,臺北台新戰神,40,謝亞軒,新北中信特攻,1,19,23.0,309.99,5.17,05:10,309.99,5.17,05:10,14.0,14.0,60.87,97.55,10.0,10.0,43.48,69.68,9.0,9.0,39.13,62.71,5.0,5.0,21.74,34.84,4.0,4.0,17.39,27.87,1.0,1.0,4.35,6.97,5.0,5.0,21.74,34.84,4.0,4.0,17.39,27.87,0.0,0.0,0.0,0.0,0.0,0.0,0.0,0.0,1.0,1.0,4.35,6.97,3.0,3.0,13.04,20.9,1.0,1.0,4.35,6.97,4.0,4.0,17.39,27.87,1.0,1.0,4.35,6.97,3.0,3.0,13.04,20.9,0.0,0.0,0.0,0.0,0.0,0.0,0.0,0.0,3.0,3.0,13.04,20.9,2.0,2.0,8.7,13.94,60.87,43.48,17.39,106.84,4.0,4.0,17.39,5.17,5.17,0.78,0.78,0.25,0.8,,0.1,0.6,0.2,0.75,0.44,0.0,0.0,0.13,8.7,0.0
14845,恩多,臺北台新戰神,104,貝奇,新北中信特攻,1,29,35.0,530.97,8.85,08:51,530.97,8.85,08:51,18.0,18.0,51.43,73.22,12.0,12.0,34.29,48.82,13.0,13.0,37.14,52.88,7.0,7.0,20.0,28.48,9.0,9.0,25.71,36.61,4.0,4.0,11.43,16.27,4.0,4.0,11.43,16.27,3.0,3.0,8.57,12.2,1.0,1.0,2.86,4.07,1.0,1.0,2.86,4.07,2.0,2.0,5.71,8.14,4.0,4.0,11.43,16.27,1.0,1.0,2.86,4.07,8.0,8.0,22.86,32.54,3.0,3.0,8.57,12.2,3.0,3.0,8.57,12.2,1.0,1.0,2.86,4.07,0.0,0.0,0.0,0.0,4.0,4.0,11.43,16.27,0.0,0.0,0.0,0.0,51.43,34.29,17.14,94.92,6.0,6.0,17.14,8.85,8.85,0.65,0.67,0.44,0.75,1.0,0.18,0.43,0.2,0.8,0.4,2.86,0.0,0.11,0.0,0.08
14845,恩多,臺北台新戰神,10879,簡廷兆,新北中信特攻,1,28,33.0,486.17,8.1,08:06,486.17,8.1,08:06,28.0,28.0,84.85,124.4,10.0,10.0,30.3,44.43,14.0,14.0,42.42,62.2,10.0,10.0,30.3,44.43,7.0,7.0,21.21,31.1,4.0,4.0,12.12,17.77,7.0,7.0,21.21,31.1,6.0,6.0,18.18,26.66,2.0,2.0,6.06,8.89,2.0,2.0,6.06,8.89,2.0,2.0,6.06,8.89,2.0,2.0,6.06,8.89,1.0,1.0,3.03,4.44,8.0,8.0,24.24,35.54,1.0,1.0,3.03,4.44,5.0,5.0,15.15,22.21,0.0,0.0,0.0,0.0,0.0,0.0,0.0,0.0,4.0,4.0,12.12,17.77,2.0,2.0,6.06,8.89,84.85,30.3,54.55,97.74,18.0,18.0,54.55,8.1,8.1,0.93,0.94,0.57,0.86,1.0,0.06,0.5,0.2,0.67,0.31,0.0,0.0,0.12,6.06,0.14
47,曾文鼎,新北中信特攻,1,丁聖儒,臺北台新戰神,1,62,73.0,1040.13,17.34,17:20,1040.13,17.34,17:20,27.0,27.0,36.99,56.07,31.0,31.0,42.47,64.38,28.0,28.0,38.36,58.15,11.0,11.0,15.07,22.84,12.0,12.0,16.44,24.92,7.0,7.0,9.59,14.54,16.0,16.0,21.92,33.23,4.0,4.0,5.48,8.31,4.0,4.0,5.48,8.31,1.0,1.0,1.37,2.08,3.0,3.0,4.11,6.23,15.0,15.0,20.55,31.15,5.0,5.0,6.85,10.38,10.0,10.0,13.7,20.77,5.0,5.0,6.85,10.38,6.0,6.0,8.22,12.46,4.0,4.0,5.48,8.31,0.0,0.0,0.0,0.0,5.0,5.0,6.85,10.38,3.0,3.0,4.11,6.23,36.99,42.47,-5.48,101.06,-4.0,-4.0,-5.48,17.34,17.34,0.46,0.45,0.58,0.25,0.25,0.14,0.55,0.23,0.75,0.55,5.48,0.0,0.07,4.11,0.14
47,曾文鼎,新北中信特攻,5,黃聰翰,臺北台新戰神,1,52,60.0,878.83,14.65,14:39,878.83,14.65,14:39,20.0,20.0,33.33,49.16,27.0,27.0,45.0,66.36,24.0,24.0,40.0,58.99,8.0,8.0,13.33,19.66,10.0,10.0,16.67,24.58,5.0,5.0,8.33,12.29,14.0,14.0,23.33,34.41,3.0,3.0,5.0,7.37,4.0,4.0,6.67,9.83,1.0,1.0,1.67,2.46,3.0,3.0,5.0,7.37,14.0,14.0,23.33,34.41,3.0,3.0,5.0,7.37,9.0,9.0,15.0,22.12,4.0,4.0,6.67,9.83,4.0,4.0,6.67,9.83,3.0,3.0,5.0,7.37,0.0,0.0,0.0,0.0,5.0,5.0,8.33,12.29,3.0,3.0,5.0,7.37,33.33,45.0,-11.67,98.31,-7.0,-7.0,-11.67,14.65,14.65,0.4,0.39,0.5,0.21,0.25,0.13,0.5,0.25,0.82,0.59,5.0,0.0,0.08,5.0,0.17
47,曾文鼎,新北中信特攻,14,錢肯尼,臺北台新戰神,1,42,51.0,705.93,11.77,11:46,705.93,11.77,11:46,21.0,21.0,41.18,64.26,23.0,23.0,45.1,70.37,20.0,20.0,39.22,61.2,9.0,9.0,17.65,27.54,9.0,9.0,17.65,27.54,6.0,6.0,11.76,18.36,11.0,11.0,21.57,33.66,3.0,3.0,5.88,9.18,2.0,2.0,3.92,6.12,0.0,0.0,0.0,0.0,2.0,2.0,3.92,6.12,9.0,9.0,17.65,27.54,4.0,4.0,7.84,12.24,5.0,5.0,9.8,15.3,2.0,2.0,3.92,6.12,4.0,4.0,7.84,12.24,2.0,2.0,3.92,6.12,0.0,0.0,0.0,0.0,3.0,3.0,5.88,9.18,3.0,3.0,5.88,9.18,41.18,45.1,-3.92,104.03,-2.0,-2.0,-3.92,11.77,11.77,0.52,0.5,0.67,0.27,0.0,0.09,0.44,0.29,0.69,0.55,3.92,0.0,0.06,5.88,0.1
47,曾文鼎,新北中信特攻,10867,威力斯,臺北台新戰神,1,56,66.0,907.15,15.12,15:07,907.15,15.12,15:07,24.0,24.0,36.36,57.15,24.0,24.0,36.36,57.15,25.0,25.0,37.88,59.53,10.0,10.0,15.15,23.81,11.0,11.0,16.67,26.19,7.0,7.0,10.61,16.67,14.0,14.0,21.21,33.34,3.0,3.0,4.55,7.14,4.0,4.0,6.06,9.52,1.0,1.0,1.52,2.38,3.0,3.0,4.55,7.14,13.0,13.0,19.7,30.95,4.0,4.0,6.06,9.52,10.0,10.0,15.15,23.81,5.0,5.0,7.58,11.91,6.0,6.0,9.09,14.29,4.0,4.0,6.06,9.52,0.0,0.0,0.0,0.0,5.0,5.0,7.58,11.91,3.0,3.0,4.55,7.14,36.36,36.36,0.0,104.77,0.0,0.0,0.0,15.12,15.12,0.46,0.45,0.64,0.21,0.25,0.16,0.6,0.23,0.76,0.53,6.06,0.0,0.08,4.55,0.16
47,曾文鼎,新北中信特攻,13907,梅克,臺北台新戰神,1,44,51.0,716.13,11.94,11:56,716.13,11.94,11:56,18.0,18.0,35.29,54.29,23.0,23.0,45.1,69.37,19.0,19.0,37.25,57.31,7.0,7.0,13.73,21.11,8.0,8.0,15.69,24.13,4.0,4.0,7.84,12.06,11.0,11.0,21.57,33.18,3.0,3.0,5.88,9.05,4.0,4.0,7.84,12.06,1.0,1.0,1.96,3.02,2.0,2.0,3.92,6.03,11.0,11.0,21.57,33.18,4.0,4.0,7.84,12.06,7.0,7.0,13.73,21.11,3.0,3.0,5.88,9.05,4.0,4.0,7.84,12.06,3.0,3.0,5.88,9.05,0.0,0.0,0.0,0.0,3.0,3.0,5.88,9.05,2.0,2.0,3.92,6.03,35.29,45.1,-9.8,102.55,-5.0,-5.0,-9.8,11.94,11.94,0.45,0.43,0.5,0.27,0.25,0.13,0.57,0.22,0.73,0.54,5.88,0.0,0.06,3.92,0.21
1,丁聖儒,臺北台新戰神,47,曾文鼎,新北中信特攻,1,62,73.0,1040.13,17.34,17:20,1040.13,17.34,17:20,31.0,31.0,42.47,64.38,27.0,27.0,36.99,56.07,28.0,28.0,38.36,58.15,13.0,13.0,17.81,27.0,18.0,18.0,24.66,37.38,10.0,10.0,13.7,20.77,10.0,10.0,13.7,20.77,3.0,3.0,4.11,6.23,3.0,3.0,4.11,6.23,2.0,2.0,2.74,4.15,5.0,5.0,6.85,10.38,10.0,10.0,13.7,20.77,3.0,3.0,4.11,6.23,15.0,15.0,20.55,31.15,8.0,8.0,10.96,16.61,6.0,6.0,8.22,12.46,3.0,3.0,4.11,6.23,2.0,2.0,2.74,4.15,8.0,8.0,10.96,16.61,4.0,4.0,5.48,8.31,42.47,36.99,5.48,101.06,4.0,4.0,5.48,17.34,17.34,0.52,0.53,0.56,0.3,0.67,0.21,0.46,0.25,0.77,0.45,4.11,2.74,0.11,5.48,0.11
5,黃聰翰,臺北台新戰神,47,曾文鼎,新北中信特攻,1,52,60.0,878.83,14.65,14:39,878.83,14.65,14:39,27.0,27.0,45.0,66.36,20.0,20.0,33.33,49.16,23.0,23.0,38.33,56.53,11.0,11.0,18.33,27.04,15.0,15.0,25.0,36.87,8.0,8.0,13.33,19.66,8.0,8.0,13.33,19.66,3.0,3.0,5.0,7.37,3.0,3.0,5.0,7.37,2.0,2.0,3.33,4.92,3.0,3.0,5.0,7.37,9.0,9.0,15.0,22.12,3.0,3.0,5.0,7.37,14.0,14.0,23.33,34.41,5.0,5.0,8.33,12.29,5.0,5.0,8.33,12.29,2.0,2.0,3.33,4.92,0.0,0.0,0.0,0.0,7.0,7.0,11.67,17.2,4.0,4.0,6.67,9.83,45.0,33.33,11.67,98.31,7.0,7.0,11.67,14.65,14.65,0.54,0.56,0.53,0.38,0.67,0.17,0.45,0.18,0.75,0.41,3.33,0.0,0.12,6.67,0.13
14,錢肯尼,臺北台新戰神,47,曾文鼎,新北中信特攻,1,42,51.0,705.93,11.77,11:46,705.93,11.77,11:46,23.0,23.0,45.1,70.37,21.0,21.0,41.18,64.26,19.0,19.0,37.25,58.14,10.0,10.0,19.61,30.6,14.0,14.0,27.45,42.84,9.0,9.0,17.65,27.54,5.0,5.0,9.8,15.3,1.0,1.0,1.96,3.06,3.0,3.0,5.88,9.18,2.0,2.0,3.92,6.12,4.0,4.0,7.84,12.24,5.0,5.0,9.8,15.3,2.0,2.0,3.92,6.12,9.0,9.0,17.65,27.54,7.0,7.0,13.73,21.42,3.0,3.0,5.88,9.18,3.0,3.0,5.88,9.18,2.0,2.0,3.92,6.12,5.0,5.0,9.8,15.3,2.0,2.0,3.92,6.12,45.1,41.18,3.92,104.03,2.0,2.0,3.92,11.77,11.77,0.55,0.57,0.64,0.2,0.67,0.26,0.3,0.31,0.71,0.45,5.88,3.92,0.1,3.92,0.16
10867,威力斯,臺北台新戰神,47,曾文鼎,新北中信特攻,1,56,66.0,907.15,15.12,15:07,907.15,15.12,15:07,24.0,24.0,36.36,57.15,24.0,24.0,36.36,57.15,24.0,24.0,36.36,57.15,10.0,10.0,15.15,23.81,15.0,15.0,22.73,35.72,8.0,8.0,12.12,19.05,9.0,9.0,13.64,21.43,2.0,2.0,3.03,4.76,3.0,3.0,4.55,7.14,2.0,2.0,3.03,4.76,4.0,4.0,6.06,9.52,10.0,10.0,15.15,23.81,3.0,3.0,4.55,7.14,13.0,13.0,19.7,30.95,8.0,8.0,12.12,19.05,5.0,5.0,7.58,11.91,3.0,3.0,4.55,7.14,2.0,2.0,3.03,4.76,7.0,7.0,10.61,16.67,4.0,4.0,6.06,9.52,36.36,36.36,0.0,104.77,0.0,0.0,0.0,15.12,15.12,0.46,0.47,0.53,0.22,0.67,0.24,0.5,0.24,0.77,0.47,4.55,3.03,0.11,6.06,0.12
13907,梅克,臺北台新戰神,47,曾文鼎,新北中信特攻,1,44,51.0,716.13,11.94,11:56,716.13,11.94,11:56,23.0,23.0,45.1,69.37,18.0,18.0,35.29,54.29,21.0,21.0,41.18,63.34,10.0,10.0,19.61,30.16,13.0,13.0,25.49,39.21,8.0,8.0,15.69,24.13,8.0,8.0,15.69,24.13,2.0,2.0,3.92,6.03,2.0,2.0,3.92,6.03,1.0,1.0,1.96,3.02,4.0,4.0,7.84,12.06,7.0,7.0,13.73,21.11,2.0,2.0,3.92,6.03,11.0,11.0,21.57,33.18,5.0,5.0,9.8,15.08,5.0,5.0,9.8,15.08,2.0,2.0,3.92,6.03,2.0,2.0,3.92,6.03,6.0,6.0,11.76,18.1,4.0,4.0,7.84,12.06,45.1,35.29,9.8,102.55,5.0,5.0,9.8,11.94,11.94,0.52,0.53,0.62,0.25,0.5,0.19,0.5,0.27,0.78,0.46,3.92,3.92,0.12,7.84,0.1
47,曾文鼎,新北中信特攻,14845,恩多,臺北台新戰神,1,24,29.0,456.97,7.62,07:37,456.97,7.62,07:37,12.0,12.0,41.38,56.72,15.0,15.0,51.72,70.9,12.0,12.0,41.38,56.72,5.0,5.0,17.24,23.63,5.0,5.0,17.24,23.63,3.0,3.0,10.34,14.18,7.0,7.0,24.14,33.09,2.0,2.0,6.9,9.45,0.0,0.0,0.0,0.0,0.0,0.0,0.0,0.0,1.0,1.0,3.45,4.73,6.0,6.0,20.69,28.36,2.0,2.0,6.9,9.45,3.0,3.0,10.34,14.18,2.0,2.0,6.9,9.45,2.0,2.0,6.9,9.45,1.0,1.0,3.45,4.73,0.0,0.0,0.0,0.0,2.0,2.0,6.9,9.45,1.0,1.0,3.45,4.73,41.38,51.72,-10.34,91.38,-3.0,-3.0,-10.34,7.62,7.62,0.5,0.5,0.6,0.29,,0.14,0.4,0.25,0.75,0.58,3.45,0.0,0.07,3.45,0.0
14845,恩多,臺北台新戰神,47,曾文鼎,新北中信特攻,1,24,29.0,456.97,7.62,07:37,456.97,7.62,07:37,15.0,15.0,51.72,70.9,12.0,12.0,41.38,56.72,11.0,11.0,37.93,51.99,6.0,6.0,20.69,28.36,8.0,8.0,27.59,37.81,4.0,4.0,13.79,18.91,3.0,3.0,10.34,14.18,2.0,2.0,6.9,9.45,1.0,1.0,3.45,4.73,1.0,1.0,3.45,4.73,2.0,2.0,6.9,9.45,3.0,3.0,10.34,14.18,1.0,1.0,3.45,4.73,6.0,6.0,20.69,28.36,3.0,3.0,10.34,14.18,2.0,2.0,6.9,9.45,1.0,1.0,3.45,4.73,0.0,0.0,0.0,0.0,3.0,3.0,10.34,14.18,0.0,0.0,0.0,0.0,51.72,41.38,10.34,91.38,3.0,3.0,10.34,7.62,7.62,0.64,0.66,0.5,0.67,1.0,0.21,0.33,0.25,0.75,0.42,3.45,0.0,0.1,0.0,0.09
47,曾文鼎,新北中信特攻,13,陳冠全,臺北台新戰神,1,10,13.0,161.29,2.69,02:41,161.29,2.69,02:41,7.0,7.0,53.85,93.74,4.0,4.0,30.77,53.57,4.0,4.0,30.77,53.57,3.0,3.0,23.08,40.18,2.0,2.0,15.38,26.78,2.0,2.0,15.38,26.78,2.0,2.0,15.38,26.78,1.0,1.0,7.69,13.39,0.0,0.0,0.0,0.0,0.0,0.0,0.0,0.0,0.0,0.0,0.0,0.0,1.0,1.0,7.69,13.39,2.0,2.0,15.38,26.78,1.0,1.0,7.69,13.39,1.0,1.0,7.69,13.39,2.0,2.0,15.38,26.78,1.0,1.0,7.69,13.39,0.0,0.0,0.0,0.0,0.0,0.0,0.0,0.0,0.0,0.0,0.0,0.0,53.85,30.77,23.08,116.06,3.0,3.0,23.08,2.69,2.69,0.88,0.88,1.0,0.5,,0.2,0.67,0.0,0.33,0.25,7.69,0.0,0.0,0.0,0.0
104,貝奇,新北中信特攻,13,陳冠全,臺北台新戰神,1,10,13.0,161.29,2.69,02:41,161.29,2.69,02:41,7.0,7.0,53.85,93.74,4.0,4.0,30.77,53.57,4.0,4.0,30.77,53.57,3.0,3.0,23.08,40.18,2.0,2.0,15.38,26.78,2.0,2.0,15.38,26.78,2.0,2.0,15.38,26.78,1.0,1.0,7.69,13.39,0.0,0.0,0.0,0.0,0.0,0.0,0.0,0.0,0.0,0.0,0.0,0.0,1.0,1.0,7.69,13.39,2.0,2.0,15.38,26.78,1.0,1.0,7.69,13.39,1.0,1.0,7.69,13.39,2.0,2.0,15.38,26.78,1.0,1.0,7.69,13.39,0.0,0.0,0.0,0.0,0.0,0.0,0.0,0.0,0.0,0.0,0.0,0.0,53.85,30.77,23.08,116.06,3.0,3.0,23.08,2.69,2.69,0.88,0.88,1.0,0.5,,0.2,0.67,0.0,0.33,0.25,7.69,0.0,0.0,0.0,0.0
10877,阿巴西,新北中信特攻,13,陳冠全,臺北台新戰神,1,10,13.0,161.29,2.69,02:41,161.29,2.69,02:41,7.0,7.0,53.85,93.74,4.0,4.0,30.77,53.57,4.0,4.0,30.77,53.57,3.0,3.0,23.08,40.18,2.0,2.0,15.38,26.78,2.0,2.0,15.38,26.78,2.0,2.0,15.38,26.78,1.0,1.0,7.69,13.39,0.0,0.0,0.0,0.0,0.0,0.0,0.0,0.0,0.0,0.0,0.0,0.0,1.0,1.0,7.69,13.39,2.0,2.0,15.38,26.78,1.0,1.0,7.69,13.39,1.0,1.0,7.69,13.39,2.0,2.0,15.38,26.78,1.0,1.0,7.69,13.39,0.0,0.0,0.0,0.0,0.0,0.0,0.0,0.0,0.0,0.0,0.0,0.0,53.85,30.77,23.08,116.06,3.0,3.0,23.08,2.69,2.69,0.88,0.88,1.0,0.5,,0.2,0.67,0.0,0.33,0.25,7.69,0.0,0.0,0.0,0.0
10879,簡廷兆,新北中信特攻,13,陳冠全,臺北台新戰神,1,10,13.0,161.29,2.69,02:41,161.29,2.69,02:41,7.0,7.0,53.85,93.74,4.0,4.0,30.77,53.57,4.0,4.0,30.77,53.57,3.0,3.0,23.08,40.18,2.0,2.0,15.38,26.78,2.0,2.0,15.38,26.78,2.0,2.0,15.38,26.78,1.0,1.0,7.69,13.39,0.0,0.0,0.0,0.0,0.0,0.0,0.0,0.0,0.0,0.0,0.0,0.0,1.0,1.0,7.69,13.39,2.0,2.0,15.38,26.78,1.0,1.0,7.69,13.39,1.0,1.0,7.69,13.39,2.0,2.0,15.38,26.78,1.0,1.0,7.69,13.39,0.0,0.0,0.0,0.0,0.0,0.0,0.0,0.0,0.0,0.0,0.0,0.0,53.85,30.77,23.08,116.06,3.0,3.0,23.08,2.69,2.69,0.88,0.88,1.0,0.5,,0.2,0.67,0.0,0.33,0.25,7.69,0.0,0.0,0.0,0.0
10881,飛克,新北中信特攻,13,陳冠全,臺北台新戰神,1,10,13.0,161.29,2.69,02:41,161.29,2.69,02:41,7.0,7.0,53.85,93.74,4.0,4.0,30.77,53.57,4.0,4.0,30.77,53.57,3.0,3.0,23.08,40.18,2.0,2.0,15.38,26.78,2.0,2.0,15.38,26.78,2.0,2.0,15.38,26.78,1.0,1.0,7.69,13.39,0.0,0.0,0.0,0.0,0.0,0.0,0.0,0.0,0.0,0.0,0.0,0.0,1.0,1.0,7.69,13.39,2.0,2.0,15.38,26.78,1.0,1.0,7.69,13.39,1.0,1.0,7.69,13.39,2.0,2.0,15.38,26.78,1.0,1.0,7.69,13.39,0.0,0.0,0.0,0.0,0.0,0.0,0.0,0.0,0.0,0.0,0.0,0.0,53.85,30.77,23.08,116.06,3.0,3.0,23.08,2.69,2.69,0.88,0.88,1.0,0.5,,0.2,0.67,0.0,0.33,0.25,7.69,0.0,0.0,0.0,0.0
13,陳冠全,臺北台新戰神,47,曾文鼎,新北中信特攻,1,10,13.0,161.29,2.69,02:41,161.29,2.69,02:41,4.0,4.0,30.77,53.57,7.0,7.0,53.85,93.74,5.0,5.0,38.46,66.96,2.0,2.0,15.38,26.78,3.0,3.0,23.08,40.18,2.0,2.0,15.38,26.78,2.0,2.0,15.38,26.78,0.0,0.0,0.0,0.0,0.0,0.0,0.0,0.0,0.0,0.0,0.0,0.0,2.0,2.0,15.38,26.78,1.0,1.0,7.69,13.39,0.0,0.0,0.0,0.0,1.0,1.0,7.69,13.39,3.0,3.0,23.08,40.18,1.0,1.0,7.69,13.39,1.0,1.0,7.69,13.39,2.0,2.0,15.38,26.78,1.0,1.0,7.69,13.39,0.0,0.0,0.0,0.0,30.77,53.85,-23.08,116.06,-3.0,-3.0,-23.08,2.69,2.69,0.4,0.4,0.67,0.0,,0.38,0.5,0.67,1.0,0.75,7.69,15.38,0.08,0.0,0.0
13,陳冠全,臺北台新戰神,104,貝奇,新北中信特攻,1,10,13.0,161.29,2.69,02:41,161.29,2.69,02:41,4.0,4.0,30.77,53.57,7.0,7.0,53.85,93.74,5.0,5.0,38.46,66.96,2.0,2.0,15.38,26.78,3.0,3.0,23.08,40.18,2.0,2.0,15.38,26.78,2.0,2.0,15.38,26.78,0.0,0.0,0.0,0.0,0.0,0.0,0.0,0.0,0.0,0.0,0.0,0.0,2.0,2.0,15.38,26.78,1.0,1.0,7.69,13.39,0.0,0.0,0.0,0.0,1.0,1.0,7.69,13.39,3.0,3.0,23.08,40.18,1.0,1.0,7.69,13.39,1.0,1.0,7.69,13.39,2.0,2.0,15.38,26.78,1.0,1.0,7.69,13.39,0.0,0.0,0.0,0.0,30.77,53.85,-23.08,116.06,-3.0,-3.0,-23.08,2.69,2.69,0.4,0.4,0.67,0.0,,0.38,0.5,0.67,1.0,0.75,7.69,15.38,0.08,0.0,0.0
13,陳冠全,臺北台新戰神,10877,阿巴西,新北中信特攻,1,10,13.0,161.29,2.69,02:41,161.29,2.69,02:41,4.0,4.0,30.77,53.57,7.0,7.0,53.85,93.74,5.0,5.0,38.46,66.96,2.0,2.0,15.38,26.78,3.0,3.0,23.08,40.18,2.0,2.0,15.38,26.78,2.0,2.0,15.38,26.78,0.0,0.0,0.0,0.0,0.0,0.0,0.0,0.0,0.0,0.0,0.0,0.0,2.0,2.0,15.38,26.78,1.0,1.0,7.69,13.39,0.0,0.0,0.0,0.0,1.0,1.0,7.69,13.39,3.0,3.0,23.08,40.18,1.0,1.0,7.69,13.39,1.0,1.0,7.69,13.39,2.0,2.0,15.38,26.78,1.0,1.0,7.69,13.39,0.0,0.0,0.0,0.0,30.77,53.85,-23.08,116.06,-3.0,-3.0,-23.08,2.69,2.69,0.4,0.4,0.67,0.0,,0.38,0.5,0.67,1.0,0.75,7.69,15.38,0.08,0.0,0.0
13,陳冠全,臺北台新戰神,10879,簡廷兆,新北中信特攻,1,10,13.0,161.29,2.69,02:41,161.29,2.69,02:41,4.0,4.0,30.77,53.57,7.0,7.0,53.85,93.74,5.0,5.0,38.46,66.96,2.0,2.0,15.38,26.78,3.0,3.0,23.08,40.18,2.0,2.0,15.38,26.78,2.0,2.0,15.38,26.78,0.0,0.0,0.0,0.0,0.0,0.0,0.0,0.0,0.0,0.0,0.0,0.0,2.0,2.0,15.38,26.78,1.0,1.0,7.69,13.39,0.0,0.0,0.0,0.0,1.0,1.0,7.69,13.39,3.0,3.0,23.08,40.18,1.0,1.0,7.69,13.39,1.0,1.0,7.69,13.39,2.0,2.0,15.38,26.78,1.0,1.0,7.69,13.39,0.0,0.0,0.0,0.0,30.77,53.85,-23.08,116.06,-3.0,-3.0,-23.08,2.69,2.69,0.4,0.4,0.67,0.0,,0.38,0.5,0.67,1.0,0.75,7.69,15.38,0.08,0.0,0.0
13,陳冠全,臺北台新戰神,10881,飛克,新北中信特攻,1,10,13.0,161.29,2.69,02:41,161.29,2.69,02:41,4.0,4.0,30.77,53.57,7.0,7.0,53.85,93.74,5.0,5.0,38.46,66.96,2.0,2.0,15.38,26.78,3.0,3.0,23.08,40.18,2.0,2.0,15.38,26.78,2.0,2.0,15.38,26.78,0.0,0.0,0.0,0.0,0.0,0.0,0.0,0.0,0.0,0.0,0.0,0.0,2.0,2.0,15.38,26.78,1.0,1.0,7.69,13.39,0.0,0.0,0.0,0.0,1.0,1.0,7.69,13.39,3.0,3.0,23.08,40.18,1.0,1.0,7.69,13.39,1.0,1.0,7.69,13.39,2.0,2.0,15.38,26.78,1.0,1.0,7.69,13.39,0.0,0.0,0.0,0.0,30.77,53.85,-23.08,116.06,-3.0,-3.0,-23.08,2.69,2.69,0.4,0.4,0.67,0.0,,0.38,0.5,0.67,1.0,0.75,7.69,15.38,0.08,0.0,0.0
47,曾文鼎,新北中信特攻,10864,劉彥廷,臺北台新戰神,1,9,11.0,133.0,2.22,02:13,133.0,2.22,02:13,6.0,6.0,54.55,97.44,5.0,5.0,45.45,81.2,4.0,4.0,36.36,64.96,2.0,2.0,18.18,32.48,1.0,1.0,9.09,16.24,1.0,1.0,9.09,16.24,3.0,3.0,27.27,48.72,1.0,1.0,9.09,16.24,2.0,2.0,18.18,32.48,1.0,1.0,9.09,16.24,1.0,1.0,9.09,16.24,2.0,2.0,18.18,32.48,1.0,1.0,9.09,16.24,2.0,2.0,18.18,32.48,1.0,1.0,9.09,16.24,2.0,2.0,18.18,32.48,1.0,1.0,9.09,16.24,0.0,0.0,0.0,0.0,1.0,1.0,9.09,16.24,0.0,0.0,0.0,0.0,54.55,45.45,9.09,119.1,1.0,1.0,9.09,2.22,2.22,0.62,0.61,1.0,0.33,0.5,0.17,1.0,0.33,0.67,0.5,9.09,0.0,0.09,0.0,0.5
10864,劉彥廷,臺北台新戰神,47,曾文鼎,新北中信特攻,1,9,11.0,133.0,2.22,02:13,133.0,2.22,02:13,5.0,5.0,45.45,81.2,6.0,6.0,54.55,97.44,5.0,5.0,45.45,81.2,2.0,2.0,18.18,32.48,3.0,3.0,27.27,48.72,1.0,1.0,9.09,16.24,2.0,2.0,18.18,32.48,1.0,1.0,9.09,16.24,0.0,0.0,0.0,0.0,0.0,0.0,0.0,0.0,1.0,1.0,9.09,16.24,2.0,2.0,18.18,32.48,1.0,1.0,9.09,16.24,2.0,2.0,18.18,32.48,0.0,0.0,0.0,0.0,2.0,2.0,18.18,32.48,0.0,0.0,0.0,0.0,0.0,0.0,0.0,0.0,1.0,1.0,9.09,16.24,2.0,2.0,18.18,32.48,45.45,54.55,-9.09,119.1,-1.0,-1.0,-9.09,2.22,2.22,0.5,0.5,0.33,0.5,,0.0,1.0,0.33,0.67,0.5,0.0,0.0,0.09,18.18,0.0
43,林韋翰,新北中信特攻,3,陳文宏,臺北台新戰神,1,25,26.0,298.4,4.97,04:58,298.4,4.97,04:58,7.0,7.0,26.92,50.67,9.0,9.0,34.62,65.15,9.0,9.0,34.62,65.15,1.0,1.0,3.85,7.24,6.0,6.0,23.08,43.43,1.0,1.0,3.85,7.24,3.0,3.0,11.54,21.72,0.0,0.0,0.0,0.0,5.0,5.0,19.23,36.19,5.0,5.0,19.23,36.19,1.0,1.0,3.85,7.24,6.0,6.0,23.08,43.43,0.0,0.0,0.0,0.0,2.0,2.0,7.69,14.48,3.0,3.0,11.54,21.72,1.0,1.0,3.85,7.24,1.0,1.0,3.85,7.24,1.0,1.0,3.85,7.24,2.0,2.0,7.69,14.48,2.0,2.0,7.69,14.48,26.92,34.62,-7.69,125.47,-2.0,-2.0,-7.69,4.97,4.97,0.11,0.31,0.17,0.0,1.0,0.21,1.0,0.33,1.0,0.78,3.85,3.85,0.08,7.69,0.56
47,曾文鼎,新北中信特攻,3,陳文宏,臺北台新戰神,1,11,11.0,201.19,3.35,03:21,201.19,3.35,03:21,0.0,0.0,0.0,0.0,3.0,3.0,27.27,32.21,4.0,4.0,36.36,42.94,0.0,0.0,0.0,0.0,2.0,2.0,18.18,21.47,0.0,0.0,0.0,0.0,2.0,2.0,18.18,21.47,0.0,0.0,0.0,0.0,0.0,0.0,0.0,0.0,0.0,0.0,0.0,0.0,0.0,0.0,0.0,0.0,4.0,4.0,36.36,42.94,0.0,0.0,0.0,0.0,3.0,3.0,27.27,32.21,2.0,2.0,18.18,21.47,0.0,0.0,0.0,0.0,1.0,1.0,9.09,10.74,0.0,0.0,0.0,0.0,1.0,1.0,9.09,10.74,0.0,0.0,0.0,0.0,0.0,27.27,-27.27,78.73,-3.0,-3.0,-27.27,3.35,3.35,0.0,0.0,0.0,0.0,,0.33,,0.0,1.0,0.57,9.09,0.0,0.09,0.0,0.0
3,陳文宏,臺北台新戰神,43,林韋翰,新北中信特攻,1,25,26.0,298.4,4.97,04:58,298.4,4.97,04:58,9.0,9.0,34.62,65.15,7.0,7.0,26.92,50.67,5.0,5.0,19.23,36.19,3.0,3.0,11.54,21.72,3.0,3.0,11.54,21.72,2.0,2.0,7.69,14.48,2.0,2.0,7.69,14.48,1.0,1.0,3.85,7.24,2.0,2.0,7.69,14.48,2.0,2.0,7.69,14.48,0.0,0.0,0.0,0.0,2.0,2.0,7.69,14.48,1.0,1.0,3.85,7.24,6.0,6.0,23.08,43.43,5.0,5.0,19.23,36.19,3.0,3.0,11.54,21.72,2.0,2.0,7.69,14.48,0.0,0.0,0.0,0.0,2.0,2.0,7.69,14.48,5.0,5.0,19.23,36.19,34.62,26.92,7.69,125.47,2.0,2.0,7.69,4.97,4.97,0.7,0.77,0.67,0.5,1.0,0.46,1.0,0.0,0.67,0.22,7.69,0.0,0.08,19.23,0.4
3,陳文宏,臺北台新戰神,47,曾文鼎,新北中信特攻,1,11,11.0,201.19,3.35,03:21,201.19,3.35,03:21,3.0,3.0,27.27,32.21,0.0,0.0,0.0,0.0,4.0,4.0,36.36,42.94,1.0,1.0,9.09,10.74,1.0,1.0,9.09,10.74,0.0,0.0,0.0,0.0,3.0,3.0,27.27,32.21,1.0,1.0,9.09,10.74,0.0,0.0,0.0,0.0,0.0,0.0,0.0,0.0,0.0,0.0,0.0,0.0,3.0,3.0,27.27,32.21,0.0,0.0,0.0,0.0,4.0,4.0,36.36,42.94,1.0,1.0,9.09,10.74,1.0,1.0,9.09,10.74,0.0,0.0,0.0,0.0,0.0,0.0,0.0,0.0,2.0,2.0,18.18,21.47,0.0,0.0,0.0,0.0,27.27,0.0,27.27,78.73,3.0,3.0,27.27,3.35,3.35,0.38,0.38,0.0,0.33,,0.2,1.0,0.0,1.0,0.43,0.0,0.0,0.18,0.0,0.0
