lineup_size,team_name,lineup_player_ids,lineup_player_names,games_used,stint_count,possessions,sec_played,min_played,min_played_str,sec_per_game,min_per_game,min_per_game_str,PTS,PTS_per_game,PTS_per100,PTS_per36,PTS_allowed,PTS_allowed_per_game,PTS_allowed_per100,PTS_allowed_per36,FGA,FGA_per_game,FGA_per100,FGA_per36,FGM,FGM_per_game,FGM_per100,FGM_per36,2PA,2PA_per_game,2PA_per100,2PA_per36,2PM,2PM_per_game,2PM_per100,2PM_per36,3PA,3PA_per_game,3PA_per100,3PA_per36,3PM,3PM_per_game,3PM_per100,3PM_per36,FTA,FTA_per_game,FTA_per100,FTA_per36,FTM,FTM_per_game,FTM_per100,FTM_per36,ORB,ORB_per_game,ORB_per100,ORB_per36,DRB,DRB_per_game,DRB_per100,DRB_per36,ORB_allowed,ORB_allowed_per_game,ORB_allowed_per100,ORB_allowed_per36,DRB_allowed,DRB_allowed_per_game,DRB_allowed_per100,DRB_allowed_per36,TOV,TOV_per_game,TOV_per100,TOV_per36,AST,AST_per_game,AST_per100,AST_per36,STL,STL_per_game,STL_per100,STL_per36,BLK,BLK_per_game,BLK_per100,BLK_per36,Fouls,Fouls_per_game,Fouls_per100,Fouls_per36,FT_allowed,FT_allowed_per_game,FT_allowed_per100,FT_allowed_per36,ORtg,DRtg,NetRtg,PACE,PM_total,PM_per_game,PM_per100,MIN_total,MIN_per_game,eFG,TS,FG2_pct,FG3_pct,FT_pct,TOV_pct,AST_ratio,ORB_pct,DRB_pct,TRB_pct,STL_pct,BLK_pct,Foul_per_poss,FT_allowed_rate_per100,FT_rate
5,福爾摩沙夢想家,79|89|103|106|13906,張宗憲/蔣淯安/忻沃克/高柏鎧/班提爾,1,43,46.0,654.34,10.91,10:54,654.34,10.91,10:54,27.0,27.0,58.7,89.13,17.0,17.0,36.96,56.12,19.0,19.0,41.3,62.72,11.0,11.0,23.91,36.31,13.0,13.0,28.26,42.91,8.0,8.0,17.39,26.41,6.0,6.0,13.04,19.81,3.0,3.0,6.52,9.9,4.0,4.0,8.7,13.2,2.0,2.0,4.35,6.6,3.0,3.0,6.52,9.9,7.0,7.0,15.22,23.11,2.0,2.0,4.35,6.6,13.0,13.0,28.26,42.91,3.0,3.0,6.52,9.9,3.0,3.0,6.52,9.9,3.0,3.0,6.52,9.9,0.0,0.0,0.0,0.0,6.0,6.0,13.04,19.81,1.0,1.0,2.17,3.3,58.7,36.96,21.74,101.23,10.0,10.0,21.74,10.91,10.91,0.66,0.65,0.62,0.5,0.5,0.13,0.27,0.19,0.78,0.4,6.52,0.0,0.13,2.17,0.21
5,新北國王,29|32|10872|10874|10875,林書緯/奧帝/林彥廷/熊祥泰/傑登,1,33,36.0,512.22,8.54,08:32,512.22,8.54,08:32,13.0,13.0,36.11,54.82,24.0,24.0,66.67,101.21,16.0,16.0,44.44,67.47,5.0,5.0,13.89,21.08,8.0,8.0,22.22,33.74,3.0,3.0,8.33,12.65,8.0,8.0,22.22,33.74,2.0,2.0,5.56,8.43,2.0,2.0,5.56,8.43,1.0,1.0,2.78,4.22,2.0,2.0,5.56,8.43,10.0,10.0,27.78,42.17,1.0,1.0,2.78,4.22,5.0,5.0,13.89,21.08,1.0,1.0,2.78,4.22,3.0,3.0,8.33,12.65,0.0,0.0,0.0,0.0,0.0,0.0,0.0,0.0,2.0,2.0,5.56,8.43,5.0,5.0,13.89,21.08,36.11,66.67,-30.56,101.21,-11.0,-11.0,-30.56,8.54,8.54,0.38,0.39,0.38,0.25,0.5,0.06,0.6,0.29,0.91,0.67,0.0,0.0,0.06,13.89,0.12
5,福爾摩沙夢想家,77|89|103|13777|13906,馬建豪/蔣淯安/忻沃克/布依德/班提爾,1,5,5.0,68.62,1.14,01:09,68.62,1.14,01:09,2.0,2.0,40.0,62.95,2.0,2.0,40.0,62.95,2.0,2.0,40.0,62.95,1.0,1.0,20.0,31.48,2.0,2.0,40.0,62.95,1.0,1.0,20.0,31.48,0.0,0.0,0.0,0.0,0.0,0.0,0.0,0.0,0.0,0.0,0.0,0.0,0.0,0.0,0.0,0.0,0.0,0.0,0.0,0.0,1.0,1.0,20.0,31.48,0.0,0.0,0.0,0.0,1.0,1.0,20.0,31.48,1.0,1.0,20.0,31.48,0.0,0.0,0.0,0.0,0.0,0.0,0.0,0.0,0.0,0.0,0.0,0.0,1.0,1.0,20.0,31.48,0.0,0.0,0.0,0.0,40.0,40.0,0.0,104.92,0.0,0.0,0.0,1.14,1.14,0.5,0.5,0.5,,,0.33,0.0,0.0,1.0,0.5,0.0,0.0,0.2,0.0,0.0
5,新北國王,24|29|32|10872|13029,蘇士軒/林書緯/奧帝/林彥廷/杰倫,1,23,26.0,358.18,5.97,05:58,358.18,5.97,05:58,7.0,7.0,26.92,42.21,16.0,16.0,61.54,96.49,8.0,8.0,30.77,48.24,3.0,3.0,11.54,18.09,3.0,3.0,11.54,18.09,2.0,2.0,7.69,12.06,5.0,5.0,19.23,30.15,1.0,1.0,3.85,6.03,0.0,0.0,0.0,0.0,0.0,0.0,0.0,0.0,1.0,1.0,3.85,6.03,4.0,4.0,15.38,24.12,1.0,1.0,3.85,6.03,4.0,4.0,15.38,24.12,5.0,5.0,19.23,30.15,1.0,1.0,3.85,6.03,3.0,3.0,11.54,18.09,0.0,0.0,0.0,0.0,1.0,1.0,3.85,6.03,0.0,0.0,0.0,0.0,26.92,61.54,-34.62,104.53,-9.0,-9.0,-34.62,5.97,5.97,0.44,0.44,0.67,0.2,,0.38,0.33,0.2,0.8,0.5,11.54,0.0,0.04,0.0,0.0
5,福爾摩沙夢想家,77|79|89|13777|13906,馬建豪/張宗憲/蔣淯安/布依德/班提爾,1,17,18.0,235.05,3.92,03:55,235.05,3.92,03:55,10.0,10.0,55.56,91.9,4.0,4.0,22.22,36.76,8.0,8.0,44.44,73.52,5.0,5.0,27.78,45.95,6.0,6.0,33.33,55.14,5.0,5.0,27.78,45.95,2.0,2.0,11.11,18.38,0.0,0.0,0.0,0.0,0.0,0.0,0.0,0.0,0.0,0.0,0.0,0.0,0.0,0.0,0.0,0.0,3.0,3.0,16.67,27.57,1.0,1.0,5.56,9.19,4.0,4.0,22.22,36.76,0.0,0.0,0.0,0.0,1.0,1.0,5.56,9.19,0.0,0.0,0.0,0.0,0.0,0.0,0.0,0.0,0.0,0.0,0.0,0.0,0.0,0.0,0.0,0.0,55.56,22.22,33.33,110.27,6.0,6.0,33.33,3.92,3.92,0.62,0.62,0.83,0.0,,0.0,0.2,0.0,0.75,0.38,0.0,0.0,0.0,0.0,0.0
5,福爾摩沙夢想家,77|79|86|106|13777,馬建豪/張宗憲/林俊吉/高柏鎧/布依德,1,12,17.0,228.48,3.81,03:48,228.48,3.81,03:48,5.0,5.0,29.41,47.27,9.0,9.0,52.94,85.08,9.0,9.0,52.94,85.08,2.0,2.0,11.76,18.91,5.0,5.0,29.41,47.27,1.0,1.0,5.88,9.45,4.0,4.0,23.53,37.81,1.0,1.0,5.88,9.45,0.0,0.0,0.0,0.0,0.0,0.0,0.0,0.0,4.0,4.0,23.53,37.81,2.0,2.0,11.76,18.91,1.0,1.0,5.88,9.45,3.0,3.0,17.65,28.36,1.0,1.0,5.88,9.45,1.0,1.0,5.88,9.45,1.0,1.0,5.88,9.45,1.0,1.0,5.88,9.45,1.0,1.0,5.88,9.45,2.0,2.0,11.76,18.91,29.41,52.94,-23.53,107.14,-4.0,-4.0,-23.53,3.81,3.81,0.28,0.28,0.2,0.25,,0.1,0.5,0.57,0.67,0.6,5.88,5.88,0.06,11.76,0.0
5,新北國王,24|28|10872|10875|13029,蘇士軒/呂政儒/林彥廷/傑登/杰倫,1,7,8.0,126.0,2.1,02:06,126.0,2.1,02:06,5.0,5.0,62.5,85.71,2.0,2.0,25.0,34.29,3.0,3.0,37.5,51.43,2.0,2.0,25.0,34.29,1.0,1.0,12.5,17.14,1.0,1.0,12.5,17.14,2.0,2.0,25.0,34.29,1.0,1.0,12.5,17.14,0.0,0.0,0.0,0.0,0.0,0.0,0.0,0.0,0.0,0.0,0.0,0.0,1.0,1.0,12.5,17.14,1.0,1.0,12.5,17.14,2.0,2.0,25.0,34.29,0.0,0.0,0.0,0.0,2.0,2.0,25.0,34.29,0.0,0.0,0.0,0.0,0.0,0.0,0.0,0.0,1.0,1.0,12.5,17.14,0.0,0.0,0.0,0.0,62.5,25.0,37.5,91.43,3.0,3.0,37.5,2.1,2.1,0.83,0.83,1.0,0.5,,0.0,1.0,0.0,0.5,0.25,0.0,0.0,0.12,0.0,0.0
5,新北國王,24|28|29|10875|13029,蘇士軒/呂政儒/林書緯/傑登/杰倫,1,37,43.0,554.99,9.25,09:15,554.99,9.25,09:15,25.0,25.0,58.14,97.3,19.0,19.0,44.19,73.95,17.0,17.0,39.53,66.16,10.0,10.0,23.26,38.92,10.0,10.0,23.26,38.92,6.0,6.0,13.95,23.35,7.0,7.0,16.28,27.24,4.0,4.0,9.3,15.57,2.0,2.0,4.65,7.78,1.0,1.0,2.33,3.89,2.0,2.0,4.65,7.78,5.0,5.0,11.63,19.46,5.0,5.0,11.63,19.46,6.0,6.0,13.95,23.35,2.0,2.0,4.65,7.78,6.0,6.0,13.95,23.35,1.0,1.0,2.33,3.89,0.0,0.0,0.0,0.0,2.0,2.0,4.65,7.78,4.0,4.0,9.3,15.57,58.14,44.19,13.95,111.57,6.0,6.0,13.95,9.25,9.25,0.71,0.7,0.6,0.57,0.5,0.1,0.6,0.25,0.5,0.39,2.33,0.0,0.05,9.3,0.12
5,福爾摩沙夢想家,77|79|86|106|13906,馬建豪/張宗憲/林俊吉/高柏鎧/班提爾,1,10,11.0,116.51,1.94,01:57,116.51,1.94,01:57,6.0,6.0,54.55,111.24,6.0,6.0,54.55,111.24,3.0,3.0,27.27,55.62,1.0,1.0,9.09,18.54,2.0,2.0,18.18,37.08,0.0,0.0,0.0,0.0,1.0,1.0,9.09,18.54,1.0,1.0,9.09,18.54,4.0,4.0,36.36,74.16,3.0,3.0,27.27,55.62,1.0,1.0,9.09,18.54,3.0,3.0,27.27,55.62,0.0,0.0,0.0,0.0,1.0,1.0,9.09,18.54,0.0,0.0,0.0,0.0,0.0,0.0,0.0,0.0,0.0,0.0,0.0,0.0,1.0,1.0,9.09,18.54,1.0,1.0,9.09,18.54,0.0,0.0,0.0,0.0,54.55,54.55,0.0,135.95,0.0,0.0,0.0,1.94,1.94,0.5,0.63,0.0,1.0,0.75,0.0,0.0,0.5,1.0,0.8,0.0,9.09,0.09,0.0,1.33
5,福爾摩沙夢想家,86|99|103|106|13906,林俊吉/盧冠良/忻沃克/高柏鎧/班提爾,1,8,9.0,132.08,2.2,02:12,132.08,2.2,02:12,6.0,6.0,66.67,98.13,8.0,8.0,88.89,130.83,4.0,4.0,44.44,65.42,2.0,2.0,22.22,32.71,2.0,2.0,22.22,32.71,2.0,2.0,22.22,32.71,2.0,2.0,22.22,32.71,0.0,0.0,0.0,0.0,2.0,2.0,22.22,32.71,2.0,2.0,22.22,32.71,1.0,1.0,11.11,16.35,1.0,1.0,11.11,16.35,0.0,0.0,0.0,0.0,1.0,1.0,11.11,16.35,0.0,0.0,0.0,0.0,1.0,1.0,11.11,16.35,0.0,0.0,0.0,0.0,0.0,0.0,0.0,0.0,3.0,3.0,33.33,49.06,0.0,0.0,0.0,0.0,66.67,88.89,-22.22,98.13,-2.0,-2.0,-22.22,2.2,2.2,0.5,0.61,1.0,0.0,1.0,0.0,0.5,0.5,1.0,0.67,0.0,0.0,0.33,0.0,0.5
5,新北國王,23|28|29|10875|13029,王柏智/呂政儒/林書緯/傑登/杰倫,1,7,8.0,132.0,2.2,02:12,132.0,2.2,02:12,8.0,8.0,100.0,130.91,4.0,4.0,50.0,65.45,4.0,4.0,50.0,65.45,3.0,3.0,37.5,49.09,1.0,1.0,12.5,16.36,1.0,1.0,12.5,16.36,3.0,3.0,37.5,49.09,2.0,2.0,25.0,32.73,0.0,0.0,0.0,0.0,0.0,0.0,0.0,0.0,0.0,0.0,0.0,0.0,1.0,1.0,12.5,16.36,1.0,1.0,12.5,16.36,1.0,1.0,12.5,16.36,0.0,0.0,0.0,0.0,1.0,1.0,12.5,16.36,0.0,0.0,0.0,0.0,0.0,0.0,0.0,0.0,0.0,0.0,0.0,0.0,0.0,0.0,0.0,0.0,100.0,50.0,50.0,87.27,4.0,4.0,50.0,2.2,2.2,1.0,1.0,1.0,0.67,,0.0,0.33,0.0,0.5,0.33,0.0,0.0,0.0,0.0,0.0
5,新北國王,23|29|10872|10875|13029,王柏智/林書緯/林彥廷/傑登/杰倫,1,1,1.0,0.08,0.0,00:00,0.08,0.0,00:00,0.0,0.0,0.0,0.0,2.0,2.0,200.0,56842.11,0.0,0.0,0.0,0.0,0.0,0.0,0.0,0.0,0.0,0.0,0.0,0.0,0.0,0.0,0.0,0.0,0.0,0.0,0.0,0.0,0.0,0.0,0.0,0.0,0.0,0.0,0.0,0.0,0.0,0.0,0.0,0.0,0.0,0.0,0.0,0.0,0.0,0.0,0.0,0.0,0.0,0.0,0.0,0.0,0.0,0.0,0.0,0.0,0.0,0.0,0.0,0.0,0.0,0.0,0.0,0.0,0.0,0.0,0.0,0.0,0.0,0.0,0.0,0.0,0.0,0.0,0.0,0.0,2.0,2.0,200.0,56842.11,0.0,200.0,-200.0,18947.37,-2.0,-2.0,-200.0,0.0,0.0,,,,,,,,,,,0.0,0.0,0.0,200.0,
5,福爾摩沙夢想家,86|89|103|106|13906,林俊吉/蔣淯安/忻沃克/高柏鎧/班提爾,1,3,4.0,59.0,0.98,00:59,59.0,0.98,00:59,5.0,5.0,125.0,183.05,0.0,0.0,0.0,0.0,2.0,2.0,50.0,73.22,2.0,2.0,50.0,73.22,1.0,1.0,25.0,36.61,1.0,1.0,25.0,36.61,1.0,1.0,25.0,36.61,1.0,1.0,25.0,36.61,0.0,0.0,0.0,0.0,0.0,0.0,0.0,0.0,0.0,0.0,0.0,0.0,0.0,0.0,0.0,0.0,0.0,0.0,0.0,0.0,0.0,0.0,0.0,0.0,0.0,0.0,0.0,0.0,0.0,0.0,0.0,0.0,0.0,0.0,0.0,0.0,0.0,0.0,0.0,0.0,0.0,0.0,0.0,0.0,0.0,0.0,0.0,0.0,125.0,0.0,125.0,97.63,5.0,5.0,125.0,0.98,0.98,1.25,1.25,1.0,1.0,,0.0,0.0,,,,0.0,0.0,0.0,0.0,0.0
5,福爾摩沙夢想家,86|89|103|13777|13906,林俊吉/蔣淯安/忻沃克/布依德/班提爾,1,6,7.0,112.89,1.88,01:53,112.89,1.88,01:53,5.0,5.0,71.43,95.67,3.0,3.0,42.86,57.4,4.0,4.0,57.14,76.53,2.0,2.0,28.57,38.27,2.0,2.0,28.57,38.27,1.0,1.0,14.29,19.13,2.0,2.0,28.57,38.27,1.0,1.0,14.29,19.13,0.0,0.0,0.0,0.0,0.0,0.0,0.0,0.0,1.0,1.0,14.29,19.13,1.0,1.0,14.29,19.13,0.0,0.0,0.0,0.0,1.0,1.0,14.29,19.13,0.0,0.0,0.0,0.0,1.0,1.0,14.29,19.13,0.0,0.0,0.0,0.0,0.0,0.0,0.0,0.0,1.0,1.0,14.29,19.13,0.0,0.0,0.0,0.0,71.43,42.86,28.57,89.29,2.0,2.0,28.57,1.88,1.88,0.62,0.62,0.5,0.5,,0.0,0.5,0.5,1.0,0.67,0.0,0.0,0.14,0.0,0.0
5,新北國王,22|24|32|10872|13029,簡祐哲/蘇士軒/奧帝/林彥廷/杰倫,1,15,18.0,245.05,4.08,04:05,245.05,4.08,04:05,5.0,5.0,27.78,44.07,11.0,11.0,61.11,96.96,9.0,9.0,50.0,79.33,2.0,2.0,11.11,17.63,5.0,5.0,27.78,44.07,1.0,1.0,5.56,8.81,4.0,4.0,22.22,35.26,1.0,1.0,5.56,8.81,0.0,0.0,0.0,0.0,0.0,0.0,0.0,0.0,2.0,2.0,11.11,17.63,5.0,5.0,27.78,44.07,0.0,0.0,0.0,0.0,2.0,2.0,11.11,17.63,1.0,1.0,5.56,8.81,1.0,1.0,5.56,8.81,1.0,1.0,5.56,8.81,2.0,2.0,11.11,17.63,1.0,1.0,5.56,8.81,2.0,2.0,11.11,17.63,27.78,61.11,-33.33,105.77,-6.0,-6.0,-33.33,4.08,4.08,0.28,0.28,0.2,0.25,,0.1,0.5,0.5,1.0,0.78,5.56,11.11,0.06,11.11,0.0
5,福爾摩沙夢想家,77|79|89|106|13777,馬建豪/張宗憲/蔣淯安/高柏鎧/布依德,1,2,2.0,51.83,0.86,00:52,51.83,0.86,00:52,3.0,3.0,150.0,125.03,3.0,3.0,150.0,125.03,1.0,1.0,50.0,41.68,1.0,1.0,50.0,41.68,0.0,0.0,0.0,0.0,0.0,0.0,0.0,0.0,1.0,1.0,50.0,41.68,1.0,1.0,50.0,41.68,0.0,0.0,0.0,0.0,0.0,0.0,0.0,0.0,0.0,0.0,0.0,0.0,0.0,0.0,0.0,0.0,0.0,0.0,0.0,0.0,0.0,0.0,0.0,0.0,0.0,0.0,0.0,0.0,1.0,1.0,50.0,41.68,0.0,0.0,0.0,0.0,0.0,0.0,0.0,0.0,0.0,0.0,0.0,0.0,0.0,0.0,0.0,0.0,150.0,150.0,0.0,55.57,0.0,0.0,0.0,0.86,0.86,1.5,1.5,,1.0,,0.0,1.0,,,,0.0,0.0,0.0,0.0,0.0
5,新北國王,22|29|32|10872|10875,簡祐哲/林書緯/奧帝/林彥廷/傑登,1,2,2.0,51.83,0.86,00:52,51.83,0.86,00:52,3.0,3.0,150.0,125.03,3.0,3.0,150.0,125.03,1.0,1.0,50.0,41.68,1.0,1.0,50.0,41.68,0.0,0.0,0.0,0.0,0.0,0.0,0.0,0.0,1.0,1.0,50.0,41.68,1.0,1.0,50.0,41.68,0.0,0.0,0.0,0.0,0.0,0.0,0.0,0.0,0.0,0.0,0.0,0.0,0.0,0.0,0.0,0.0,0.0,0.0,0.0,0.0,0.0,0.0,0.0,0.0,0.0,0.0,0.0,0.0,1.0,1.0,50.0,41.68,0.0,0.0,0.0,0.0,0.0,0.0,0.0,0.0,1.0,1.0,50.0,41.68,0.0,0.0,0.0,0.0,150.0,150.0,0.0,55.57,0.0,0.0,0.0,0.86,0.86,1.5,1.5,,1.0,,0.0,1.0,,,,0.0,0.0,0.5,0.0,0.0
5,福爾摩沙夢想家,77|79|89|106|13906,馬建豪/張宗憲/蔣淯安/高柏鎧/班提爾,1,28,31.0,365.32,6.09,06:05,365.32,6.09,06:05,17.0,17.0,54.84,100.52,13.0,13.0,41.94,76.87,12.0,12.0,38.71,70.95,6.0,6.0,19.35,35.48,9.0,9.0,29.03,53.21,6.0,6.0,19.35,35.48,3.0,3.0,9.68,17.74,0.0,0.0,0.0,0.0,8.0,8.0,25.81,47.3,5.0,5.0,16.13,29.56,3.0,3.0,9.68,17.74,2.0,2.0,6.45,11.83,0.0,0.0,0.0,0.0,6.0,6.0,19.35,35.48,1.0,1.0,3.23,5.91,5.0,5.0,16.13,29.56,0.0,0.0,0.0,0.0,1.0,1.0,3.23,5.91,3.0,3.0,9.68,17.74,2.0,2.0,6.45,11.83,54.84,41.94,12.9,122.2,4.0,4.0,12.9,6.09,6.09,0.5,0.55,0.67,0.0,0.62,0.06,0.83,0.33,1.0,0.45,0.0,3.23,0.1,6.45,0.67
5,新北國王,29|32|10872|10873|10875,林書緯/奧帝/林彥廷/喬納森/傑登,1,7,10.0,88.34,1.47,01:28,88.34,1.47,01:28,4.0,4.0,40.0,97.8,5.0,5.0,50.0,122.25,1.0,1.0,10.0,24.45,1.0,1.0,10.0,24.45,0.0,0.0,0.0,0.0,0.0,0.0,0.0,0.0,1.0,1.0,10.0,24.45,1.0,1.0,10.0,24.45,2.0,2.0,20.0,48.9,1.0,1.0,10.0,24.45,0.0,0.0,0.0,0.0,1.0,1.0,10.0,24.45,3.0,3.0,30.0,73.35,1.0,1.0,10.0,24.45,1.0,1.0,10.0,24.45,2.0,2.0,20.0,48.9,1.0,1.0,10.0,24.45,0.0,0.0,0.0,0.0,0.0,0.0,0.0,0.0,2.0,2.0,20.0,48.9,40.0,50.0,-10.0,163.0,-1.0,-1.0,-10.0,1.47,1.47,1.5,1.06,,1.0,0.5,0.35,2.0,0.0,0.25,0.2,10.0,0.0,0.0,20.0,2.0
5,新北國王,23|29|32|10874|13029,王柏智/林書緯/奧帝/熊祥泰/杰倫,1,1,1.0,13.0,0.22,00:13,13.0,0.22,00:13,0.0,0.0,0.0,0.0,0.0,0.0,0.0,0.0,0.0,0.0,0.0,0.0,0.0,0.0,0.0,0.0,0.0,0.0,0.0,0.0,0.0,0.0,0.0,0.0,0.0,0.0,0.0,0.0,0.0,0.0,0.0,0.0,0.0,0.0,0.0,0.0,0.0,0.0,0.0,0.0,0.0,0.0,0.0,0.0,0.0,0.0,0.0,0.0,0.0,0.0,0.0,0.0,0.0,0.0,0.0,0.0,1.0,1.0,100.0,166.15,0.0,0.0,0.0,0.0,1.0,1.0,100.0,166.15,0.0,0.0,0.0,0.0,0.0,0.0,0.0,0.0,0.0,0.0,0.0,0.0,0.0,0.0,0.0,110.77,0.0,0.0,0.0,0.22,0.22,,,,,,1.0,,,,,100.0,0.0,0.0,0.0,
5,新北國王,23|29|10874|10875|13029,王柏智/林書緯/熊祥泰/傑登/杰倫,1,10,10.0,131.08,2.18,02:11,131.08,2.18,02:11,4.0,4.0,40.0,65.91,9.0,9.0,90.0,148.3,5.0,5.0,50.0,82.39,2.0,2.0,20.0,32.96,2.0,2.0,20.0,32.96,2.0,2.0,20.0,32.96,3.0,3.0,30.0,49.43,0.0,0.0,0.0,0.0,0.0,0.0,0.0,0.0,0.0,0.0,0.0,0.0,0.0,0.0,0.0,0.0,3.0,3.0,30.0,49.43,0.0,0.0,0.0,0.0,0.0,0.0,0.0,0.0,0.0,0.0,0.0,0.0,1.0,1.0,10.0,16.48,0.0,0.0,0.0,0.0,0.0,0.0,0.0,0.0,0.0,0.0,0.0,0.0,4.0,4.0,40.0,65.91,40.0,90.0,-50.0,109.85,-5.0,-5.0,-50.0,2.18,2.18,0.4,0.4,1.0,0.0,,0.0,0.5,,1.0,1.0,0.0,0.0,0.0,40.0,0.0
5,新北國王,24|29|32|10874|13029,蘇士軒/林書緯/奧帝/熊祥泰/杰倫,1,4,4.0,37.89,0.63,00:38,37.89,0.63,00:38,0.0,0.0,0.0,0.0,1.0,1.0,25.0,57.0,1.0,1.0,25.0,57.0,0.0,0.0,0.0,0.0,1.0,1.0,25.0,57.0,0.0,0.0,0.0,0.0,0.0,0.0,0.0,0.0,0.0,0.0,0.0,0.0,0.0,0.0,0.0,0.0,0.0,0.0,0.0,0.0,0.0,0.0,0.0,0.0,1.0,1.0,25.0,57.0,0.0,0.0,0.0,0.0,0.0,0.0,0.0,0.0,0.0,0.0,0.0,0.0,1.0,1.0,25.0,57.0,0.0,0.0,0.0,0.0,0.0,0.0,0.0,0.0,0.0,0.0,0.0,0.0,2.0,2.0,50.0,114.01,0.0,25.0,-25.0,152.01,-1.0,-1.0,-25.0,0.63,0.63,0.0,0.0,0.0,,,0.0,,,1.0,1.0,0.0,0.0,0.0,50.0,0.0
5,新北國王,22|29|32|10874|10875,簡祐哲/林書緯/奧帝/熊祥泰/傑登,1,5,6.0,70.34,1.17,01:10,70.34,1.17,01:10,0.0,0.0,0.0,0.0,1.0,1.0,16.67,30.71,3.0,3.0,50.0,92.13,0.0,0.0,0.0,0.0,1.0,1.0,16.67,30.71,0.0,0.0,0.0,0.0,2.0,2.0,33.33,61.42,0.0,0.0,0.0,0.0,0.0,0.0,0.0,0.0,0.0,0.0,0.0,0.0,1.0,1.0,16.67,30.71,2.0,2.0,33.33,61.42,1.0,1.0,16.67,30.71,1.0,1.0,16.67,30.71,0.0,0.0,0.0,0.0,0.0,0.0,0.0,0.0,0.0,0.0,0.0,0.0,0.0,0.0,0.0,0.0,0.0,0.0,0.0,0.0,1.0,1.0,16.67,30.71,0.0,16.67,-16.67,122.84,-1.0,-1.0,-16.67,1.17,1.17,0.0,0.0,0.0,0.0,,0.0,,0.5,0.67,0.6,0.0,0.0,0.0,16.67,0.0
5,福爾摩沙夢想家,77|79|86|13777|13906,馬建豪/張宗憲/林俊吉/布依德/班提爾,1,11,13.0,180.0,3.0,03:00,180.0,3.0,03:00,9.0,9.0,69.23,108.0,6.0,6.0,46.15,72.0,4.0,4.0,30.77,48.0,4.0,4.0,30.77,48.0,3.0,3.0,23.08,36.0,3.0,3.0,23.08,36.0,1.0,1.0,7.69,12.0,1.0,1.0,7.69,12.0,1.0,1.0,7.69,12.0,0.0,0.0,0.0,0.0,0.0,0.0,0.0,0.0,1.0,1.0,7.69,12.0,2.0,2.0,15.38,24.0,2.0,2.0,15.38,24.0,2.0,2.0,15.38,24.0,2.0,2.0,15.38,24.0,1.0,1.0,7.69,12.0,0.0,0.0,0.0,0.0,2.0,2.0,15.38,24.0,1.0,1.0,7.69,12.0,69.23,46.15,23.08,104.0,3.0,3.0,23.08,3.0,3.0,1.12,1.01,1.0,1.0,0.0,0.31,0.5,0.0,0.33,0.2,7.69,0.0,0.15,7.69,0.25
5,新北國王,22|24|29|10875|13029,簡祐哲/蘇士軒/林書緯/傑登/杰倫,1,14,17.0,219.0,3.65,03:39,219.0,3.65,03:39,12.0,12.0,70.59,118.36,9.0,9.0,52.94,88.77,7.0,7.0,41.18,69.04,4.0,4.0,23.53,39.45,3.0,3.0,17.65,29.59,3.0,3.0,17.65,29.59,4.0,4.0,23.53,39.45,1.0,1.0,5.88,9.86,5.0,5.0,29.41,49.32,3.0,3.0,17.65,29.59,3.0,3.0,17.65,29.59,2.0,2.0,11.76,19.73,0.0,0.0,0.0,0.0,2.0,2.0,11.76,19.73,1.0,1.0,5.88,9.86,3.0,3.0,17.65,29.59,1.0,1.0,5.88,9.86,0.0,0.0,0.0,0.0,3.0,3.0,17.65,29.59,1.0,1.0,5.88,9.86,70.59,52.94,17.65,111.78,3.0,3.0,17.65,3.65,3.65,0.64,0.65,1.0,0.25,0.6,0.1,0.75,0.6,1.0,0.71,5.88,0.0,0.18,5.88,0.71
5,福爾摩沙夢想家,77|86|103|106|13777,馬建豪/林俊吉/忻沃克/高柏鎧/布依德,1,10,13.0,128.0,2.13,02:08,128.0,2.13,02:08,2.0,2.0,15.38,33.75,8.0,8.0,61.54,135.0,3.0,3.0,23.08,50.62,0.0,0.0,0.0,0.0,3.0,3.0,23.08,50.62,0.0,0.0,0.0,0.0,0.0,0.0,0.0,0.0,0.0,0.0,0.0,0.0,2.0,2.0,15.38,33.75,2.0,2.0,15.38,33.75,0.0,0.0,0.0,0.0,3.0,3.0,23.08,50.62,2.0,2.0,15.38,33.75,3.0,3.0,23.08,50.62,1.0,1.0,7.69,16.88,0.0,0.0,0.0,0.0,0.0,0.0,0.0,0.0,0.0,0.0,0.0,0.0,1.0,1.0,7.69,16.88,6.0,6.0,46.15,101.25,15.38,61.54,-46.15,146.25,-6.0,-6.0,-46.15,2.13,2.13,0.0,0.26,0.0,,1.0,0.2,,0.0,0.6,0.38,0.0,0.0,0.08,46.15,0.67
5,新北國王,22|24|29|32|13029,簡祐哲/蘇士軒/林書緯/奧帝/杰倫,1,3,3.0,34.0,0.57,00:34,34.0,0.57,00:34,2.0,2.0,66.67,127.06,0.0,0.0,0.0,0.0,1.0,1.0,33.33,63.53,0.0,0.0,0.0,0.0,0.0,0.0,0.0,0.0,0.0,0.0,0.0,0.0,1.0,1.0,33.33,63.53,0.0,0.0,0.0,0.0,2.0,2.0,66.67,127.06,2.0,2.0,66.67,127.06,0.0,0.0,0.0,0.0,1.0,1.0,33.33,63.53,0.0,0.0,0.0,0.0,1.0,1.0,33.33,63.53,0.0,0.0,0.0,0.0,0.0,0.0,0.0,0.0,0.0,0.0,0.0,0.0,0.0,0.0,0.0,0.0,1.0,1.0,33.33,63.53,0.0,0.0,0.0,0.0,66.67,0.0,66.67,127.06,2.0,2.0,66.67,0.57,0.57,0.0,0.53,,0.0,1.0,0.0,,0.0,1.0,0.5,0.0,0.0,0.33,0.0,2.0
5,福爾摩沙夢想家,79|89|99|106|13906,張宗憲/蔣淯安/盧冠良/高柏鎧/班提爾,1,3,3.0,65.42,1.09,01:05,65.42,1.09,01:05,2.0,2.0,66.67,66.03,3.0,3.0,100.0,99.05,1.0,1.0,33.33,33.02,1.0,1.0,33.33,33.02,1.0,1.0,33.33,33.02,1.0,1.0,33.33,33.02,0.0,0.0,0.0,0.0,0.0,0.0,0.0,0.0,0.0,0.0,0.0,0.0,0.0,0.0,0.0,0.0,0.0,0.0,0.0,0.0,0.0,0.0,0.0,0.0,0.0,0.0,0.0,0.0,0.0,0.0,0.0,0.0,0.0,0.0,0.0,0.0,1.0,1.0,33.33,33.02,0.0,0.0,0.0,0.0,0.0,0.0,0.0,0.0,0.0,0.0,0.0,0.0,1.0,1.0,33.33,33.02,66.67,100.0,-33.33,66.03,-1.0,-1.0,-33.33,1.09,1.09,1.0,1.0,1.0,,,0.0,1.0,,,,0.0,0.0,0.0,33.33,0.0
5,新北國王,28|29|32|10874|10875,呂政儒/林書緯/奧帝/熊祥泰/傑登,1,1,1.0,25.2,0.42,00:25,25.2,0.42,00:25,2.0,2.0,200.0,171.43,0.0,0.0,0.0,0.0,1.0,1.0,100.0,85.71,1.0,1.0,100.0,85.71,1.0,1.0,100.0,85.71,1.0,1.0,100.0,85.71,0.0,0.0,0.0,0.0,0.0,0.0,0.0,0.0,0.0,0.0,0.0,0.0,0.0,0.0,0.0,0.0,0.0,0.0,0.0,0.0,0.0,0.0,0.0,0.0,0.0,0.0,0.0,0.0,0.0,0.0,0.0,0.0,0.0,0.0,0.0,0.0,1.0,1.0,100.0,85.71,0.0,0.0,0.0,0.0,0.0,0.0,0.0,0.0,1.0,1.0,100.0,85.71,0.0,0.0,0.0,0.0,200.0,0.0,200.0,57.14,2.0,2.0,200.0,0.42,0.42,1.0,1.0,1.0,,,0.0,1.0,,,,0.0,0.0,1.0,0.0,0.0
5,福爾摩沙夢想家,79|89|99|13777|13906,張宗憲/蔣淯安/盧冠良/布依德/班提爾,1,12,13.0,185.0,3.08,03:05,185.0,3.08,03:05,4.0,4.0,30.77,46.7,8.0,8.0,61.54,93.41,4.0,4.0,30.77,46.7,2.0,2.0,15.38,23.35,3.0,3.0,23.08,35.03,2.0,2.0,15.38,23.35,1.0,1.0,7.69,11.68,0.0,0.0,0.0,0.0,0.0,0.0,0.0,0.0,0.0,0.0,0.0,0.0,0.0,0.0,0.0,0.0,2.0,2.0,15.38,23.35,2.0,2.0,15.38,23.35,2.0,2.0,15.38,23.35,1.0,1.0,7.69,11.68,0.0,0.0,0.0,0.0,0.0,0.0,0.0,0.0,0.0,0.0,0.0,0.0,0.0,0.0,0.0,0.0,0.0,0.0,0.0,0.0,30.77,61.54,-30.77,101.19,-4.0,-4.0,-30.77,3.08,3.08,0.5,0.5,0.67,0.0,,0.2,0.0,0.0,0.5,0.33,0.0,0.0,0.0,0.0,0.0
5,新北國王,23|28|32|10872|13029,王柏智/呂政儒/奧帝/林彥廷/杰倫,1,6,6.0,76.0,1.27,01:16,76.0,1.27,01:16,4.0,4.0,66.67,113.68,3.0,3.0,50.0,85.26,3.0,3.0,50.0,85.26,2.0,2.0,33.33,56.84,3.0,3.0,50.0,85.26,2.0,2.0,33.33,56.84,0.0,0.0,0.0,0.0,0.0,0.0,0.0,0.0,0.0,0.0,0.0,0.0,0.0,0.0,0.0,0.0,0.0,0.0,0.0,0.0,1.0,1.0,16.67,28.42,0.0,0.0,0.0,0.0,2.0,2.0,33.33,56.84,0.0,0.0,0.0,0.0,1.0,1.0,16.67,28.42,0.0,0.0,0.0,0.0,1.0,1.0,16.67,28.42,1.0,1.0,16.67,28.42,2.0,2.0,33.33,56.84,66.67,50.0,16.67,113.68,1.0,1.0,16.67,1.27,1.27,0.67,0.67,0.67,,,0.0,0.5,0.0,1.0,0.33,0.0,16.67,0.17,33.33,0.0
5,福爾摩沙夢想家,79|89|103|13777|13906,張宗憲/蔣淯安/忻沃克/布依德/班提爾,1,9,10.0,115.21,1.92,01:55,115.21,1.92,01:55,5.0,5.0,50.0,93.74,0.0,0.0,0.0,0.0,3.0,3.0,30.0,56.25,2.0,2.0,20.0,37.5,3.0,3.0,30.0,56.25,2.0,2.0,20.0,37.5,0.0,0.0,0.0,0.0,0.0,0.0,0.0,0.0,1.0,1.0,10.0,18.75,1.0,1.0,10.0,18.75,0.0,0.0,0.0,0.0,1.0,1.0,10.0,18.75,0.0,0.0,0.0,0.0,3.0,3.0,30.0,56.25,1.0,1.0,10.0,18.75,1.0,1.0,10.0,18.75,0.0,0.0,0.0,0.0,0.0,0.0,0.0,0.0,0.0,0.0,0.0,0.0,0.0,0.0,0.0,0.0,50.0,0.0,50.0,124.99,5.0,5.0,50.0,1.92,1.92,0.67,0.73,0.67,,1.0,0.23,0.5,0.0,1.0,0.25,0.0,0.0,0.0,0.0,0.33
5,新北國王,23|28|29|32|13029,王柏智/呂政儒/林書緯/奧帝/杰倫,1,2,3.0,21.41,0.36,00:21,21.41,0.36,00:21,0.0,0.0,0.0,0.0,1.0,1.0,33.33,100.89,1.0,1.0,33.33,100.89,0.0,0.0,0.0,0.0,1.0,1.0,33.33,100.89,0.0,0.0,0.0,0.0,0.0,0.0,0.0,0.0,0.0,0.0,0.0,0.0,0.0,0.0,0.0,0.0,0.0,0.0,0.0,0.0,0.0,0.0,0.0,0.0,1.0,1.0,33.33,100.89,0.0,0.0,0.0,0.0,0.0,0.0,0.0,0.0,0.0,0.0,0.0,0.0,0.0,0.0,0.0,0.0,0.0,0.0,0.0,0.0,0.0,0.0,0.0,0.0,0.0,0.0,0.0,0.0,1.0,1.0,33.33,100.89,0.0,33.33,-33.33,201.77,-1.0,-1.0,-33.33,0.36,0.36,0.0,0.0,0.0,,,0.0,,,1.0,1.0,0.0,0.0,0.0,33.33,0.0
5,新北國王,24|28|29|32|13029,蘇士軒/呂政儒/林書緯/奧帝/杰倫,1,7,7.0,93.8,1.56,01:34,93.8,1.56,01:34,0.0,0.0,0.0,0.0,4.0,4.0,57.14,92.11,1.0,1.0,14.29,23.03,0.0,0.0,0.0,0.0,0.0,0.0,0.0,0.0,0.0,0.0,0.0,0.0,1.0,1.0,14.29,23.03,0.0,0.0,0.0,0.0,0.0,0.0,0.0,0.0,0.0,0.0,0.0,0.0,0.0,0.0,0.0,0.0,2.0,2.0,28.57,46.06,0.0,0.0,0.0,0.0,1.0,1.0,14.29,23.03,3.0,3.0,42.86,69.08,0.0,0.0,0.0,0.0,1.0,1.0,14.29,23.03,0.0,0.0,0.0,0.0,1.0,1.0,14.29,23.03,0.0,0.0,0.0,0.0,0.0,57.14,-57.14,107.46,-4.0,-4.0,-57.14,1.56,1.56,0.0,0.0,,0.0,,0.75,,0.0,1.0,0.67,14.29,0.0,0.14,0.0,0.0
5,福爾摩沙夢想家,77|86|89|13777|13906,馬建豪/林俊吉/蔣淯安/布依德/班提爾,1,2,2.0,40.0,0.67,00:40,40.0,0.67,00:40,3.0,3.0,150.0,162.0,2.0,2.0,100.0,108.0,1.0,1.0,50.0,54.0,1.0,1.0,50.0,54.0,0.0,0.0,0.0,0.0,0.0,0.0,0.0,0.0,1.0,1.0,50.0,54.0,1.0,1.0,50.0,54.0,0.0,0.0,0.0,0.0,0.0,0.0,0.0,0.0,0.0,0.0,0.0,0.0,0.0,0.0,0.0,0.0,0.0,0.0,0.0,0.0,0.0,0.0,0.0,0.0,0.0,0.0,0.0,0.0,1.0,1.0,50.0,54.0,0.0,0.0,0.0,0.0,0.0,0.0,0.0,0.0,0.0,0.0,0.0,0.0,0.0,0.0,0.0,0.0,150.0,100.0,50.0,72.0,1.0,1.0,50.0,0.67,0.67,1.5,1.5,,1.0,,0.0,1.0,,,,0.0,0.0,0.0,0.0,0.0
5,福爾摩沙夢想家,77|86|89|106|13906,馬建豪/林俊吉/蔣淯安/高柏鎧/班提爾,1,4,6.0,66.0,1.1,01:06,66.0,1.1,01:06,3.0,3.0,50.0,98.18,2.0,2.0,33.33,65.45,0.0,0.0,0.0,0.0,0.0,0.0,0.0,0.0,0.0,0.0,0.0,0.0,0.0,0.0,0.0,0.0,0.0,0.0,0.0,0.0,0.0,0.0,0.0,0.0,4.0,4.0,66.67,130.91,3.0,3.0,50.0,98.18,0.0,0.0,0.0,0.0,1.0,1.0,16.67,32.73,1.0,1.0,16.67,32.73,0.0,0.0,0.0,0.0,0.0,0.0,0.0,0.0,0.0,0.0,0.0,0.0,0.0,0.0,0.0,0.0,0.0,0.0,0.0,0.0,2.0,2.0,33.33,65.45,0.0,0.0,0.0,0.0,50.0,33.33,16.67,130.91,1.0,1.0,16.67,1.1,1.1,,0.85,,,0.75,0.0,,,0.5,0.5,0.0,0.0,0.33,0.0,
5,福爾摩沙夢想家,77|86|89|95|13906,馬建豪/林俊吉/蔣淯安/李德威/班提爾,1,2,2.0,22.41,0.37,00:22,22.41,0.37,00:22,2.0,2.0,100.0,192.75,2.0,2.0,100.0,192.75,1.0,1.0,50.0,96.38,1.0,1.0,50.0,96.38,1.0,1.0,50.0,96.38,1.0,1.0,50.0,96.38,0.0,0.0,0.0,0.0,0.0,0.0,0.0,0.0,0.0,0.0,0.0,0.0,0.0,0.0,0.0,0.0,0.0,0.0,0.0,0.0,0.0,0.0,0.0,0.0,0.0,0.0,0.0,0.0,0.0,0.0,0.0,0.0,0.0,0.0,0.0,0.0,1.0,1.0,50.0,96.38,0.0,0.0,0.0,0.0,0.0,0.0,0.0,0.0,0.0,0.0,0.0,0.0,0.0,0.0,0.0,0.0,100.0,100.0,0.0,128.5,0.0,0.0,0.0,0.37,0.37,1.0,1.0,1.0,,,0.0,1.0,,,,0.0,0.0,0.0,0.0,0.0
5,新北國王,23|29|10872|10874|10875,王柏智/林書緯/林彥廷/熊祥泰/傑登,1,2,2.0,22.41,0.37,00:22,22.41,0.37,00:22,2.0,2.0,100.0,192.75,2.0,2.0,100.0,192.75,1.0,1.0,50.0,96.38,1.0,1.0,50.0,96.38,1.0,1.0,50.0,96.38,1.0,1.0,50.0,96.38,0.0,0.0,0.0,0.0,0.0,0.0,0.0,0.0,0.0,0.0,0.0,0.0,0.0,0.0,0.0,0.0,0.0,0.0,0.0,0.0,0.0,0.0,0.0,0.0,0.0,0.0,0.0,0.0,0.0,0.0,0.0,0.0,0.0,0.0,0.0,0.0,1.0,1.0,50.0,96.38,0.0,0.0,0.0,0.0,0.0,0.0,0.0,0.0,0.0,0.0,0.0,0.0,0.0,0.0,0.0,0.0,100.0,100.0,0.0,128.5,0.0,0.0,0.0,0.37,0.37,1.0,1.0,1.0,,,0.0,1.0,,,,0.0,0.0,0.0,0.0,0.0
5,福爾摩沙夢想家,77|86|89|95|101,馬建豪/林俊吉/蔣淯安/李德威/周柏臣,1,2,3.0,60.0,1.0,01:00,60.0,1.0,01:00,0.0,0.0,0.0,0.0,0.0,0.0,0.0,0.0,2.0,2.0,66.67,72.0,0.0,0.0,0.0,0.0,2.0,2.0,66.67,72.0,0.0,0.0,0.0,0.0,0.0,0.0,0.0,0.0,0.0,0.0,0.0,0.0,0.0,0.0,0.0,0.0,0.0,0.0,0.0,0.0,0.0,0.0,0.0,0.0,2.0,2.0,66.67,72.0,0.0,0.0,0.0,0.0,1.0,1.0,33.33,36.0,0.0,0.0,0.0,0.0,0.0,0.0,0.0,0.0,0.0,0.0,0.0,0.0,0.0,0.0,0.0,0.0,0.0,0.0,0.0,0.0,0.0,0.0,0.0,0.0,0.0,0.0,0.0,72.0,0.0,0.0,0.0,1.0,1.0,0.0,0.0,0.0,,,0.0,,0.0,1.0,0.67,0.0,0.0,0.0,0.0,0.0
5,新北國王,23|10871|10872|10873|10874,王柏智/鍾理翔/林彥廷/喬納森/熊祥泰,1,4,6.0,89.0,1.48,01:29,89.0,1.48,01:29,0.0,0.0,0.0,0.0,0.0,0.0,0.0,0.0,2.0,2.0,33.33,48.54,0.0,0.0,0.0,0.0,1.0,1.0,16.67,24.27,0.0,0.0,0.0,0.0,1.0,1.0,16.67,24.27,0.0,0.0,0.0,0.0,0.0,0.0,0.0,0.0,0.0,0.0,0.0,0.0,0.0,0.0,0.0,0.0,2.0,2.0,33.33,48.54,0.0,0.0,0.0,0.0,2.0,2.0,33.33,48.54,0.0,0.0,0.0,0.0,0.0,0.0,0.0,0.0,0.0,0.0,0.0,0.0,0.0,0.0,0.0,0.0,1.0,1.0,16.67,24.27,0.0,0.0,0.0,0.0,0.0,0.0,0.0,97.08,0.0,0.0,0.0,1.48,1.48,0.0,0.0,0.0,0.0,,0.0,,0.0,1.0,0.5,0.0,0.0,0.17,0.0,0.0
5,福爾摩沙夢想家,89|91|95|97|101,蔣淯安/簡偉儒/李德威/史承平/周柏臣,1,1,1.0,15.0,0.25,00:15,15.0,0.25,00:15,0.0,0.0,0.0,0.0,0.0,0.0,0.0,0.0,0.0,0.0,0.0,0.0,0.0,0.0,0.0,0.0,0.0,0.0,0.0,0.0,0.0,0.0,0.0,0.0,0.0,0.0,0.0,0.0,0.0,0.0,0.0,0.0,0.0,0.0,0.0,0.0,0.0,0.0,0.0,0.0,0.0,0.0,0.0,0.0,0.0,0.0,0.0,0.0,0.0,0.0,0.0,0.0,1.0,1.0,100.0,144.0,0.0,0.0,0.0,0.0,0.0,0.0,0.0,0.0,0.0,0.0,0.0,0.0,0.0,0.0,0.0,0.0,0.0,0.0,0.0,0.0,0.0,0.0,0.0,0.0,0.0,0.0,0.0,96.0,0.0,0.0,0.0,0.25,0.25,,,,,,,,0.0,,0.0,0.0,0.0,0.0,0.0,
5,福爾摩沙夢想家,83|91|95|97|101,吳家駿/簡偉儒/李德威/史承平/周柏臣,1,1,2.0,14.0,0.23,00:14,14.0,0.23,00:14,0.0,0.0,0.0,0.0,0.0,0.0,0.0,0.0,0.0,0.0,0.0,0.0,0.0,0.0,0.0,0.0,0.0,0.0,0.0,0.0,0.0,0.0,0.0,0.0,0.0,0.0,0.0,0.0,0.0,0.0,0.0,0.0,0.0,0.0,0.0,0.0,0.0,0.0,0.0,0.0,0.0,0.0,0.0,0.0,0.0,0.0,0.0,0.0,0.0,0.0,0.0,0.0,0.0,0.0,0.0,0.0,1.0,1.0,50.0,154.29,0.0,0.0,0.0,0.0,0.0,0.0,0.0,0.0,0.0,0.0,0.0,0.0,1.0,1.0,50.0,154.29,0.0,0.0,0.0,0.0,0.0,0.0,0.0,205.71,0.0,0.0,0.0,0.23,0.23,,,,,,1.0,,,,,0.0,0.0,0.5,0.0,
5,臺北台新戰神,1|10|14|10869|13400,丁聖儒/雷蒙恩/錢肯尼/基德/史東,1,36,40.0,540.0,9.0,09:00,540.0,9.0,09:00,17.0,17.0,42.5,68.0,23.0,23.0,57.5,92.0,12.0,12.0,30.0,48.0,6.0,6.0,15.0,24.0,6.0,6.0,15.0,24.0,4.0,4.0,10.0,16.0,6.0,6.0,15.0,24.0,2.0,2.0,5.0,8.0,4.0,4.0,10.0,16.0,3.0,3.0,7.5,12.0,0.0,0.0,0.0,0.0,7.0,7.0,17.5,28.0,2.0,2.0,5.0,8.0,4.0,4.0,10.0,16.0,5.0,5.0,12.5,20.0,5.0,5.0,12.5,20.0,4.0,4.0,10.0,16.0,0.0,0.0,0.0,0.0,5.0,5.0,12.5,20.0,0.0,0.0,0.0,0.0,42.5,57.5,-15.0,106.67,-6.0,-6.0,-15.0,9.0,9.0,0.58,0.62,0.67,0.33,0.75,0.27,0.83,0.0,0.78,0.54,10.0,0.0,0.12,0.0,0.33
5,新北中信特攻,39|40|104|8889|10877,魏嘉豪/謝亞軒/貝奇/馬可/阿巴西,1,24,27.0,374.18,6.24,06:14,374.18,6.24,06:14,15.0,15.0,55.56,86.59,16.0,16.0,59.26,92.36,10.0,10.0,37.04,57.73,7.0,7.0,25.93,40.41,7.0,7.0,25.93,40.41,6.0,6.0,22.22,34.64,3.0,3.0,11.11,17.32,1.0,1.0,3.7,5.77,0.0,0.0,0.0,0.0,0.0,0.0,0.0,0.0,1.0,1.0,3.7,5.77,2.0,2.0,7.41,11.55,0.0,0.0,0.0,0.0,4.0,4.0,14.81,23.09,3.0,3.0,11.11,17.32,5.0,5.0,18.52,28.86,2.0,2.0,7.41,11.55,0.0,0.0,0.0,0.0,1.0,1.0,3.7,5.77,2.0,2.0,7.41,11.55,55.56,59.26,-3.7,103.91,-1.0,-1.0,-3.7,6.24,6.24,0.75,0.75,0.86,0.33,,0.23,0.71,0.2,1.0,0.43,7.41,0.0,0.04,7.41,0.0
5,臺北台新戰神,1|14|10865|10869|13400,丁聖儒/錢肯尼/謝銘駿/基德/史東,1,40,45.0,609.27,10.15,10:09,609.27,10.15,10:09,19.0,19.0,42.22,67.36,13.0,13.0,28.89,46.09,20.0,20.0,44.44,70.9,8.0,8.0,17.78,28.36,11.0,11.0,24.44,39.0,5.0,5.0,11.11,17.73,9.0,9.0,20.0,31.91,3.0,3.0,6.67,10.64,1.0,1.0,2.22,3.55,0.0,0.0,0.0,0.0,4.0,4.0,8.89,14.18,9.0,9.0,20.0,31.91,2.0,2.0,4.44,7.09,4.0,4.0,8.89,14.18,3.0,3.0,6.67,10.64,2.0,2.0,4.44,7.09,0.0,0.0,0.0,0.0,2.0,2.0,4.44,7.09,0.0,0.0,0.0,0.0,2.0,2.0,4.44,7.09,42.22,28.89,13.33,106.36,6.0,6.0,13.33,10.15,10.15,0.48,0.46,0.45,0.33,0.0,0.13,0.25,0.5,0.82,0.68,0.0,4.44,0.0,4.44,0.05
5,新北中信特攻,40|43|104|8889|10877,謝亞軒/林韋翰/貝奇/馬可/阿巴西,1,25,28.0,317.22,5.29,05:17,317.22,5.29,05:17,8.0,8.0,28.57,54.47,11.0,11.0,39.29,74.9,6.0,6.0,21.43,40.85,4.0,4.0,14.29,27.24,4.0,4.0,14.29,27.24,4.0,4.0,14.29,27.24,2.0,2.0,7.14,13.62,0.0,0.0,0.0,0.0,2.0,2.0,7.14,13.62,0.0,0.0,0.0,0.0,1.0,1.0,3.57,6.81,2.0,2.0,7.14,13.62,2.0,2.0,7.14,13.62,5.0,5.0,17.86,34.05,7.0,7.0,25.0,47.66,3.0,3.0,10.71,20.43,3.0,3.0,10.71,20.43,0.0,0.0,0.0,0.0,2.0,2.0,7.14,13.62,0.0,0.0,0.0,0.0,28.57,39.29,-10.71,127.1,-3.0,-3.0,-10.71,5.29,5.29,0.67,0.58,1.0,0.0,0.0,0.5,0.75,0.17,0.5,0.3,10.71,0.0,0.07,0.0,0.33
5,新北中信特攻,40|43|8889|10877|10880,謝亞軒/林韋翰/馬可/阿巴西/內馬,1,68,79.0,1143.77,19.06,19:04,1143.77,19.06,19:04,41.0,41.0,51.9,77.43,20.0,20.0,25.32,37.77,26.0,26.0,32.91,49.1,16.0,16.0,20.25,30.22,14.0,14.0,17.72,26.44,9.0,9.0,11.39,17.0,12.0,12.0,15.19,22.66,7.0,7.0,8.86,13.22,1.0,1.0,1.27,1.89,1.0,1.0,1.27,1.89,4.0,4.0,5.06,7.55,6.0,6.0,7.59,11.33,3.0,3.0,3.8,5.67,18.0,18.0,22.78,33.99,12.0,12.0,15.19,22.66,13.0,13.0,16.46,24.55,8.0,8.0,10.13,15.11,0.0,0.0,0.0,0.0,6.0,6.0,7.59,11.33,3.0,3.0,3.8,5.67,51.9,25.32,26.58,99.46,21.0,21.0,26.58,19.06,19.06,0.75,0.78,0.64,0.58,1.0,0.31,0.81,0.18,0.67,0.32,10.13,0.0,0.08,3.8,0.04
5,臺北台新戰神,1|5|10|10869|13400,丁聖儒/黃聰翰/雷蒙恩/基德/史東,1,13,16.0,209.47,3.49,03:29,209.47,3.49,03:29,9.0,9.0,56.25,92.81,6.0,6.0,37.5,61.87,7.0,7.0,43.75,72.18,4.0,4.0,25.0,41.25,3.0,3.0,18.75,30.94,3.0,3.0,18.75,30.94,4.0,4.0,25.0,41.25,1.0,1.0,6.25,10.31,0.0,0.0,0.0,0.0,0.0,0.0,0.0,0.0,1.0,1.0,6.25,10.31,2.0,2.0,12.5,20.62,1.0,1.0,6.25,10.31,3.0,3.0,18.75,30.94,1.0,1.0,6.25,10.31,2.0,2.0,12.5,20.62,1.0,1.0,6.25,10.31,0.0,0.0,0.0,0.0,1.0,1.0,6.25,10.31,3.0,3.0,18.75,30.94,56.25,37.5,18.75,109.99,3.0,3.0,18.75,3.49,3.49,0.64,0.64,1.0,0.25,,0.12,0.5,0.25,0.67,0.43,6.25,0.0,0.06,18.75,0.0
5,新北中信特攻,43|8889|10877|10879|10880,林韋翰/馬可/阿巴西/簡廷兆/內馬,1,10,13.0,168.01,2.8,02:48,168.01,2.8,02:48,2.0,2.0,15.38,25.71,4.0,4.0,30.77,51.42,6.0,6.0,46.15,77.14,1.0,1.0,7.69,12.86,4.0,4.0,30.77,51.42,1.0,1.0,7.69,12.86,2.0,2.0,15.38,25.71,0.0,0.0,0.0,0.0,2.0,2.0,15.38,25.71,1.0,1.0,7.69,12.86,0.0,0.0,0.0,0.0,5.0,5.0,38.46,64.28,0.0,0.0,0.0,0.0,3.0,3.0,23.08,38.57,0.0,0.0,0.0,0.0,0.0,0.0,0.0,0.0,0.0,0.0,0.0,0.0,0.0,0.0,0.0,0.0,1.0,1.0,7.69,12.86,4.0,4.0,30.77,51.42,15.38,30.77,-15.38,111.42,-2.0,-2.0,-15.38,2.8,2.8,0.17,0.15,0.25,0.0,0.5,0.0,0.0,0.0,1.0,0.62,0.0,0.0,0.08,30.77,0.33
5,臺北台新戰神,1|4|5|14|13400,丁聖儒/張兆辰/黃聰翰/錢肯尼/史東,1,1,2.0,29.0,0.48,00:29,29.0,0.48,00:29,0.0,0.0,0.0,0.0,0.0,0.0,0.0,0.0,0.0,0.0,0.0,0.0,0.0,0.0,0.0,0.0,0.0,0.0,0.0,0.0,0.0,0.0,0.0,0.0,0.0,0.0,0.0,0.0,0.0,0.0,0.0,0.0,0.0,0.0,0.0,0.0,0.0,0.0,0.0,0.0,0.0,0.0,0.0,0.0,0.0,0.0,0.0,0.0,0.0,0.0,0.0,0.0,1.0,1.0,50.0,74.48,1.0,1.0,50.0,74.48,0.0,0.0,0.0,0.0,0.0,0.0,0.0,0.0,0.0,0.0,0.0,0.0,0.0,0.0,0.0,0.0,0.0,0.0,0.0,0.0,0.0,0.0,0.0,99.31,0.0,0.0,0.0,0.48,0.48,,,,,,1.0,,0.0,,0.0,0.0,0.0,0.0,0.0,
5,臺北台新戰神,4|5|14|10863|13400,張兆辰/黃聰翰/錢肯尼/魏芃禾/史東,1,4,5.0,65.0,1.08,01:05,65.0,1.08,01:05,5.0,5.0,100.0,166.15,1.0,1.0,20.0,33.23,2.0,2.0,40.0,66.46,1.0,1.0,20.0,33.23,0.0,0.0,0.0,0.0,0.0,0.0,0.0,0.0,2.0,2.0,40.0,66.46,1.0,1.0,20.0,33.23,0.0,0.0,0.0,0.0,0.0,0.0,0.0,0.0,1.0,1.0,20.0,33.23,0.0,0.0,0.0,0.0,0.0,0.0,0.0,0.0,2.0,2.0,40.0,66.46,0.0,0.0,0.0,0.0,1.0,1.0,20.0,33.23,0.0,0.0,0.0,0.0,0.0,0.0,0.0,0.0,0.0,0.0,0.0,0.0,2.0,2.0,40.0,66.46,100.0,20.0,80.0,110.77,4.0,4.0,80.0,1.08,1.08,0.75,1.25,,0.5,,0.0,1.0,0.33,,0.33,0.0,0.0,0.0,40.0,0.0
5,新北中信特攻,43|104|10877|10879|10880,林韋翰/貝奇/阿巴西/簡廷兆/內馬,1,4,5.0,58.94,0.98,00:59,58.94,0.98,00:59,1.0,1.0,20.0,36.65,5.0,5.0,100.0,183.23,1.0,1.0,20.0,36.65,0.0,0.0,0.0,0.0,0.0,0.0,0.0,0.0,0.0,0.0,0.0,0.0,1.0,1.0,20.0,36.65,0.0,0.0,0.0,0.0,2.0,2.0,40.0,73.29,1.0,1.0,20.0,36.65,0.0,0.0,0.0,0.0,2.0,2.0,40.0,73.29,1.0,1.0,20.0,36.65,0.0,0.0,0.0,0.0,0.0,0.0,0.0,0.0,0.0,0.0,0.0,0.0,0.0,0.0,0.0,0.0,0.0,0.0,0.0,0.0,0.0,0.0,0.0,0.0,0.0,0.0,0.0,0.0,20.0,100.0,-80.0,122.16,-4.0,-4.0,-80.0,0.98,0.98,0.0,0.27,,0.0,0.5,0.0,,,0.67,0.67,0.0,0.0,0.0,0.0,2.0
5,臺北台新戰神,4|5|10|10863|10869,張兆辰/黃聰翰/雷蒙恩/魏芃禾/基德,1,7,8.0,136.0,2.27,02:16,136.0,2.27,02:16,0.0,0.0,0.0,0.0,0.0,0.0,0.0,0.0,3.0,3.0,37.5,47.65,1.0,1.0,12.5,15.88,1.0,1.0,12.5,15.88,1.0,1.0,12.5,15.88,2.0,2.0,25.0,31.76,0.0,0.0,0.0,0.0,0.0,0.0,0.0,0.0,0.0,0.0,0.0,0.0,0.0,0.0,0.0,0.0,2.0,2.0,25.0,31.76,0.0,0.0,0.0,0.0,2.0,2.0,25.0,31.76,1.0,1.0,12.5,15.88,0.0,0.0,0.0,0.0,0.0,0.0,0.0,0.0,0.0,0.0,0.0,0.0,1.0,1.0,12.5,15.88,0.0,0.0,0.0,0.0,0.0,0.0,0.0,84.71,0.0,0.0,0.0,2.27,2.27,0.33,0.0,1.0,0.0,,0.25,0.0,0.0,1.0,0.5,0.0,0.0,0.12,0.0,0.0
5,新北中信特攻,43|47|104|10879|10880,林韋翰/曾文鼎/貝奇/簡廷兆/內馬,1,18,20.0,291.66,4.86,04:52,291.66,4.86,04:52,6.0,6.0,30.0,44.44,1.0,1.0,5.0,7.41,7.0,7.0,35.0,51.84,3.0,3.0,15.0,22.22,4.0,4.0,20.0,29.62,3.0,3.0,15.0,22.22,3.0,3.0,15.0,22.22,0.0,0.0,0.0,0.0,1.0,1.0,5.0,7.41,0.0,0.0,0.0,0.0,1.0,1.0,5.0,7.41,4.0,4.0,20.0,29.62,0.0,0.0,0.0,0.0,5.0,5.0,25.0,37.03,3.0,3.0,15.0,22.22,2.0,2.0,10.0,14.81,0.0,0.0,0.0,0.0,0.0,0.0,0.0,0.0,2.0,2.0,10.0,14.81,2.0,2.0,10.0,14.81,30.0,5.0,25.0,98.75,5.0,5.0,25.0,4.86,4.86,0.43,0.4,0.75,0.0,0.0,0.29,0.67,0.17,1.0,0.5,0.0,0.0,0.1,10.0,0.14
5,臺北台新戰神,5|10|10863|10869|13400,黃聰翰/雷蒙恩/魏芃禾/基德/史東,1,4,4.0,59.46,0.99,00:59,59.46,0.99,00:59,0.0,0.0,0.0,0.0,4.0,4.0,100.0,145.31,1.0,1.0,25.0,36.33,0.0,0.0,0.0,0.0,0.0,0.0,0.0,0.0,0.0,0.0,0.0,0.0,1.0,1.0,25.0,36.33,0.0,0.0,0.0,0.0,0.0,0.0,0.0,0.0,0.0,0.0,0.0,0.0,0.0,0.0,0.0,0.0,1.0,1.0,25.0,36.33,0.0,0.0,0.0,0.0,0.0,0.0,0.0,0.0,1.0,1.0,25.0,36.33,0.0,0.0,0.0,0.0,1.0,1.0,25.0,36.33,0.0,0.0,0.0,0.0,0.0,0.0,0.0,0.0,0.0,0.0,0.0,0.0,0.0,100.0,-100.0,96.88,-4.0,-4.0,-100.0,0.99,0.99,0.0,0.0,,0.0,,0.5,,,1.0,1.0,25.0,0.0,0.0,0.0,0.0
5,臺北台新戰神,4|5|10|10863|13400,張兆辰/黃聰翰/雷蒙恩/魏芃禾/史東,1,3,4.0,37.2,0.62,00:37,37.2,0.62,00:37,0.0,0.0,0.0,0.0,0.0,0.0,0.0,0.0,1.0,1.0,25.0,58.06,0.0,0.0,0.0,0.0,0.0,0.0,0.0,0.0,0.0,0.0,0.0,0.0,1.0,1.0,25.0,58.06,0.0,0.0,0.0,0.0,0.0,0.0,0.0,0.0,0.0,0.0,0.0,0.0,0.0,0.0,0.0,0.0,1.0,1.0,25.0,58.06,1.0,1.0,25.0,58.06,2.0,2.0,50.0,116.12,0.0,0.0,0.0,0.0,0.0,0.0,0.0,0.0,0.0,0.0,0.0,0.0,0.0,0.0,0.0,0.0,1.0,1.0,25.0,58.06,1.0,1.0,25.0,58.06,0.0,0.0,0.0,154.83,0.0,0.0,0.0,0.62,0.62,0.0,0.0,,0.0,,0.0,,0.0,0.5,0.25,0.0,0.0,0.25,25.0,0.0
5,臺北台新戰神,1|4|5|10|13400,丁聖儒/張兆辰/黃聰翰/雷蒙恩/史東,1,4,4.0,59.0,0.98,00:59,59.0,0.98,00:59,1.0,1.0,25.0,36.61,2.0,2.0,50.0,73.22,0.0,0.0,0.0,0.0,0.0,0.0,0.0,0.0,0.0,0.0,0.0,0.0,0.0,0.0,0.0,0.0,0.0,0.0,0.0,0.0,0.0,0.0,0.0,0.0,2.0,2.0,50.0,73.22,1.0,1.0,25.0,36.61,0.0,0.0,0.0,0.0,1.0,1.0,25.0,36.61,0.0,0.0,0.0,0.0,0.0,0.0,0.0,0.0,1.0,1.0,25.0,36.61,1.0,1.0,25.0,36.61,1.0,1.0,25.0,36.61,0.0,0.0,0.0,0.0,1.0,1.0,25.0,36.61,0.0,0.0,0.0,0.0,25.0,50.0,-25.0,97.63,-1.0,-1.0,-25.0,0.98,0.98,,0.57,,,0.5,0.53,,,1.0,1.0,25.0,0.0,0.25,0.0,
5,新北中信特攻,40|8889|10877|10879|10880,謝亞軒/馬可/阿巴西/簡廷兆/內馬,1,11,14.0,155.02,2.58,02:35,155.02,2.58,02:35,7.0,7.0,50.0,97.53,7.0,7.0,50.0,97.53,6.0,6.0,42.86,83.6,3.0,3.0,21.43,41.8,6.0,6.0,42.86,83.6,3.0,3.0,21.43,41.8,0.0,0.0,0.0,0.0,0.0,0.0,0.0,0.0,1.0,1.0,7.14,13.93,1.0,1.0,7.14,13.93,1.0,1.0,7.14,13.93,2.0,2.0,14.29,27.87,1.0,1.0,7.14,13.93,3.0,3.0,21.43,41.8,0.0,0.0,0.0,0.0,2.0,2.0,14.29,27.87,0.0,0.0,0.0,0.0,1.0,1.0,7.14,13.93,1.0,1.0,7.14,13.93,1.0,1.0,7.14,13.93,50.0,50.0,0.0,130.04,0.0,0.0,0.0,2.58,2.58,0.5,0.54,0.5,,1.0,0.0,0.67,0.25,0.67,0.43,0.0,7.14,0.07,7.14,0.17
5,臺北台新戰神,1|5|10|14|13400,丁聖儒/黃聰翰/雷蒙恩/錢肯尼/史東,1,13,14.0,181.99,3.03,03:02,181.99,3.03,03:02,2.0,2.0,14.29,23.74,16.0,16.0,114.29,189.9,5.0,5.0,35.71,59.34,1.0,1.0,7.14,11.87,4.0,4.0,28.57,47.48,1.0,1.0,7.14,11.87,1.0,1.0,7.14,11.87,0.0,0.0,0.0,0.0,0.0,0.0,0.0,0.0,0.0,0.0,0.0,0.0,0.0,0.0,0.0,0.0,4.0,4.0,28.57,47.48,0.0,0.0,0.0,0.0,1.0,1.0,7.14,11.87,1.0,1.0,7.14,11.87,0.0,0.0,0.0,0.0,1.0,1.0,7.14,11.87,0.0,0.0,0.0,0.0,0.0,0.0,0.0,0.0,0.0,0.0,0.0,0.0,14.29,114.29,-100.0,110.78,-14.0,-14.0,-100.0,3.03,3.03,0.2,0.2,0.25,0.0,,0.17,0.0,0.0,1.0,0.8,7.14,0.0,0.0,0.0,0.0
5,臺北台新戰神,4|14|10863|10865|13400,張兆辰/錢肯尼/魏芃禾/謝銘駿/史東,1,8,9.0,88.0,1.47,01:28,88.0,1.47,01:28,0.0,0.0,0.0,0.0,5.0,5.0,55.56,122.73,1.0,1.0,11.11,24.55,0.0,0.0,0.0,0.0,1.0,1.0,11.11,24.55,0.0,0.0,0.0,0.0,0.0,0.0,0.0,0.0,0.0,0.0,0.0,0.0,0.0,0.0,0.0,0.0,0.0,0.0,0.0,0.0,0.0,0.0,0.0,0.0,1.0,1.0,11.11,24.55,0.0,0.0,0.0,0.0,1.0,1.0,11.11,24.55,3.0,3.0,33.33,73.64,0.0,0.0,0.0,0.0,2.0,2.0,22.22,49.09,0.0,0.0,0.0,0.0,0.0,0.0,0.0,0.0,0.0,0.0,0.0,0.0,0.0,55.56,-55.56,147.27,-5.0,-5.0,-55.56,1.47,1.47,0.0,0.0,0.0,,,0.75,,0.0,1.0,0.5,22.22,0.0,0.0,0.0,0.0
5,臺北台新戰神,4|10|10863|10865|10869,張兆辰/雷蒙恩/魏芃禾/謝銘駿/基德,1,2,3.0,43.0,0.72,00:43,43.0,0.72,00:43,0.0,0.0,0.0,0.0,2.0,2.0,66.67,100.47,1.0,1.0,33.33,50.23,0.0,0.0,0.0,0.0,0.0,0.0,0.0,0.0,0.0,0.0,0.0,0.0,1.0,1.0,33.33,50.23,0.0,0.0,0.0,0.0,0.0,0.0,0.0,0.0,0.0,0.0,0.0,0.0,0.0,0.0,0.0,0.0,1.0,1.0,33.33,50.23,1.0,1.0,33.33,50.23,0.0,0.0,0.0,0.0,0.0,0.0,0.0,0.0,0.0,0.0,0.0,0.0,0.0,0.0,0.0,0.0,0.0,0.0,0.0,0.0,0.0,0.0,0.0,0.0,0.0,0.0,0.0,0.0,0.0,66.67,-66.67,100.47,-2.0,-2.0,-66.67,0.72,0.72,0.0,0.0,,0.0,,0.0,,,0.5,0.5,0.0,0.0,0.0,0.0,0.0
5,臺北台新戰神,10|10863|10864|10865|10869,雷蒙恩/魏芃禾/劉彥廷/謝銘駿/基德,1,5,7.0,83.31,1.39,01:23,83.31,1.39,01:23,4.0,4.0,57.14,103.71,0.0,0.0,0.0,0.0,2.0,2.0,28.57,51.86,1.0,1.0,14.29,25.93,1.0,1.0,14.29,25.93,1.0,1.0,14.29,25.93,1.0,1.0,14.29,25.93,0.0,0.0,0.0,0.0,4.0,4.0,57.14,103.71,2.0,2.0,28.57,51.86,0.0,0.0,0.0,0.0,2.0,2.0,28.57,51.86,0.0,0.0,0.0,0.0,3.0,3.0,42.86,77.78,0.0,0.0,0.0,0.0,0.0,0.0,0.0,0.0,0.0,0.0,0.0,0.0,0.0,0.0,0.0,0.0,3.0,3.0,42.86,77.78,0.0,0.0,0.0,0.0,57.14,0.0,57.14,121.0,4.0,4.0,57.14,1.39,1.39,0.5,0.53,1.0,0.0,0.5,0.0,0.0,0.0,1.0,0.4,0.0,0.0,0.43,0.0,2.0
5,新北中信特攻,48|8889|10877|10879|10880,李沛澄/馬可/阿巴西/簡廷兆/內馬,1,1,1.0,26.31,0.44,00:26,26.31,0.44,00:26,0.0,0.0,0.0,0.0,2.0,2.0,200.0,164.21,0.0,0.0,0.0,0.0,0.0,0.0,0.0,0.0,0.0,0.0,0.0,0.0,0.0,0.0,0.0,0.0,0.0,0.0,0.0,0.0,0.0,0.0,0.0,0.0,0.0,0.0,0.0,0.0,0.0,0.0,0.0,0.0,0.0,0.0,0.0,0.0,0.0,0.0,0.0,0.0,0.0,0.0,0.0,0.0,0.0,0.0,0.0,0.0,0.0,0.0,0.0,0.0,0.0,0.0,0.0,0.0,0.0,0.0,0.0,0.0,0.0,0.0,0.0,0.0,1.0,1.0,100.0,82.11,0.0,0.0,0.0,0.0,0.0,200.0,-200.0,54.74,-2.0,-2.0,-200.0,0.44,0.44,,,,,,,,,,,0.0,0.0,1.0,0.0,
5,臺北台新戰神,5|10|10863|10864|10869,黃聰翰/雷蒙恩/魏芃禾/劉彥廷/基德,1,1,1.0,18.0,0.3,00:18,18.0,0.3,00:18,0.0,0.0,0.0,0.0,2.0,2.0,200.0,240.0,0.0,0.0,0.0,0.0,0.0,0.0,0.0,0.0,0.0,0.0,0.0,0.0,0.0,0.0,0.0,0.0,0.0,0.0,0.0,0.0,0.0,0.0,0.0,0.0,0.0,0.0,0.0,0.0,0.0,0.0,0.0,0.0,0.0,0.0,0.0,0.0,0.0,0.0,0.0,0.0,0.0,0.0,0.0,0.0,0.0,0.0,0.0,0.0,0.0,0.0,0.0,0.0,0.0,0.0,0.0,0.0,0.0,0.0,0.0,0.0,0.0,0.0,0.0,0.0,0.0,0.0,0.0,0.0,2.0,2.0,200.0,240.0,0.0,200.0,-200.0,80.0,-2.0,-2.0,-200.0,0.3,0.3,,,,,,,,,,,0.0,0.0,0.0,200.0,
5,新北中信特攻,48|104|8889|10877|10879,李沛澄/貝奇/馬可/阿巴西/簡廷兆,1,6,11.0,135.5,2.26,02:16,135.5,2.26,02:16,4.0,4.0,36.36,63.76,8.0,8.0,72.73,127.53,5.0,5.0,45.45,79.7,1.0,1.0,9.09,15.94,3.0,3.0,27.27,47.82,1.0,1.0,9.09,15.94,2.0,2.0,18.18,31.88,0.0,0.0,0.0,0.0,2.0,2.0,18.18,31.88,2.0,2.0,18.18,31.88,3.0,3.0,27.27,47.82,1.0,1.0,9.09,15.94,0.0,0.0,0.0,0.0,0.0,0.0,0.0,0.0,1.0,1.0,9.09,15.94,0.0,0.0,0.0,0.0,1.0,1.0,9.09,15.94,0.0,0.0,0.0,0.0,1.0,1.0,9.09,15.94,3.0,3.0,27.27,47.82,36.36,72.73,-36.36,116.9,-4.0,-4.0,-36.36,2.26,2.26,0.2,0.34,0.33,0.0,1.0,0.15,0.0,1.0,1.0,1.0,9.09,0.0,0.09,27.27,0.4
5,臺北台新戰神,1|5|10|10864|10869,丁聖儒/黃聰翰/雷蒙恩/劉彥廷/基德,1,9,14.0,182.2,3.04,03:02,182.2,3.04,03:02,8.0,8.0,57.14,94.84,7.0,7.0,50.0,82.99,3.0,3.0,21.43,35.57,2.0,2.0,14.29,23.71,1.0,1.0,7.14,11.86,1.0,1.0,7.14,11.86,2.0,2.0,14.29,23.71,1.0,1.0,7.14,11.86,3.0,3.0,21.43,35.57,3.0,3.0,21.43,35.57,0.0,0.0,0.0,0.0,1.0,1.0,7.14,11.86,3.0,3.0,21.43,35.57,1.0,1.0,7.14,11.86,2.0,2.0,14.29,23.71,0.0,0.0,0.0,0.0,2.0,2.0,14.29,23.71,0.0,0.0,0.0,0.0,1.0,1.0,7.14,11.86,0.0,0.0,0.0,0.0,57.14,50.0,7.14,110.65,1.0,1.0,7.14,3.04,3.04,0.83,0.93,1.0,0.5,1.0,0.32,0.0,0.0,0.25,0.2,14.29,0.0,0.07,0.0,1.0
5,臺北台新戰神,1|4|5|10|10864,丁聖儒/張兆辰/黃聰翰/雷蒙恩/劉彥廷,1,1,1.0,0.0,0.0,00:00,0.0,0.0,00:00,0.0,0.0,0.0,,0.0,0.0,0.0,,0.0,0.0,0.0,,0.0,0.0,0.0,,0.0,0.0,0.0,,0.0,0.0,0.0,,0.0,0.0,0.0,,0.0,0.0,0.0,,0.0,0.0,0.0,,0.0,0.0,0.0,,0.0,0.0,0.0,,0.0,0.0,0.0,,0.0,0.0,0.0,,0.0,0.0,0.0,,0.0,0.0,0.0,,0.0,0.0,0.0,,0.0,0.0,0.0,,0.0,0.0,0.0,,0.0,0.0,0.0,,0.0,0.0,0.0,,0.0,0.0,0.0,,0.0,0.0,0.0,0.0,0.0,,,,,,,,,,,0.0,0.0,0.0,0.0,
5,新北中信特攻,47|48|104|10879|10880,曾文鼎/李沛澄/貝奇/簡廷兆/內馬,1,1,1.0,1.0,0.02,00:01,1.0,0.02,00:01,0.0,0.0,0.0,0.0,0.0,0.0,0.0,0.0,0.0,0.0,0.0,0.0,0.0,0.0,0.0,0.0,0.0,0.0,0.0,0.0,0.0,0.0,0.0,0.0,0.0,0.0,0.0,0.0,0.0,0.0,0.0,0.0,0.0,0.0,0.0,0.0,0.0,0.0,0.0,0.0,0.0,0.0,0.0,0.0,0.0,0.0,0.0,0.0,0.0,0.0,0.0,0.0,0.0,0.0,0.0,0.0,1.0,1.0,100.0,2160.0,0.0,0.0,0.0,0.0,0.0,0.0,0.0,0.0,0.0,0.0,0.0,0.0,0.0,0.0,0.0,0.0,0.0,0.0,0.0,0.0,0.0,0.0,0.0,1440.0,0.0,0.0,0.0,0.02,0.02,,,,,,1.0,,,,,0.0,0.0,0.0,0.0,
5,新北中信特攻,40|43|47|104|10880,謝亞軒/林韋翰/曾文鼎/貝奇/內馬,1,12,14.0,226.92,3.78,03:47,226.92,3.78,03:47,8.0,8.0,57.14,76.15,3.0,3.0,21.43,28.56,5.0,5.0,35.71,47.59,3.0,3.0,21.43,28.56,2.0,2.0,14.29,19.04,1.0,1.0,7.14,9.52,3.0,3.0,21.43,28.56,2.0,2.0,14.29,19.04,2.0,2.0,14.29,19.04,0.0,0.0,0.0,0.0,0.0,0.0,0.0,0.0,2.0,2.0,14.29,19.04,1.0,1.0,7.14,9.52,3.0,3.0,21.43,28.56,1.0,1.0,7.14,9.52,3.0,3.0,21.43,28.56,0.0,0.0,0.0,0.0,0.0,0.0,0.0,0.0,2.0,2.0,14.29,19.04,0.0,0.0,0.0,0.0,57.14,21.43,35.71,88.84,5.0,5.0,35.71,3.78,3.78,0.8,0.68,0.5,0.67,0.0,0.15,1.0,0.0,0.67,0.33,0.0,0.0,0.14,0.0,0.4
5,臺北台新戰神,1|4|5|10|10869,丁聖儒/張兆辰/黃聰翰/雷蒙恩/基德,1,4,5.0,73.0,1.22,01:13,73.0,1.22,01:13,0.0,0.0,0.0,0.0,0.0,0.0,0.0,0.0,1.0,1.0,20.0,29.59,0.0,0.0,0.0,0.0,1.0,1.0,20.0,29.59,0.0,0.0,0.0,0.0,0.0,0.0,0.0,0.0,0.0,0.0,0.0,0.0,0.0,0.0,0.0,0.0,0.0,0.0,0.0,0.0,0.0,0.0,0.0,0.0,1.0,1.0,20.0,29.59,0.0,0.0,0.0,0.0,2.0,2.0,40.0,59.18,1.0,1.0,20.0,29.59,0.0,0.0,0.0,0.0,1.0,1.0,20.0,29.59,0.0,0.0,0.0,0.0,1.0,1.0,20.0,29.59,0.0,0.0,0.0,0.0,0.0,0.0,0.0,98.63,0.0,0.0,0.0,1.22,1.22,0.0,0.0,0.0,,,0.5,,0.0,1.0,0.33,20.0,0.0,0.2,0.0,0.0
5,臺北台新戰神,1|4|5|14|10864,丁聖儒/張兆辰/黃聰翰/錢肯尼/劉彥廷,1,3,4.0,94.0,1.57,01:34,94.0,1.57,01:34,3.0,3.0,75.0,68.94,3.0,3.0,75.0,68.94,3.0,3.0,75.0,68.94,1.0,1.0,25.0,22.98,0.0,0.0,0.0,0.0,0.0,0.0,0.0,0.0,3.0,3.0,75.0,68.94,1.0,1.0,25.0,22.98,0.0,0.0,0.0,0.0,0.0,0.0,0.0,0.0,1.0,1.0,25.0,22.98,1.0,1.0,25.0,22.98,0.0,0.0,0.0,0.0,0.0,0.0,0.0,0.0,0.0,0.0,0.0,0.0,0.0,0.0,0.0,0.0,0.0,0.0,0.0,0.0,0.0,0.0,0.0,0.0,0.0,0.0,0.0,0.0,0.0,0.0,0.0,0.0,75.0,75.0,0.0,61.28,0.0,0.0,0.0,1.57,1.57,0.5,0.5,,0.33,,0.0,0.0,1.0,1.0,1.0,0.0,0.0,0.0,0.0,0.0
5,臺北台新戰神,1|4|5|14|10869,丁聖儒/張兆辰/黃聰翰/錢肯尼/基德,1,5,5.0,112.13,1.87,01:52,112.13,1.87,01:52,2.0,2.0,40.0,38.53,0.0,0.0,0.0,0.0,2.0,2.0,40.0,38.53,1.0,1.0,20.0,19.26,2.0,2.0,40.0,38.53,1.0,1.0,20.0,19.26,0.0,0.0,0.0,0.0,0.0,0.0,0.0,0.0,0.0,0.0,0.0,0.0,0.0,0.0,0.0,0.0,0.0,0.0,0.0,0.0,1.0,1.0,20.0,19.26,0.0,0.0,0.0,0.0,0.0,0.0,0.0,0.0,0.0,0.0,0.0,0.0,0.0,0.0,0.0,0.0,0.0,0.0,0.0,0.0,0.0,0.0,0.0,0.0,1.0,1.0,20.0,19.26,2.0,2.0,40.0,38.53,40.0,0.0,40.0,64.21,2.0,2.0,40.0,1.87,1.87,0.5,0.5,0.5,,,0.0,0.0,,1.0,1.0,0.0,0.0,0.2,40.0,0.0
5,臺北台新戰神,1|5|14|10869|13400,丁聖儒/黃聰翰/錢肯尼/基德/史東,1,2,2.0,33.0,0.55,00:33,33.0,0.55,00:33,0.0,0.0,0.0,0.0,0.0,0.0,0.0,0.0,1.0,1.0,50.0,65.45,0.0,0.0,0.0,0.0,1.0,1.0,50.0,65.45,0.0,0.0,0.0,0.0,0.0,0.0,0.0,0.0,0.0,0.0,0.0,0.0,0.0,0.0,0.0,0.0,0.0,0.0,0.0,0.0,0.0,0.0,0.0,0.0,1.0,1.0,50.0,65.45,0.0,0.0,0.0,0.0,0.0,0.0,0.0,0.0,0.0,0.0,0.0,0.0,0.0,0.0,0.0,0.0,0.0,0.0,0.0,0.0,0.0,0.0,0.0,0.0,1.0,1.0,50.0,65.45,0.0,0.0,0.0,0.0,0.0,0.0,0.0,87.27,0.0,0.0,0.0,0.55,0.55,0.0,0.0,0.0,,,0.0,,,1.0,1.0,0.0,0.0,0.5,0.0,0.0
5,臺北台新戰神,1|5|14|10865|10869,丁聖儒/黃聰翰/錢肯尼/謝銘駿/基德,1,12,17.0,204.52,3.41,03:25,204.52,3.41,03:25,7.0,7.0,41.18,73.93,6.0,6.0,35.29,63.37,8.0,8.0,47.06,84.49,2.0,2.0,11.76,21.12,3.0,3.0,17.65,31.68,0.0,0.0,0.0,0.0,5.0,5.0,29.41,52.81,2.0,2.0,11.76,21.12,1.0,1.0,5.88,10.56,1.0,1.0,5.88,10.56,1.0,1.0,5.88,10.56,5.0,5.0,29.41,52.81,1.0,1.0,5.88,10.56,0.0,0.0,0.0,0.0,0.0,0.0,0.0,0.0,2.0,2.0,11.76,21.12,0.0,0.0,0.0,0.0,0.0,0.0,0.0,0.0,0.0,0.0,0.0,0.0,1.0,1.0,5.88,10.56,41.18,35.29,5.88,119.69,1.0,1.0,5.88,3.41,3.41,0.38,0.41,0.0,0.4,1.0,0.0,1.0,1.0,0.83,0.86,0.0,0.0,0.0,5.88,0.12
5,臺北台新戰神,4|5|14|10865|10869,張兆辰/黃聰翰/錢肯尼/謝銘駿/基德,1,1,1.0,7.0,0.12,00:07,7.0,0.12,00:07,0.0,0.0,0.0,0.0,0.0,0.0,0.0,0.0,0.0,0.0,0.0,0.0,0.0,0.0,0.0,0.0,0.0,0.0,0.0,0.0,0.0,0.0,0.0,0.0,0.0,0.0,0.0,0.0,0.0,0.0,0.0,0.0,0.0,0.0,0.0,0.0,0.0,0.0,0.0,0.0,0.0,0.0,0.0,0.0,0.0,0.0,0.0,0.0,0.0,0.0,0.0,0.0,0.0,0.0,0.0,0.0,0.0,0.0,0.0,0.0,0.0,0.0,0.0,0.0,0.0,0.0,0.0,0.0,0.0,0.0,0.0,0.0,0.0,0.0,0.0,0.0,0.0,0.0,0.0,0.0,0.0,0.0,0.0,205.71,0.0,0.0,0.0,0.12,0.12,,,,,,,,,,,0.0,0.0,0.0,0.0,
5,臺北台新戰神,10|14|10863|10864|10865,雷蒙恩/錢肯尼/魏芃禾/劉彥廷/謝銘駿,1,2,2.0,38.0,0.63,00:38,38.0,0.63,00:38,0.0,0.0,0.0,0.0,2.0,2.0,100.0,113.68,0.0,0.0,0.0,0.0,0.0,0.0,0.0,0.0,0.0,0.0,0.0,0.0,0.0,0.0,0.0,0.0,0.0,0.0,0.0,0.0,0.0,0.0,0.0,0.0,0.0,0.0,0.0,0.0,0.0,0.0,0.0,0.0,0.0,0.0,0.0,0.0,0.0,0.0,0.0,0.0,0.0,0.0,0.0,0.0,0.0,0.0,0.0,0.0,1.0,1.0,50.0,56.84,0.0,0.0,0.0,0.0,1.0,1.0,50.0,56.84,0.0,0.0,0.0,0.0,0.0,0.0,0.0,0.0,0.0,0.0,0.0,0.0,0.0,100.0,-100.0,75.79,-2.0,-2.0,-100.0,0.63,0.63,,,,,,1.0,,,,,50.0,0.0,0.0,0.0,
5,臺北台新戰神,2|4|10863|10864|10865,江均/張兆辰/魏芃禾/劉彥廷/謝銘駿,1,4,7.0,85.63,1.43,01:26,85.63,1.43,01:26,2.0,2.0,28.57,50.45,3.0,3.0,42.86,75.67,3.0,3.0,42.86,75.67,1.0,1.0,14.29,25.22,2.0,2.0,28.57,50.45,1.0,1.0,14.29,25.22,1.0,1.0,14.29,25.22,0.0,0.0,0.0,0.0,0.0,0.0,0.0,0.0,0.0,0.0,0.0,0.0,1.0,1.0,14.29,25.22,1.0,1.0,14.29,25.22,1.0,1.0,14.29,25.22,0.0,0.0,0.0,0.0,0.0,0.0,0.0,0.0,0.0,0.0,0.0,0.0,0.0,0.0,0.0,0.0,0.0,0.0,0.0,0.0,0.0,0.0,0.0,0.0,1.0,1.0,14.29,25.22,28.57,42.86,-14.29,117.71,-1.0,-1.0,-14.29,1.43,1.43,0.33,0.33,0.5,0.0,,0.0,0.0,1.0,0.5,0.67,0.0,0.0,0.0,14.29,0.0
5,新北中信特攻,40|43|48|104|10880,謝亞軒/林韋翰/李沛澄/貝奇/內馬,1,1,2.0,25.0,0.42,00:25,25.0,0.42,00:25,0.0,0.0,0.0,0.0,2.0,2.0,100.0,172.8,0.0,0.0,0.0,0.0,0.0,0.0,0.0,0.0,0.0,0.0,0.0,0.0,0.0,0.0,0.0,0.0,0.0,0.0,0.0,0.0,0.0,0.0,0.0,0.0,0.0,0.0,0.0,0.0,0.0,0.0,0.0,0.0,0.0,0.0,0.0,0.0,0.0,0.0,0.0,0.0,1.0,1.0,50.0,86.4,0.0,0.0,0.0,0.0,0.0,0.0,0.0,0.0,0.0,0.0,0.0,0.0,0.0,0.0,0.0,0.0,0.0,0.0,0.0,0.0,0.0,0.0,0.0,0.0,0.0,0.0,0.0,0.0,0.0,100.0,-100.0,115.2,-2.0,-2.0,-100.0,0.42,0.42,,,,,,,,,0.0,0.0,0.0,0.0,0.0,0.0,
5,新北中信特攻,39|48|104|10879|10880,魏嘉豪/李沛澄/貝奇/簡廷兆/內馬,1,3,5.0,60.63,1.01,01:01,60.63,1.01,01:01,3.0,3.0,60.0,106.88,0.0,0.0,0.0,0.0,2.0,2.0,40.0,71.25,1.0,1.0,20.0,35.63,1.0,1.0,20.0,35.63,0.0,0.0,0.0,0.0,1.0,1.0,20.0,35.63,1.0,1.0,20.0,35.63,1.0,1.0,20.0,35.63,0.0,0.0,0.0,0.0,1.0,1.0,20.0,35.63,0.0,0.0,0.0,0.0,0.0,0.0,0.0,0.0,1.0,1.0,20.0,35.63,1.0,1.0,20.0,35.63,1.0,1.0,20.0,35.63,0.0,0.0,0.0,0.0,0.0,0.0,0.0,0.0,0.0,0.0,0.0,0.0,0.0,0.0,0.0,0.0,60.0,0.0,60.0,118.75,3.0,3.0,60.0,1.01,1.01,0.75,0.61,0.0,1.0,0.0,0.29,1.0,0.5,,0.5,0.0,0.0,0.0,0.0,0.5
